Customer_id,Order_id,Order_date,Order_amount
CUST00001,ORDF60D29D8,5/17/2023,383.31
CUST00001,ORD18AFDB98,10/22/2023,343.37
CUST00001,ORD5D9E695B,8/13/2024,301.95
CUST00001,ORD04746CE6,2/23/2024,395.81
CUST00001,ORDA9276CFE,1/29/2025,267.5
CUST00001,ORD5466C030,6/20/2024,268.8
CUST00001,ORDDD14302D,2/21/2025,187.27
CUST00002,ORDACA56034,4/11/2024,64.98
CUST00002,ORD77DD9087,9/2/2024,416.1
CUST00002,ORD2991E384,8/22/2024,452.42
CUST00002,ORD27C5A2FD,4/11/2025,109.06
CUST00002,ORD58AAE068,9/11/2024,272.96
CUST00002,ORD49F4493D,5/7/2024,90.62
CUST00002,ORDE75CA54D,11/29/2024,428.7
CUST00002,ORD64BD9E7E,4/20/2024,226.5
CUST00002,ORD184A997C,3/14/2024,343.34
CUST00002,ORDED0CA75B,5/26/2024,361.29
CUST00002,ORDE0A0BE37,7/14/2024,249.53
CUST00002,ORDC6FEDE8C,10/11/2024,450.46
CUST00002,ORDFB528983,11/11/2024,228.29
CUST00002,ORDA5D5FB46,4/14/2025,37.26
CUST00002,ORD8DB832FF,12/23/2024,74.65
CUST00002,ORD250B1555,3/9/2024,213.56
CUST00002,ORDE4876B70,2/20/2024,286.32
CUST00002,ORDDB7A7E0F,1/24/2025,283.81
CUST00002,ORDCECC57A6,2/23/2024,339.66
CUST00003,ORD35188BB4,6/19/2024,364.41
CUST00003,ORDDB1197E6,4/3/2025,204.01
CUST00003,ORDAF3BC9A6,4/21/2024,410.06
CUST00003,ORD7F06FD7E,10/15/2024,375.44
CUST00003,ORD48D7F01A,9/6/2024,293.37
CUST00003,ORDC8CFA219,6/4/2024,32.19
CUST00003,ORD3B078F91,9/14/2024,178.82
CUST00003,ORDFAF60F87,4/22/2025,41.24
CUST00003,ORD67AB0F9F,5/23/2024,497.12
CUST00003,ORD2B3809C9,11/16/2024,467.95
CUST00004,ORDA7955B77,2/27/2025,493.21
CUST00004,ORDD9FE6A22,2/26/2025,241.31
CUST00004,ORD8E95FFA8,6/15/2024,150.67
CUST00005,ORDAF0BC2FF,3/7/2025,386.8
CUST00005,ORD241C6233,2/2/2025,385.26
CUST00005,ORD5AFF3888,7/5/2024,489.38
CUST00005,ORD7EF60315,12/20/2024,326.48
CUST00005,ORD525CED35,8/30/2024,215.98
CUST00005,ORDC4E8CECA,1/14/2025,496.5
CUST00006,ORD34B8612B,4/16/2024,229.78
CUST00006,ORDD5778750,10/25/2023,459.39
CUST00006,ORD1224A58A,8/4/2023,194.97
CUST00006,ORD0DCF0124,2/14/2024,49.32
CUST00006,ORD4A08FC20,1/9/2025,482.43
CUST00006,ORD27BA551F,1/10/2025,438.53
CUST00006,ORD9AF74557,11/27/2023,75.17
CUST00006,ORD4DFB05D7,7/20/2023,431.54
CUST00006,ORD3F3244F9,12/31/2023,68.13
CUST00006,ORDF430B231,12/14/2024,496.49
CUST00006,ORDF2AC40C2,3/15/2025,202.6
CUST00006,ORDDAE9E8F5,1/1/2024,72.4
CUST00006,ORD08E70B41,10/16/2023,489.57
CUST00007,ORD5745D6E0,3/10/2025,380.53
CUST00008,ORD8E0AB555,4/9/2025,236.87
CUST00008,ORD6C18B970,7/13/2024,362.36
CUST00008,ORDBAE31285,7/9/2024,217.82
CUST00008,ORD5B5BD68D,1/2/2025,195.85
CUST00008,ORDDC19C049,12/26/2024,122.54
CUST00008,ORDBD4117B0,1/5/2024,235.71
CUST00008,ORD79B0784C,4/16/2025,86.01
CUST00008,ORDBE4F6B62,4/1/2025,102.36
CUST00008,ORD58A06927,4/25/2024,438.85
CUST00008,ORD98423D25,3/25/2024,385.09
CUST00009,ORD00F827A0,4/3/2024,406.64
CUST00009,ORD977565CC,12/8/2023,215.43
CUST00010,ORDCE6F810A,1/10/2024,127.93
CUST00011,ORD2AC2AA39,7/13/2023,59.44
CUST00011,ORD4FB39358,2/9/2024,26.45
CUST00011,ORDD255F450,2/22/2024,302.91
CUST00012,ORDAF324B31,1/14/2024,129.92
CUST00012,ORDD0D35232,9/13/2023,31.68
CUST00013,ORD12A4C081,12/11/2024,124.83
CUST00013,ORD17EFED8E,3/21/2025,116.46
CUST00013,ORD6DF60620,1/30/2025,433.23
CUST00013,ORDA4669F4D,10/14/2024,37.66
CUST00013,ORD52902E0A,8/23/2024,256.91
CUST00013,ORD4257392F,3/26/2025,151.74
CUST00013,ORDEB5FDEE6,6/30/2024,409.74
CUST00013,ORDB3C4CAE9,2/5/2024,368.44
CUST00013,ORD78EB2387,2/21/2025,166.26
CUST00013,ORD69EEE3A0,12/4/2024,302.98
CUST00013,ORDFD823A67,8/24/2024,339.54
CUST00013,ORDDF248B14,7/16/2024,167.13
CUST00013,ORD0DBD2D7D,2/3/2024,157.86
CUST00013,ORD0590FB94,2/2/2024,80.2
CUST00013,ORD89A91EB2,1/18/2025,333.5
CUST00014,ORD694B9FBA,11/10/2024,212.64
CUST00014,ORDA1404203,10/19/2024,144.83
CUST00014,ORD3052FB6B,7/28/2024,282.79
CUST00014,ORD61CDC4E3,3/30/2025,299.92
CUST00014,ORDBF132E0C,4/19/2024,370.25
CUST00014,ORD070B2EE2,1/19/2025,95.82
CUST00014,ORD24536D5E,7/3/2024,342.59
CUST00014,ORDFD634C55,1/6/2025,282.37
CUST00015,ORD2C33A657,8/22/2024,486.42
CUST00015,ORD77A15E1A,12/11/2024,471.38
CUST00016,ORDE19285F2,8/19/2024,395.04
CUST00016,ORDC079AA27,10/9/2024,166.18
CUST00016,ORDE453A44F,8/14/2024,214
CUST00016,ORDEB38F8B9,10/18/2024,83.12
CUST00016,ORD8C681BEE,11/20/2024,194.47
CUST00016,ORDF528AAA4,1/28/2025,379.66
CUST00016,ORDC0163DE1,12/15/2024,242.02
CUST00016,ORD1786C135,5/5/2024,426.18
CUST00016,ORD89DC3466,8/15/2024,157.36
CUST00016,ORD5CB85441,10/11/2024,356.71
CUST00016,ORD25BD9455,3/14/2025,404.83
CUST00016,ORD67055E1F,1/27/2025,458.22
CUST00016,ORDDEF50A6B,6/8/2024,285.57
CUST00017,ORDB82C02F0,8/19/2024,283.07
CUST00017,ORDCA485F8C,7/16/2024,75.71
CUST00017,ORD6BD6703C,8/13/2024,129
CUST00017,ORDEF9AB2BA,4/26/2024,109.63
CUST00017,ORDECB07506,8/15/2024,326.89
CUST00017,ORDE89888FD,4/28/2024,461.89
CUST00017,ORD174F50AB,12/15/2024,425.1
CUST00017,ORDAC3268CD,12/28/2024,55.31
CUST00017,ORDF99D69BE,6/5/2024,365.05
CUST00017,ORD2698BB2B,2/11/2025,103.34
CUST00017,ORDB51E19EC,6/24/2024,141.55
CUST00017,ORD05CA6AD1,3/6/2024,340.1
CUST00017,ORD9C19CA84,8/8/2024,305.43
CUST00017,ORD25FA5DE9,3/3/2025,438.07
CUST00018,ORDCEE2B0A3,9/14/2024,404.28
CUST00018,ORD3A632CCA,5/1/2024,297.92
CUST00018,ORD822B21FA,2/14/2025,339.01
CUST00018,ORD02FA5CAE,2/6/2025,116.34
CUST00018,ORD0051C743,2/17/2025,112.36
CUST00018,ORD99BB1A3B,9/13/2024,454.45
CUST00018,ORDC55C9A2F,1/5/2025,158.56
CUST00019,ORD418B72BB,12/16/2024,113.79
CUST00020,ORD7387FBCF,6/3/2024,481.42
CUST00020,ORDEF2DBE86,1/20/2024,67.48
CUST00020,ORDFD46320C,5/14/2024,499.79
CUST00020,ORD0427F8F6,8/7/2023,244.67
CUST00020,ORDDA828EB8,8/29/2023,128.87
CUST00020,ORDC7322DED,8/19/2024,306.16
CUST00020,ORDAD24615C,9/12/2024,110.21
CUST00021,ORDFF5B53CC,3/15/2025,280.52
CUST00021,ORD35E8AA76,3/22/2025,390
CUST00021,ORDBCE5AB3E,1/21/2025,196.52
CUST00021,ORD317DD3D0,4/11/2025,271.49
CUST00021,ORD545F0175,11/24/2024,186.04
CUST00021,ORD0280BE4F,1/11/2025,138.17
CUST00021,ORD80ABCCB0,5/24/2024,261.28
CUST00021,ORDA88AD88A,4/28/2024,253.67
CUST00022,ORD940910B0,10/19/2024,403.38
CUST00022,ORD85D9E24B,10/10/2023,363.98
CUST00022,ORDD223F505,1/6/2024,383.2
CUST00022,ORD4A1DCF67,2/25/2025,166.91
CUST00023,ORDF9EC0309,1/9/2024,191.65
CUST00023,ORD959F150D,4/11/2024,212.83
CUST00023,ORD6ABDC140,1/18/2025,285.64
CUST00023,ORD22E2C74F,10/17/2024,118.42
CUST00023,ORDFEAB44B0,2/18/2025,81.5
CUST00023,ORDE9FEBC7D,2/17/2024,137.78
CUST00023,ORDB1A6B343,10/18/2023,468.03
CUST00024,ORDD2AF2678,2/3/2025,362.81
CUST00024,ORD157DE520,12/3/2024,154.64
CUST00024,ORD31C35261,11/5/2023,106.13
CUST00024,ORDFE40DA63,10/18/2024,122.71
CUST00024,ORDF7EA081A,2/10/2024,289.2
CUST00024,ORDB05A1B59,9/9/2023,130.41
CUST00024,ORDF5C60BCE,9/27/2024,279.81
CUST00024,ORDFFC7A2D1,8/10/2023,472.3
CUST00024,ORD5F05B265,3/8/2024,175.41
CUST00024,ORD5AF3020F,11/23/2023,384.05
CUST00024,ORD5D006169,11/1/2024,249.42
CUST00024,ORDEFCC4D84,3/15/2024,364.54
CUST00024,ORD7FE1E3C6,11/3/2024,372.4
CUST00024,ORD3B7B099B,9/29/2024,235.81
CUST00024,ORDBB58EEDF,7/12/2024,369.06
CUST00024,ORD174D22CA,10/10/2024,182.57
CUST00024,ORDE151307F,3/28/2025,78.58
CUST00024,ORDE9E9343A,2/23/2024,277.81
CUST00024,ORDDB9EF3D8,3/19/2024,100.18
CUST00025,ORD960BD43C,8/6/2024,495.26
CUST00025,ORD29791C16,5/18/2024,479.05
CUST00025,ORD4AA8B2D8,1/17/2025,266.73
CUST00025,ORDF41D9789,12/13/2024,421.14
CUST00025,ORDA3513290,8/30/2024,46.42
CUST00025,ORD019BF634,3/24/2025,410.82
CUST00025,ORD1EF2C7F8,12/13/2024,33.77
CUST00025,ORD6EE788D5,10/21/2024,13.13
CUST00025,ORDF49AB658,4/12/2025,77.37
CUST00025,ORD68323EA0,3/14/2025,319.04
CUST00025,ORD0A9B7E2C,11/16/2024,43.3
CUST00025,ORD7F7B63CE,9/14/2024,84
CUST00025,ORD0AFD5F93,11/7/2024,117.17
CUST00025,ORDFC4008E0,7/6/2024,233.44
CUST00025,ORD8C8B8B58,8/24/2024,39.62
CUST00025,ORDE204B7B2,5/13/2024,322.49
CUST00025,ORD7ED3092B,4/23/2025,467.61
CUST00025,ORD6E4EC21C,3/29/2024,457.25
CUST00026,ORDB8BDF55A,4/27/2025,17.71
CUST00026,ORDE892DE1D,4/28/2024,270.78
CUST00026,ORD38746946,5/19/2024,211.56
CUST00026,ORD4B8C1F9C,6/19/2024,18.2
CUST00026,ORDD11FAEEA,3/29/2025,363.87
CUST00026,ORD02E17D41,3/14/2024,272.51
CUST00026,ORDC384DD21,6/1/2024,150.48
CUST00026,ORD275AD654,3/5/2024,256.09
CUST00026,ORD79282A80,3/14/2024,351.95
CUST00026,ORD9B932FD8,5/2/2024,220.98
CUST00026,ORD7EF14F24,10/28/2024,470.46
CUST00026,ORD77D80175,4/24/2025,97.84
CUST00026,ORD00C07B48,10/4/2024,459.84
CUST00026,ORD630A9F06,4/27/2025,266.95
CUST00026,ORD6A772C25,12/6/2024,128.07
CUST00026,ORDC6C4058B,11/27/2024,313.69
CUST00027,ORD48945BE2,2/14/2025,409.46
CUST00027,ORD276B0B8F,11/15/2024,140.99
CUST00027,ORD88B59FCA,10/8/2024,204.48
CUST00027,ORD3E2BE2F5,11/2/2024,192.8
CUST00027,ORD04AEC9DC,3/26/2025,208.95
CUST00027,ORDF9E5274E,1/22/2024,286.85
CUST00027,ORDC55B447D,1/3/2024,495.21
CUST00027,ORD1C649755,12/8/2024,120.67
CUST00027,ORDE1CCBA37,3/9/2025,345.18
CUST00028,ORDDD86C9BD,3/21/2024,330.33
CUST00028,ORD2966C0F4,8/25/2024,430.53
CUST00028,ORD5CB6CBF2,2/24/2025,382.2
CUST00029,ORD9792E337,12/29/2024,208.59
CUST00029,ORD31960B3C,5/4/2024,194.81
CUST00029,ORD0475DB6C,11/10/2024,243.24
CUST00030,ORD31F304CA,5/6/2024,354.39
CUST00031,ORDE71FB396,12/8/2023,254.93
CUST00031,ORD55855AB8,3/26/2024,222.62
CUST00031,ORD6CC487BC,12/26/2024,394.34
CUST00032,ORD78E00002,1/21/2025,488.89
CUST00032,ORDF361010E,11/11/2024,487.18
CUST00032,ORDEF7C2073,5/7/2024,448.45
CUST00032,ORDA6EBE5A5,2/9/2024,460.38
CUST00032,ORDB10DDD6B,2/1/2025,122.59
CUST00032,ORDD86D8EC2,2/19/2024,451.62
CUST00032,ORD4514CD2C,4/24/2025,349.22
CUST00032,ORDDC14B53F,9/21/2024,287.72
CUST00032,ORD7BC6B9B5,3/20/2025,142.84
CUST00032,ORDECD93936,3/29/2024,462.84
CUST00032,ORD834DA4B3,8/28/2024,345.37
CUST00032,ORD30C2A353,5/29/2024,147.38
CUST00032,ORD8B91790F,2/18/2024,276.09
CUST00032,ORDFF9645AB,9/29/2024,332.47
CUST00032,ORD1AD647F8,3/12/2024,97.88
CUST00032,ORD547E143C,1/24/2025,426.71
CUST00032,ORDD3F4CC96,5/25/2024,17.67
CUST00032,ORD761576B7,3/18/2025,111.51
CUST00032,ORDE5CC7B5B,2/14/2025,80.65
CUST00033,ORD8DA5F170,4/6/2024,465.15
CUST00033,ORD544A68DE,8/21/2024,156.65
CUST00033,ORD929006B3,7/19/2024,286.34
CUST00033,ORD4366DE53,8/29/2024,287.68
CUST00033,ORD3C3C7DEE,11/29/2024,426.23
CUST00033,ORD7BAB0554,12/31/2024,341.75
CUST00033,ORD7E7BB551,4/20/2024,274.88
CUST00033,ORDB3CF5790,1/20/2024,198.08
CUST00033,ORDEDA2E390,3/12/2025,372.48
CUST00033,ORDAB005124,4/13/2024,397.34
CUST00033,ORDE617B4C7,5/27/2024,347.76
CUST00033,ORD7F72DE39,11/14/2023,48.43
CUST00033,ORD1275CFDE,9/11/2024,375.27
CUST00034,ORDCD531376,9/20/2023,36.31
CUST00034,ORDA86D9F0B,10/24/2024,224.17
CUST00034,ORD5B6F04C0,10/31/2024,420.95
CUST00034,ORD823C4399,8/5/2023,176.89
CUST00034,ORD7DC6F76E,2/2/2025,386.81
CUST00034,ORD85894C1F,10/22/2024,477.88
CUST00034,ORD5C112A70,9/21/2024,204.38
CUST00034,ORD1C670B5D,2/27/2025,389.04
CUST00034,ORDB9EDC3C0,8/5/2023,24.52
CUST00034,ORD577BA56F,1/29/2024,143.93
CUST00034,ORD9334E0E0,10/26/2023,496.37
CUST00034,ORDD76AAEFE,7/16/2024,250.4
CUST00035,ORD09B7BA8A,11/12/2023,280.99
CUST00035,ORD143B6528,1/29/2024,193.96
CUST00035,ORDAD9E2899,5/6/2023,101.01
CUST00035,ORD2BF63095,7/28/2024,297.08
CUST00035,ORD59A4CA41,1/13/2025,196.24
CUST00035,ORDD44C2EFB,12/5/2023,388.36
CUST00035,ORD4B25AD49,9/27/2023,154.74
CUST00035,ORD1BA50B37,12/26/2024,130.76
CUST00035,ORD9F6B5866,6/17/2023,46.02
CUST00035,ORDC2964E42,7/26/2024,141.31
CUST00035,ORD461C2C8F,12/14/2024,196.2
CUST00035,ORD7AE3E4D2,10/26/2024,394.11
CUST00036,ORD02C02578,11/6/2023,372.43
CUST00036,ORD2C290C16,5/23/2024,165.17
CUST00036,ORDE7F15499,8/31/2024,62.21
CUST00036,ORDCEAD55D6,6/14/2024,12.55
CUST00036,ORD13FE9763,8/11/2024,161.05
CUST00037,ORD3F75698A,5/1/2024,383.06
CUST00037,ORDAADEBFBB,4/26/2024,60.09
CUST00037,ORDD3A416FF,1/2/2024,52.78
CUST00037,ORDA8B653E0,11/24/2024,221.18
CUST00037,ORD34C93CF1,1/31/2024,282.92
CUST00037,ORD175ADBC8,11/24/2024,261.1
CUST00037,ORD73AC077F,6/14/2024,60.61
CUST00037,ORD0E3522D7,2/27/2024,53.91
CUST00037,ORDE1D1FB9D,11/5/2024,281.57
CUST00037,ORDEF1987A9,3/2/2024,302.49
CUST00037,ORD62173867,8/24/2024,394.37
CUST00037,ORD377E1F1E,12/16/2023,433.22
CUST00038,ORDB62E3891,4/25/2024,153.01
CUST00039,ORD2DD26F33,8/24/2024,391.79
CUST00039,ORDC406714F,2/18/2025,365.17
CUST00039,ORD9761F2A6,1/17/2025,284.17
CUST00039,ORDBAD7959D,12/31/2024,496.44
CUST00039,ORD043F22AD,2/22/2024,128.94
CUST00039,ORD9AF81CB5,10/21/2024,265.34
CUST00039,ORD052AF440,2/16/2024,345.8
CUST00039,ORD16E2A425,4/23/2025,93.06
CUST00039,ORD9D8F970C,5/27/2024,141.77
CUST00039,ORD169755F6,11/14/2024,141.52
CUST00039,ORD7BC5F975,12/27/2023,81.51
CUST00039,ORD15A2DA02,12/7/2024,91.93
CUST00039,ORD4BE887B7,4/18/2024,145.22
CUST00040,ORD8D0130B3,5/20/2024,247.27
CUST00040,ORD49F2DCBF,11/2/2024,47.69
CUST00040,ORD55CCDABB,1/5/2025,133.33
CUST00040,ORD2184A230,11/6/2024,130.83
CUST00040,ORD80ADACF7,7/17/2024,316.27
CUST00040,ORD14BD9075,12/29/2024,300.97
CUST00040,ORD3A5C1F44,5/4/2024,105.82
CUST00040,ORD5292D7DD,4/1/2025,62.42
CUST00040,ORDFC67DA17,2/28/2025,159.28
CUST00040,ORD479D4563,2/1/2025,474.92
CUST00041,ORD25BFFD9E,12/24/2024,422.39
CUST00041,ORD4917CC10,12/28/2024,196.15
CUST00041,ORD910E796D,12/24/2024,432.48
CUST00041,ORDD71C6A4C,2/9/2025,225.71
CUST00041,ORD5E820657,12/13/2024,221
CUST00041,ORD1F35C470,9/14/2024,413.53
CUST00041,ORD2250D296,5/27/2024,329.01
CUST00041,ORD7B68CC38,10/11/2024,301.25
CUST00041,ORDB2FA5932,4/2/2025,157.21
CUST00041,ORDBF238430,7/10/2024,305.57
CUST00041,ORD99C7B5EA,3/19/2025,350.69
CUST00042,ORD67634550,8/21/2023,163.95
CUST00042,ORDD45AB362,1/4/2025,482.64
CUST00042,ORDDDB1DF4A,9/16/2023,484.68
CUST00042,ORD6659F9E6,10/12/2024,152.81
CUST00042,ORD36BB5D70,2/10/2024,350.53
CUST00042,ORD34194453,11/30/2023,250.59
CUST00042,ORD9129139C,2/12/2024,292.18
CUST00042,ORDF728BCDF,3/15/2025,128.79
CUST00042,ORD245EBA54,6/13/2024,194.27
CUST00042,ORDC92D1BAE,2/11/2025,410.08
CUST00042,ORD872DCC74,9/9/2024,202.54
CUST00042,ORD0B880936,12/25/2023,65.81
CUST00042,ORDE1E1EB16,11/21/2024,286.29
CUST00042,ORD55C2972E,6/26/2024,300.19
CUST00042,ORD90E838EF,9/16/2024,277.36
CUST00042,ORD8FE36393,3/21/2024,344.04
CUST00043,ORD5500FBD4,10/8/2024,23.19
CUST00043,ORD1FA5C151,12/8/2024,366.33
CUST00043,ORDB5595279,7/6/2024,472.06
CUST00043,ORDD2EB56F7,11/5/2024,112.73
CUST00043,ORDDC199747,6/11/2024,400.87
CUST00043,ORDCD6FFFA6,7/22/2024,417.33
CUST00043,ORD2550364D,6/29/2024,43.89
CUST00043,ORD549F5CD6,8/13/2024,425.42
CUST00043,ORD9E973455,6/18/2024,399.57
CUST00043,ORD3E8CB4FE,5/14/2024,339.76
CUST00043,ORDA0EE212C,4/24/2024,78.2
CUST00043,ORDC63BBC1C,7/17/2024,158.39
CUST00043,ORD7CA1C81C,1/25/2025,133.81
CUST00043,ORDB879C82E,2/2/2025,85.53
CUST00043,ORD4C6BB2C2,10/12/2024,217.33
CUST00043,ORDCDBECED9,10/22/2024,194.73
CUST00043,ORDCA6F9F34,4/20/2025,230.04
CUST00043,ORD4FE8C2B5,12/9/2024,302.99
CUST00044,ORD6A567512,7/13/2024,206.39
CUST00044,ORDF07FE212,9/28/2024,258.24
CUST00044,ORDBD249FB8,7/25/2024,460.99
CUST00044,ORD08432FD2,1/27/2025,348.94
CUST00044,ORDF3F95415,9/12/2024,276.39
CUST00044,ORD831B2581,10/2/2024,397.45
CUST00044,ORDCD536BA8,1/31/2025,186.17
CUST00044,ORD528C0E8B,12/10/2024,448.8
CUST00044,ORD122E9F49,6/15/2024,273.08
CUST00044,ORDAA73D06B,8/4/2024,322.71
CUST00044,ORD454DEC0E,11/8/2024,51.64
CUST00044,ORDB792F548,2/20/2025,386.79
CUST00044,ORD681778F6,10/30/2024,332.22
CUST00044,ORDB8280463,8/31/2024,183.95
CUST00044,ORDFD111EED,8/25/2024,327.03
CUST00044,ORDA76F38C3,4/15/2024,31.71
CUST00044,ORD5BB43DDD,3/7/2025,491.97
CUST00044,ORD2867C951,9/9/2024,341.96
CUST00044,ORD7B897AA8,12/28/2024,205.81
CUST00045,ORD9541F913,12/5/2024,483.2
CUST00045,ORDD54EE7C9,4/6/2025,220.92
CUST00045,ORDA13AB2C1,6/27/2024,15.17
CUST00045,ORD530251F6,10/12/2024,136.78
CUST00045,ORDACB9F773,2/25/2025,260.23
CUST00045,ORD207E232A,3/31/2024,264.21
CUST00045,ORD8A6E9438,1/26/2025,294.45
CUST00045,ORDCB993BDE,10/15/2024,291.87
CUST00045,ORDF64A1BD7,12/11/2024,228.43
CUST00045,ORDE5126847,1/16/2025,201.66
CUST00045,ORDDA542065,3/17/2025,388.45
CUST00046,ORDC21D3811,8/16/2024,348.31
CUST00046,ORD41004DBD,11/21/2024,83.87
CUST00046,ORD1CBB93B7,1/9/2025,498.87
CUST00046,ORD1DBCEF5E,2/19/2025,246.56
CUST00046,ORDBAD1AEF2,3/8/2024,154.76
CUST00046,ORDAF2AF016,2/18/2025,461.07
CUST00046,ORDDE1710E8,7/2/2024,52.07
CUST00046,ORD63E23B80,12/7/2024,417.35
CUST00046,ORDE6D17309,10/21/2024,367.77
CUST00046,ORDDA9A14D2,3/12/2025,180.68
CUST00046,ORD7FC5FCEC,8/29/2024,178.1
CUST00046,ORD1DD95B5A,5/22/2024,394.29
CUST00046,ORD949E8857,7/31/2024,265.35
CUST00046,ORD69CB147E,9/18/2024,180.67
CUST00046,ORDECBBCE63,4/9/2024,57.84
CUST00046,ORD686DAEA5,4/6/2024,363.78
CUST00046,ORD9C47A266,6/18/2024,231.7
CUST00046,ORD23F3195F,2/6/2025,42.92
CUST00046,ORDB0860751,2/13/2025,31.89
CUST00047,ORDB0278BD0,9/17/2023,21.07
CUST00047,ORD5EAADEDC,2/15/2025,178.11
CUST00047,ORD70722394,6/22/2024,63.59
CUST00047,ORD93FA3647,4/28/2025,402.02
CUST00048,ORDECA7C6E3,2/21/2024,262.84
CUST00048,ORD935E7E1D,6/12/2024,280.44
CUST00048,ORD02B0EE9F,6/27/2024,172.18
CUST00048,ORD570C66E6,12/25/2024,218.92
CUST00048,ORD00A28F9D,1/1/2024,236.41
CUST00048,ORDA0B06AD3,2/15/2024,400.9
CUST00048,ORDEA4F0ADB,12/23/2023,318.58
CUST00048,ORDB08354D3,11/21/2024,101.33
CUST00049,ORD5B34B0A9,12/7/2023,203.84
CUST00049,ORD77CCEF48,8/16/2023,371.32
CUST00049,ORD59CA31DD,4/29/2024,442.72
CUST00049,ORD1B4D6F4D,10/9/2024,230.29
CUST00049,ORD952B4DC2,10/5/2023,220.48
CUST00049,ORDC34F6515,8/23/2024,12.18
CUST00049,ORD14A1212E,3/23/2025,115.25
CUST00049,ORDEF054355,11/1/2024,146.39
CUST00049,ORDDBB83C9B,10/8/2023,354.84
CUST00049,ORD601D0DBF,4/19/2024,400.04
CUST00049,ORD0184E574,11/13/2024,292.9
CUST00049,ORDA9D77808,4/28/2024,401.76
CUST00049,ORD2B75DFA0,12/9/2023,273.08
CUST00049,ORDCAFE25B1,2/16/2024,189.24
CUST00050,ORDA3353FB3,6/15/2024,234.2
CUST00050,ORD7AB6B266,1/27/2024,138.55
CUST00050,ORD58A949F3,1/6/2024,432.69
CUST00050,ORD2374407F,7/7/2024,268.58
CUST00050,ORD729E8426,1/3/2024,323.16
CUST00050,ORDBE3720A6,6/23/2024,302.52
CUST00050,ORDC29A6862,2/1/2024,309.54
CUST00051,ORDE6338CFF,7/1/2024,65.97
CUST00051,ORDBE366D91,1/22/2025,182.47
CUST00051,ORD68EEEBC8,10/27/2024,234.35
CUST00051,ORDCF3B33B9,10/1/2024,94.54
CUST00051,ORDA59FBD82,1/20/2025,340.06
CUST00051,ORD45B940AB,11/26/2024,402.3
CUST00051,ORDBCD02CF5,3/21/2025,460.15
CUST00051,ORD6541BFCB,4/8/2024,299.18
CUST00051,ORD4094EBE8,12/9/2024,339.33
CUST00051,ORDD586A8E2,3/15/2025,163.46
CUST00051,ORD79576F8C,3/15/2024,126.9
CUST00051,ORDB0EF12FE,7/8/2024,67.3
CUST00051,ORD5CB801C8,8/27/2024,192.92
CUST00051,ORDC63D65D0,3/11/2025,79.27
CUST00051,ORDB3A21F81,1/30/2025,200.35
CUST00051,ORD7DB71421,3/1/2025,302.25
CUST00051,ORD1990BFA5,4/29/2024,291.65
CUST00051,ORDFA66A054,1/17/2025,217.29
CUST00051,ORD80D9C0C9,8/15/2024,248.47
CUST00052,ORDB848D08D,2/8/2025,349.78
CUST00052,ORDF672A738,10/3/2024,326.18
CUST00052,ORD941D05C7,4/20/2025,499.95
CUST00052,ORDFA2F9D75,9/27/2024,281.91
CUST00052,ORD1A3C4939,4/29/2025,249.92
CUST00052,ORD17052308,10/25/2024,78.75
CUST00052,ORDFD629343,4/23/2024,164.14
CUST00052,ORDA3358541,7/25/2024,230.99
CUST00052,ORD2EB88B31,5/26/2024,36.27
CUST00052,ORDA37AE959,8/15/2024,185.93
CUST00052,ORD3528EB42,1/17/2025,14.7
CUST00052,ORD5C83D4A9,7/13/2024,76.9
CUST00052,ORDF599B520,3/9/2025,409.46
CUST00052,ORD76FBD648,6/8/2024,482.28
CUST00052,ORD1335F6CB,1/8/2025,257.66
CUST00052,ORD59BDA95B,9/22/2024,252.54
CUST00052,ORD7994C312,4/3/2025,345.5
CUST00052,ORD7D7B2CDF,10/1/2024,213.66
CUST00053,ORD84B291ED,12/4/2024,249.46
CUST00053,ORD352D69D6,4/13/2024,50.51
CUST00053,ORDC69E2B2F,10/31/2023,25.12
CUST00053,ORD5C2CE035,5/21/2024,382.92
CUST00053,ORD69A01415,10/20/2024,153.12
CUST00053,ORDEF1BA0E1,9/26/2024,144.68
CUST00053,ORD87CF2DFF,9/9/2024,273.43
CUST00053,ORD437C799F,11/1/2024,92.42
CUST00053,ORD51AB818C,11/29/2023,234.09
CUST00053,ORDED096A5A,7/23/2024,373.83
CUST00053,ORDAEDC9A46,1/6/2024,385.3
CUST00053,ORD1234FFC5,9/6/2024,279.37
CUST00053,ORDA8D6F6D2,1/27/2025,65.47
CUST00053,ORD1CFEBABE,9/16/2024,65.96
CUST00053,ORD7BDD35E7,4/27/2025,389.81
CUST00054,ORD55E86668,3/8/2025,275.6
CUST00054,ORD4210EE83,7/24/2024,380.83
CUST00054,ORD4CD36F38,4/28/2025,382.4
CUST00054,ORD81A8DBD8,4/9/2025,226.27
CUST00054,ORD5640FB28,4/10/2024,117.09
CUST00054,ORDE1CBAB59,3/23/2025,218.33
CUST00054,ORD7A539B1A,4/29/2025,370.63
CUST00054,ORD11EC4B2A,6/14/2024,330.3
CUST00054,ORDA3FABFDA,4/28/2024,131.29
CUST00054,ORD5C38A569,1/26/2024,438.66
CUST00054,ORDCF6F1EC7,2/23/2024,25.79
CUST00054,ORD3F0B3754,2/21/2024,138.78
CUST00055,ORDB013F905,1/1/2024,225.14
CUST00055,ORD8561463A,5/12/2024,497.04
CUST00055,ORD8C1DC494,2/13/2025,390.06
CUST00056,ORD9BD9752F,2/10/2025,112.84
CUST00056,ORD07DFCFEE,9/20/2024,371.43
CUST00056,ORD5A90627D,2/18/2025,347.68
CUST00056,ORDA1EB208A,8/6/2024,431.91
CUST00056,ORD5F9B0703,2/6/2025,309.03
CUST00056,ORD3AE2B08A,11/2/2024,219.8
CUST00056,ORDD7200BAA,6/7/2024,311.91
CUST00056,ORDDE3147F9,1/14/2025,394.58
CUST00057,ORDDB0D1A2B,2/14/2025,404.67
CUST00057,ORD2D153318,1/15/2024,289.34
CUST00057,ORD7A35F8A3,8/30/2024,270.82
CUST00057,ORD5D8EB806,8/30/2024,302.46
CUST00057,ORD3A67E706,4/8/2024,92.5
CUST00057,ORD456D3F22,6/25/2024,489.71
CUST00057,ORDF757EB02,3/22/2025,153.39
CUST00058,ORD0C21E049,1/15/2024,141
CUST00058,ORDB6F98594,3/4/2024,430.43
CUST00058,ORD6C319B61,10/19/2023,492.89
CUST00058,ORD59448A05,8/21/2024,342.86
CUST00058,ORD8FC80724,6/2/2024,56.66
CUST00058,ORDB28A1378,6/6/2024,481.76
CUST00058,ORD74B4E0DA,1/15/2025,394.99
CUST00058,ORD1A04FC24,10/14/2023,460.2
CUST00058,ORD31A85A9E,9/22/2024,496.32
CUST00058,ORD491B8F71,9/16/2024,434.85
CUST00058,ORD5FFD9350,8/5/2023,72.18
CUST00058,ORD58ADB70C,3/18/2024,434.38
CUST00058,ORD048F4A36,7/7/2023,132.34
CUST00058,ORD9F3CC35E,2/10/2024,358.58
CUST00058,ORD87C2B5F7,6/21/2023,415.96
CUST00058,ORD27F25562,4/13/2024,383.12
CUST00058,ORD70F69E7C,11/8/2023,341.35
CUST00058,ORDAF477A1D,1/10/2025,249.83
CUST00058,ORD6C68816E,3/17/2025,292.94
CUST00059,ORD01D5F528,6/29/2024,317.63
CUST00059,ORD6A41E337,5/5/2024,193.83
CUST00059,ORDE9F59D13,1/6/2025,47
CUST00059,ORD84F0A7C2,3/23/2024,399.35
CUST00059,ORD7421D7ED,10/21/2024,386.75
CUST00059,ORDB31DAEBF,11/4/2024,207.4
CUST00059,ORDFBC2E0BF,3/27/2025,377.4
CUST00059,ORD458BA92E,8/21/2024,350.4
CUST00059,ORD5EC0B223,4/24/2025,439.89
CUST00060,ORDC9AAECCF,6/16/2024,475.62
CUST00060,ORDB992A26D,8/1/2023,170.37
CUST00060,ORDB6C5218C,8/9/2023,11.21
CUST00060,ORDF79A2368,9/23/2023,389.33
CUST00060,ORD66DB10BB,1/16/2025,369.03
CUST00060,ORD93A7BC47,8/14/2023,368.16
CUST00060,ORDC517B63B,7/5/2024,234.64
CUST00060,ORD75014763,11/21/2024,335.43
CUST00060,ORD32A29B50,10/11/2023,185.53
CUST00060,ORD0080412B,4/6/2025,41.03
CUST00060,ORD7D224BCF,1/10/2025,271.87
CUST00060,ORD191ABF0E,9/22/2024,116.74
CUST00060,ORD58D6445D,9/28/2024,220.53
CUST00060,ORD0F1A2F69,11/24/2024,113.81
CUST00060,ORDF12CF398,12/11/2024,141.58
CUST00061,ORDDED8C880,3/9/2025,175.5
CUST00061,ORD5B4F759C,8/9/2024,293.19
CUST00061,ORD3101BEBE,1/20/2025,287.41
CUST00061,ORD2A6D4B3B,10/1/2024,247.82
CUST00061,ORD7163153B,2/25/2025,178.43
CUST00061,ORD70E66ED9,3/10/2025,344.45
CUST00061,ORD34A2E43F,8/23/2024,33.72
CUST00061,ORD37F45F3A,7/2/2024,58.79
CUST00061,ORD27D1516F,4/14/2024,394.11
CUST00061,ORD063B0EB2,12/17/2024,235.2
CUST00062,ORDF87C41CD,4/4/2025,465.42
CUST00062,ORDCF198391,3/26/2025,87.41
CUST00062,ORDBEDF6587,3/25/2024,233.69
CUST00062,ORDEE40EDF4,8/25/2024,496
CUST00063,ORDB03C185B,2/9/2024,109.14
CUST00063,ORD5FC2D50D,10/12/2024,347.41
CUST00063,ORD9BC9F1F3,3/17/2024,74.64
CUST00063,ORD94A242ED,1/19/2024,328.5
CUST00063,ORDF968BC83,3/16/2025,87.9
CUST00063,ORDC0FBA543,7/10/2024,467.04
CUST00063,ORDB47A9018,3/17/2025,144.27
CUST00063,ORD6FE8FA51,6/24/2024,330.75
CUST00063,ORD6FEFE03F,9/10/2024,132.69
CUST00063,ORD709AA6B2,9/22/2024,192.2
CUST00063,ORD827049FB,5/31/2024,452.86
CUST00063,ORDED2B0D02,8/6/2024,91.11
CUST00063,ORD62EEB438,2/6/2025,204.21
CUST00063,ORDFC9CD8AC,3/25/2025,159.7
CUST00064,ORD28A7F345,10/13/2023,220.32
CUST00064,ORDE327D92D,7/11/2024,54.69
CUST00064,ORDA463CC7A,12/7/2024,56.64
CUST00064,ORD77251643,7/24/2024,114.58
CUST00064,ORD0A80B08A,11/1/2024,48.19
CUST00064,ORD3C5B1AFA,11/17/2024,300.9
CUST00064,ORD91F4A12A,12/30/2024,264.53
CUST00064,ORDA559F9B1,6/21/2024,228.08
CUST00065,ORDCFA3D5D0,5/22/2024,350.84
CUST00066,ORDC1683BFA,1/5/2025,494.2
CUST00066,ORDF2D8574E,2/12/2024,216.93
CUST00066,ORD00A7A3FA,2/2/2024,74.77
CUST00066,ORD651AAC27,4/4/2025,44.71
CUST00067,ORD6D262576,8/16/2024,53.77
CUST00067,ORDD6D6E668,2/20/2024,404.92
CUST00067,ORD4DCD548D,8/22/2024,60.57
CUST00067,ORD58DD2EFB,4/28/2025,190.11
CUST00067,ORDB27E84A9,9/4/2024,156.64
CUST00067,ORD2EEE5D04,1/21/2025,197.53
CUST00067,ORD28CD79C6,6/28/2024,408.55
CUST00067,ORDB1A4DECE,3/17/2025,438.5
CUST00067,ORDED94ADD1,8/1/2024,324.37
CUST00067,ORD4C1AC6CF,8/6/2024,341.8
CUST00067,ORD94CF01CE,1/23/2025,43.52
CUST00067,ORDB4C07B0B,12/9/2024,286.01
CUST00067,ORDAB2E354B,9/4/2024,309.06
CUST00068,ORDABF63FC2,8/30/2024,225.65
CUST00068,ORD0DEA0444,4/23/2025,363.99
CUST00068,ORDE8DBA054,4/19/2025,317.76
CUST00068,ORDB7CB1CAE,1/21/2025,84.17
CUST00068,ORDAD82C044,4/21/2025,211.74
CUST00068,ORDDA107277,2/6/2025,346.42
CUST00069,ORD1CE50089,8/18/2024,52.48
CUST00069,ORD5BF3BB98,10/8/2024,59.23
CUST00069,ORDAC6F4BFB,6/6/2024,378.7
CUST00069,ORD899BFFF1,1/27/2024,298.89
CUST00069,ORDF000F961,7/1/2023,198.18
CUST00069,ORD4F7E20DC,11/28/2023,481.99
CUST00069,ORDA17DD4BE,6/7/2023,164.11
CUST00070,ORDE2EA1643,2/29/2024,131.42
CUST00070,ORD0C0F9B5A,8/1/2024,325.86
CUST00070,ORDF28B7C44,2/26/2025,131.6
CUST00070,ORD19383E78,6/23/2024,304.49
CUST00070,ORD33885480,5/24/2024,363.38
CUST00071,ORDB30DC055,5/27/2024,391.7
CUST00071,ORD247286EE,4/2/2025,348.33
CUST00071,ORDC42FDCB7,11/1/2023,425.47
CUST00071,ORDA88DBB88,10/6/2024,332.62
CUST00071,ORDF15181DD,1/31/2024,157.81
CUST00071,ORD59981927,1/10/2025,263.7
CUST00071,ORDC2EB4E2B,10/16/2023,259.67
CUST00071,ORDDEB32B95,4/10/2024,376.44
CUST00071,ORDC14A03A6,10/1/2023,154.82
CUST00071,ORDF74805F2,3/8/2024,36.74
CUST00072,ORDECB4147E,3/11/2024,252.49
CUST00072,ORDFD705B68,3/13/2025,65.24
CUST00072,ORD25C17409,2/3/2025,254.8
CUST00072,ORDAE48F96A,1/12/2025,301.03
CUST00072,ORDAF62F9DA,1/31/2025,268.86
CUST00072,ORD7C404A12,1/2/2025,489.07
CUST00072,ORD516D8E33,3/6/2025,493.57
CUST00072,ORDBEC2A35B,9/28/2024,467.62
CUST00073,ORDB497A5BD,10/16/2024,199.55
CUST00073,ORD59F57AE2,12/11/2024,421.1
CUST00073,ORD5C3E21EC,5/14/2024,216.22
CUST00073,ORDF3834FA4,1/22/2025,277.71
CUST00073,ORDD2F076AA,9/6/2024,94.66
CUST00074,ORD98C956B4,7/8/2024,477.68
CUST00074,ORDAE7F001F,1/24/2025,387.48
CUST00074,ORD1824070D,9/22/2023,18.18
CUST00074,ORD84E597F4,4/12/2025,43.09
CUST00074,ORD7C45C886,12/30/2023,138.47
CUST00074,ORDDB3D68B5,4/25/2025,29.52
CUST00074,ORD5519FC89,2/18/2024,39.63
CUST00074,ORD2CB3EB22,12/23/2024,396.75
CUST00074,ORDBA8807BD,2/25/2025,258.24
CUST00074,ORD3912F4AD,3/11/2025,318
CUST00074,ORD465633E8,12/26/2023,255.51
CUST00074,ORD5DC7C0A2,5/16/2024,213.56
CUST00074,ORDE9133C2F,7/8/2024,353.89
CUST00074,ORD021CFD4B,9/20/2023,50.39
CUST00074,ORD180229B8,2/9/2025,272.92
CUST00074,ORD385D5CD3,1/28/2025,311.86
CUST00075,ORD8E4D06CD,3/11/2025,50.96
CUST00075,ORD850E97B1,2/11/2025,48.72
CUST00075,ORD84C97F70,1/19/2024,461.25
CUST00075,ORDE5DC6413,1/7/2025,487.41
CUST00075,ORD2A59D56E,7/11/2024,86.13
CUST00075,ORDB7D3FA2A,8/3/2024,170.11
CUST00075,ORDCBC17121,4/29/2025,297.35
CUST00075,ORD34602210,9/1/2024,383.98
CUST00075,ORD0C3E8523,7/18/2024,328.42
CUST00076,ORD26838B88,5/13/2024,161.98
CUST00076,ORDC6AB3C05,2/22/2024,224.37
CUST00076,ORDC1D0FC65,7/9/2024,477.18
CUST00077,ORD4291C4E4,3/9/2025,38.37
CUST00077,ORDDDAC9A00,8/6/2024,52.24
CUST00077,ORDABCA3DBF,3/2/2024,222.9
CUST00077,ORDE8533FB1,8/10/2024,232.15
CUST00077,ORD3F00194F,2/6/2025,308.33
CUST00077,ORDE8B0AADE,11/17/2024,161.55
CUST00077,ORD043ACC45,6/6/2024,373.43
CUST00077,ORD652D7657,3/22/2024,372.92
CUST00078,ORD4839ABA0,8/1/2024,16.21
CUST00078,ORD72D4D903,5/9/2024,77.23
CUST00078,ORDE94D09E4,3/5/2024,15.56
CUST00078,ORDAB1B317B,3/27/2025,253.24
CUST00079,ORDDDF1D233,1/28/2024,266.27
CUST00079,ORD8FF13F19,5/1/2024,393.66
CUST00079,ORD8EC2E2BD,4/2/2025,363.18
CUST00079,ORDED643268,5/6/2024,91.81
CUST00079,ORDA1E359CE,7/5/2024,72.2
CUST00079,ORD6A6F4892,4/10/2024,392.75
CUST00079,ORD84881CC3,11/3/2024,141.69
CUST00079,ORDA4CAA0BE,9/4/2024,444.34
CUST00079,ORD321F5CA3,2/29/2024,388
CUST00079,ORD0C8C208D,4/16/2025,24.38
CUST00079,ORD470B9521,10/11/2024,405.48
CUST00079,ORD52C99109,2/20/2025,143.27
CUST00080,ORDBC04D057,4/9/2024,138.85
CUST00080,ORD62206816,11/25/2024,487.77
CUST00080,ORDD21E140C,6/10/2024,317.49
CUST00081,ORDE9B15B12,2/4/2025,233.05
CUST00081,ORDDC4160F2,6/22/2024,186.46
CUST00081,ORD4F729F87,1/26/2025,254.81
CUST00081,ORD6C206219,5/29/2024,287.77
CUST00081,ORD7E200136,1/13/2024,190.17
CUST00081,ORDF3E6EDB5,4/10/2024,135.01
CUST00081,ORD16A9E4A2,4/28/2024,60.42
CUST00081,ORDA597664A,2/24/2025,291.22
CUST00081,ORD18D45C54,3/24/2024,364.16
CUST00081,ORD27ECD95F,1/25/2025,121.92
CUST00081,ORD72F7C97E,11/8/2023,259.32
CUST00081,ORD63A07C4E,1/19/2024,31.58
CUST00081,ORD8090B308,9/21/2023,432.83
CUST00081,ORDCAD3A15D,1/20/2025,129.83
CUST00081,ORDBF0C3BA4,10/9/2024,241.16
CUST00081,ORDF4D303DF,9/18/2023,197.66
CUST00082,ORD59A59297,12/14/2024,97.69
CUST00082,ORD1CD6636D,8/6/2024,480.57
CUST00082,ORD6E54CA36,2/21/2024,27.33
CUST00082,ORD0C3E1048,11/25/2023,403.53
CUST00082,ORDE0AD64DF,3/28/2025,359.87
CUST00083,ORD55B202E0,9/11/2023,120.01
CUST00083,ORD4C631C93,4/3/2024,131.65
CUST00083,ORD492D6396,9/16/2023,458.77
CUST00083,ORDEB249F03,4/13/2024,166.77
CUST00083,ORD927F3AF1,2/14/2025,414.74
CUST00083,ORD8E948177,8/29/2024,290.05
CUST00083,ORD61F746E0,5/25/2024,68.51
CUST00083,ORD76A7A775,11/25/2023,339.93
CUST00083,ORDD074C1BF,10/26/2024,35.81
CUST00083,ORD683D7395,3/13/2024,119.36
CUST00083,ORD3617FAAD,1/26/2024,262.73
CUST00083,ORDE19FBB1E,10/5/2024,32.51
CUST00083,ORD0E58B63B,1/19/2025,206.45
CUST00083,ORDA60A1F48,6/11/2024,439.73
CUST00084,ORDF7CE1462,2/26/2025,389.03
CUST00084,ORD40C2C6AB,9/24/2024,162.24
CUST00084,ORD7AACE866,2/4/2024,52.33
CUST00084,ORDE654A61A,4/6/2024,233.81
CUST00084,ORDD8BE892F,8/9/2023,190.77
CUST00084,ORD07D06E0D,8/18/2024,152.88
CUST00084,ORD945ADC0B,7/25/2023,394.41
CUST00084,ORD721DDB78,12/1/2023,372.39
CUST00084,ORD6700DC30,8/14/2024,128.87
CUST00084,ORD78134F32,8/19/2024,190.45
CUST00085,ORDB12C37F2,8/28/2024,498.92
CUST00085,ORDB9F22774,8/30/2024,390.18
CUST00085,ORD7A40F754,8/10/2024,368.91
CUST00085,ORD4BAEBC07,5/12/2024,277.81
CUST00085,ORD292B5CFB,2/26/2025,400.03
CUST00085,ORDEA5A0C47,4/22/2024,83.78
CUST00085,ORD68C8E407,10/30/2024,466.87
CUST00085,ORD7AF43FFD,6/15/2024,21.72
CUST00085,ORD1D4F3815,8/27/2024,275.36
CUST00085,ORD417D8FC4,9/1/2024,321.61
CUST00085,ORD89A03F55,3/31/2024,349.8
CUST00085,ORDEA741062,7/15/2024,14.7
CUST00085,ORDF98A122E,11/14/2024,174.16
CUST00085,ORD7C9B8B18,8/19/2024,381.88
CUST00085,ORDA8B58226,2/26/2025,194.37
CUST00085,ORD2BDAD32A,5/15/2024,371.66
CUST00086,ORD3F124B70,7/14/2024,60.94
CUST00086,ORD0C23CDC6,9/10/2024,269.61
CUST00086,ORD90552105,9/19/2024,126.7
CUST00086,ORD127616B9,4/11/2025,251.09
CUST00086,ORD5F6B3705,5/29/2024,39.35
CUST00086,ORD5A4908E4,8/4/2024,498.51
CUST00086,ORDB8DAB4F8,12/25/2024,358.71
CUST00086,ORD4663ACE8,11/17/2024,55.58
CUST00086,ORD31341578,10/21/2024,461.42
CUST00086,ORDF92B6BFA,6/10/2024,449.67
CUST00087,ORDE3DD186F,5/4/2024,212.4
CUST00087,ORD7E2BFE16,7/17/2024,448.83
CUST00087,ORDF5E15F80,12/29/2024,234.64
CUST00087,ORDBD90FB29,11/22/2024,376.47
CUST00087,ORD67650E67,4/3/2024,294.58
CUST00087,ORDCC6EDD86,12/26/2024,257.66
CUST00087,ORD3CD8C942,8/5/2024,322.24
CUST00087,ORD89206950,4/28/2025,203.23
CUST00087,ORDF0E1DD3C,3/8/2024,300.03
CUST00087,ORDE8CF67E9,6/11/2024,40.52
CUST00087,ORD934DCB79,7/17/2024,334.6
CUST00087,ORD123653B3,3/31/2025,74.05
CUST00087,ORD63B353A7,3/9/2024,152.92
CUST00087,ORD2760268B,8/8/2024,426.95
CUST00087,ORDE0D953A7,7/1/2024,463.76
CUST00087,ORD85F76422,4/19/2024,202.55
CUST00087,ORDB4D97BCE,12/27/2024,417.63
CUST00088,ORD9944CF37,2/11/2025,165.85
CUST00088,ORD55263E41,10/7/2024,143.26
CUST00088,ORD645BE11A,1/9/2025,46.6
CUST00088,ORD44F6806F,12/29/2024,109.33
CUST00088,ORD629E6350,9/4/2024,392.17
CUST00088,ORDB81446B6,3/13/2025,296.51
CUST00088,ORDE679D3C4,5/17/2024,86.15
CUST00088,ORD524370E3,1/11/2025,90.54
CUST00088,ORDBF4BC8AA,6/7/2024,238.37
CUST00088,ORD0F42B437,12/19/2024,209.19
CUST00088,ORD6B70092A,5/26/2024,272.6
CUST00089,ORDFB50229E,10/21/2024,231.44
CUST00089,ORD0CFD92DB,3/4/2025,237.04
CUST00089,ORDC5C13E96,1/6/2024,427.72
CUST00089,ORD3D030E1F,2/13/2024,54.31
CUST00089,ORD958F91A8,2/26/2024,405.72
CUST00089,ORDF2BA331B,6/16/2024,159.07
CUST00089,ORD1358525E,8/31/2024,355.31
CUST00090,ORDB05A13D4,9/7/2024,29.76
CUST00090,ORDF9DB4BC4,2/14/2024,419.6
CUST00090,ORD894D625E,10/21/2024,170.62
CUST00090,ORD32303472,3/7/2025,54.69
CUST00090,ORDD8A3933F,2/16/2024,131.63
CUST00090,ORD60F92BD1,9/24/2023,184.31
CUST00090,ORDAC022915,8/29/2024,261.6
CUST00090,ORD7AADD5D2,10/31/2024,341.82
CUST00090,ORDA2C2AEA3,8/20/2024,137.48
CUST00090,ORD44AF5676,5/23/2024,495.43
CUST00090,ORDE49D784B,9/18/2024,25.23
CUST00090,ORD98FA8407,3/8/2025,208.15
CUST00090,ORDC66F953C,9/6/2024,231.58
CUST00090,ORD7CE67E2F,10/2/2023,376.56
CUST00090,ORD1F63FDA3,11/26/2023,132.43
CUST00090,ORDA0A0719D,9/30/2023,236.4
CUST00090,ORDD6F7F078,3/12/2025,403.91
CUST00090,ORD6D66DA5F,12/23/2023,78.5
CUST00090,ORDE263DA91,12/8/2024,15.86
CUST00090,ORD43028721,3/10/2025,416.88
CUST00091,ORD676A1E28,1/19/2024,74.05
CUST00091,ORDE9FD0D8C,7/24/2024,413.6
CUST00091,ORD2BDC9D8E,3/11/2025,192.4
CUST00091,ORDE16D855C,2/16/2025,318.85
CUST00091,ORDE7D8169A,7/17/2024,325.9
CUST00091,ORD50F282C0,12/2/2024,295.34
CUST00091,ORDF757B3D2,8/22/2024,136.82
CUST00091,ORD58DC20B4,2/5/2024,408.25
CUST00092,ORD22C343EF,7/14/2024,498.61
CUST00093,ORD229910ED,1/24/2025,452.22
CUST00093,ORD63AC1719,12/11/2024,227.28
CUST00093,ORD5F5C89D2,5/3/2024,73.11
CUST00093,ORDFA289D75,9/21/2024,453.49
CUST00093,ORD9A15577F,10/18/2024,416.38
CUST00093,ORD50668DE9,5/12/2024,172.46
CUST00093,ORDEF4619A1,12/8/2023,30.92
CUST00094,ORD92512550,2/18/2025,34.81
CUST00094,ORD7B60F30D,9/14/2024,462.82
CUST00094,ORD72396D63,9/30/2024,222.25
CUST00094,ORD0EBD1E20,6/18/2024,364.97
CUST00094,ORDB2DCF625,3/30/2025,253.1
CUST00094,ORD6B4ABB60,5/27/2024,197.54
CUST00094,ORD29B271D9,2/6/2025,219.07
CUST00094,ORD332F860F,5/21/2024,183.43
CUST00094,ORD7A22E3D3,4/1/2025,455.07
CUST00094,ORDB178E21A,3/22/2025,144.74
CUST00094,ORD325329D0,3/15/2025,228.55
CUST00094,ORDA79ACF9B,2/6/2024,82.83
CUST00094,ORD7F239B58,4/13/2025,310.91
CUST00094,ORD6EAF94AF,6/11/2024,312.32
CUST00094,ORD2445E074,5/9/2024,327.17
CUST00095,ORDB8F35E7A,4/1/2025,211.88
CUST00095,ORDD68D28D3,3/9/2025,279.84
CUST00095,ORDACE63755,3/5/2025,39.88
CUST00095,ORD3A6739F8,10/1/2024,147.09
CUST00095,ORDA7DA863F,4/9/2025,77.25
CUST00095,ORDAC3398E7,8/24/2024,107.73
CUST00095,ORDB8AE8869,6/3/2024,443.48
CUST00095,ORDD8C0044F,2/11/2025,267.65
CUST00095,ORDF2A36E7E,5/15/2024,319.07
CUST00095,ORD6FEEBE55,8/25/2024,403.06
CUST00095,ORD6A7C0D96,4/20/2024,399.47
CUST00095,ORD24A3847C,4/21/2025,494.81
CUST00095,ORD1FBEB701,2/12/2025,393.14
CUST00095,ORDC7EEB2D7,12/25/2024,185.96
CUST00095,ORD1F819826,6/24/2024,276.81
CUST00095,ORDA1B44705,4/14/2025,247.49
CUST00096,ORDA69EB7D7,4/16/2025,256.17
CUST00096,ORD1DEA125F,2/23/2024,200.31
CUST00096,ORD12339DB1,5/29/2024,98.11
CUST00096,ORD22EF376B,6/5/2024,166.25
CUST00096,ORD0D0FD93A,9/13/2024,117.32
CUST00096,ORD834A5F55,2/14/2025,448.92
CUST00096,ORD96A08C1E,3/14/2024,391.48
CUST00096,ORD7B8F0810,11/18/2024,38.71
CUST00096,ORD29BECB3C,3/21/2025,495.85
CUST00096,ORD200B1450,4/12/2024,269.42
CUST00096,ORD4194F1D2,12/3/2024,385.75
CUST00096,ORD516ECE05,3/27/2024,499.81
CUST00096,ORD64F1915F,9/14/2024,487.25
CUST00096,ORDA8479DCE,9/6/2024,59.07
CUST00096,ORD5BEF6620,10/13/2024,331.86
CUST00096,ORD7CA03C81,5/19/2024,140.6
CUST00096,ORDAE161EBF,3/20/2024,409.98
CUST00096,ORDE1BC6A37,4/25/2024,459.46
CUST00096,ORDF4874BF4,4/8/2025,37.4
CUST00097,ORD196831E6,3/12/2024,292.09
CUST00097,ORD1EB50CFB,8/8/2024,491.51
CUST00097,ORDBDF760F7,12/27/2024,200.33
CUST00097,ORD223B1A84,6/28/2024,468.25
CUST00097,ORDC763DC20,6/23/2024,495.86
CUST00097,ORD6C9BFF23,11/22/2024,95.12
CUST00097,ORD5B4C0358,1/7/2024,125.91
CUST00097,ORD28B11F2B,1/20/2024,165.82
CUST00098,ORD240DC950,3/1/2025,457.85
CUST00098,ORDB618CA9E,4/12/2025,23.82
CUST00098,ORD77FC2774,2/23/2025,353.27
CUST00098,ORD20C6D3FF,4/18/2024,474.3
CUST00098,ORDB308B1AC,2/26/2024,286.17
CUST00098,ORDA525ED73,2/14/2024,285.92
CUST00098,ORD47132383,5/31/2024,102.23
CUST00098,ORD848D6207,10/8/2024,494.12
CUST00098,ORD91C34758,4/27/2024,442
CUST00098,ORDE0E4F242,9/27/2024,251.19
CUST00098,ORD5E0F732E,3/10/2025,161.44
CUST00098,ORD5827D697,3/23/2025,250.31
CUST00099,ORD3FF1897E,8/14/2023,37.52
CUST00099,ORD5E41530E,1/10/2025,304.81
CUST00099,ORD44E3C93C,3/13/2024,19.76
CUST00100,ORD4478CEEE,8/12/2024,10.33
CUST00100,ORDFE2A25C7,2/15/2025,459.77
CUST00100,ORD92B15B62,8/18/2024,108.72
CUST00100,ORDFFAF5161,1/12/2025,73.94
CUST00100,ORD8A1CCC6D,12/2/2024,361.3
CUST00100,ORDA78B1EFD,1/28/2025,460.2
CUST00100,ORD2467B9E6,1/10/2025,423.7
CUST00100,ORDC2E5A0F5,1/17/2025,168.56
CUST00100,ORD38ECC11B,11/19/2024,20.74
CUST00100,ORDD02B744E,12/10/2024,297.44
CUST00100,ORD52D872A6,2/24/2025,459.44
CUST00100,ORD699E05AA,8/5/2024,389.44
CUST00100,ORD08CCE7A1,4/4/2025,424.78
CUST00100,ORDC34FE7E4,9/3/2024,431.73
CUST00100,ORDEDF79D1A,7/30/2024,480.67
CUST00100,ORD52EE7F00,6/4/2024,193.06
CUST00101,ORD640FC65D,12/26/2023,297.15
CUST00101,ORD3F619087,11/29/2024,174.91
CUST00101,ORD86EDE7F1,2/28/2025,168.08
CUST00101,ORDDB42B860,1/5/2025,488.17
CUST00101,ORDBFAEC686,3/31/2025,368.85
CUST00101,ORD0A40B31F,11/29/2024,224.07
CUST00101,ORD086FE48A,10/2/2023,323.24
CUST00101,ORD408BE9A4,4/17/2025,248.73
CUST00101,ORD1C3861D6,4/3/2024,165.47
CUST00101,ORDE0659F1C,1/15/2024,356.52
CUST00101,ORDCE04CC5D,8/22/2023,285.37
CUST00101,ORD6C3F0B6E,6/2/2024,445.9
CUST00101,ORDABD8835E,5/23/2024,310.72
CUST00102,ORD74C7A2C3,4/14/2025,119.39
CUST00102,ORD8E011278,7/10/2024,298.59
CUST00102,ORD34A097D5,11/9/2024,95.92
CUST00102,ORDEA5231A7,12/17/2024,160.34
CUST00102,ORDADD0B904,1/16/2025,347.36
CUST00102,ORD9BDF118F,1/4/2025,72.4
CUST00102,ORD71617F61,8/6/2024,367.13
CUST00102,ORD97B3DF83,7/31/2024,474.91
CUST00102,ORDD4808FE9,1/3/2025,474.86
CUST00102,ORD43F6EBB3,9/17/2024,201.88
CUST00102,ORDD9DC5A61,9/29/2024,497.2
CUST00102,ORDF72F724F,2/1/2025,482.94
CUST00103,ORDA1141759,4/18/2024,99.22
CUST00103,ORD66BBFCE3,1/1/2025,165.93
CUST00104,ORD941631FD,6/14/2024,118.24
CUST00104,ORD7CE735C0,9/19/2024,287.12
CUST00104,ORDFE6E3C2B,6/18/2024,468.98
CUST00104,ORDA448E1FD,2/12/2025,78.92
CUST00104,ORDD618FED5,9/3/2024,375.22
CUST00104,ORDD26F81EA,8/31/2024,126.62
CUST00104,ORDE9CAB1F2,2/26/2025,491.37
CUST00104,ORDF98EBAF5,7/14/2024,92.26
CUST00104,ORDC4D551E7,2/19/2025,443.81
CUST00104,ORDFD5F2B6A,9/7/2024,53.48
CUST00104,ORD0D51776B,3/26/2025,357.39
CUST00104,ORD4B21ABB5,4/22/2025,323.16
CUST00104,ORD48A4BE3F,10/16/2024,444.46
CUST00104,ORDB21BC915,10/2/2024,228.85
CUST00104,ORD2677786F,2/22/2025,139.95
CUST00104,ORDEB180DC0,11/12/2024,132.28
CUST00104,ORD6782C43E,6/1/2024,43.22
CUST00104,ORD7AE7B7CC,11/21/2024,135.76
CUST00104,ORDFB02CDC0,6/1/2024,62.94
CUST00104,ORDC426CE6D,7/12/2024,10.63
CUST00105,ORDDD64E7B5,2/6/2024,224.73
CUST00105,ORD58AA8713,8/12/2024,215.63
CUST00105,ORD8F844470,8/30/2024,91.51
CUST00105,ORD1AB2E3C5,4/1/2025,212.87
CUST00105,ORD6316C2B4,11/1/2023,442.07
CUST00105,ORDA5A68EAF,10/15/2023,182.1
CUST00105,ORD8F087DE3,2/4/2025,193.92
CUST00105,ORD7C6FC4E9,11/26/2024,416.12
CUST00105,ORDC791B183,2/16/2025,396.48
CUST00105,ORD1D4A246E,9/24/2023,293.25
CUST00105,ORDD50774C6,3/2/2024,381.54
CUST00105,ORD3C2BB420,8/1/2024,120.54
CUST00105,ORD4550408B,5/1/2024,231.13
CUST00106,ORD7F6D6BA2,9/17/2024,154.51
CUST00106,ORD413580F4,12/11/2023,166.17
CUST00107,ORD0300EDF4,1/23/2025,46.36
CUST00107,ORD0FCA7713,12/22/2024,93.35
CUST00107,ORD33FED6BD,10/26/2024,193.97
CUST00107,ORDE6368B92,4/27/2024,368.67
CUST00108,ORD79EF071A,5/16/2024,471.5
CUST00108,ORDA1528738,4/5/2024,489.24
CUST00108,ORD8A3F767D,10/5/2024,175.6
CUST00108,ORD98615C5C,5/17/2024,492.79
CUST00108,ORD425143BA,6/14/2024,447.68
CUST00108,ORD7DC51A0A,5/31/2024,355.21
CUST00108,ORDF572BA79,6/2/2024,221.35
CUST00108,ORDD3BE114A,3/27/2025,330.28
CUST00108,ORDFB5E70C7,4/18/2024,307.59
CUST00108,ORDC55D67F6,4/4/2024,222.76
CUST00108,ORD3ECBA21D,10/9/2024,36.24
CUST00108,ORDFBAFEFBC,2/28/2025,172.24
CUST00108,ORD8EDA48EB,3/27/2025,487.46
CUST00108,ORD54873FFC,12/27/2024,210.55
CUST00108,ORD66A85486,3/28/2024,281.52
CUST00108,ORD6166CD83,5/9/2024,463.53
CUST00108,ORDAE2B07A1,3/30/2025,274.66
CUST00108,ORD03E3B83D,1/27/2025,333.69
CUST00109,ORDB246590D,2/18/2025,126.4
CUST00109,ORDEF74950B,7/16/2024,34.32
CUST00109,ORD0BA5F4E0,3/25/2024,290.17
CUST00109,ORD7C14580F,2/16/2025,421.53
CUST00109,ORD7278EDF5,11/13/2023,85.26
CUST00109,ORDB68D23C6,4/12/2024,186.81
CUST00109,ORDE6DD581B,9/21/2024,219.53
CUST00109,ORD0BB7DB10,4/6/2025,154.33
CUST00109,ORD45876077,4/26/2024,334.39
CUST00109,ORDEAC28993,12/13/2024,304.11
CUST00110,ORD429E5285,3/1/2025,57.52
CUST00110,ORD04532993,7/25/2023,111.41
CUST00110,ORDEB66E674,5/17/2024,322.71
CUST00110,ORD225FCDB7,6/16/2024,488.76
CUST00110,ORD52BF4DE8,12/4/2024,242.05
CUST00110,ORD79AC84AB,1/8/2024,66.6
CUST00110,ORD2450F972,1/12/2024,394.59
CUST00111,ORDF31D5424,5/29/2024,249.66
CUST00111,ORDD8C65D1F,1/16/2024,333.91
CUST00111,ORDC21313E8,11/15/2024,54.66
CUST00111,ORDEDADC851,5/28/2024,276.62
CUST00111,ORDF23B0BF8,11/24/2024,100.59
CUST00111,ORD1507CD1F,4/7/2025,443.89
CUST00111,ORD42CE7F01,3/30/2025,191.01
CUST00111,ORDCF6BC5CF,12/21/2024,228.43
CUST00111,ORDB68788A8,5/23/2024,139.02
CUST00111,ORD97D86199,10/5/2024,237.88
CUST00111,ORD812CF7F8,4/15/2024,120.86
CUST00111,ORD896D2418,4/29/2025,141.6
CUST00111,ORD5D7BCBC6,5/26/2024,40.2
CUST00111,ORDF72F7C08,11/16/2024,378.6
CUST00111,ORD4473F905,11/9/2024,337.06
CUST00111,ORD0A25ECD3,1/12/2024,52
CUST00112,ORDFCB5AA99,1/13/2025,406.01
CUST00112,ORDF544272E,2/22/2024,212.85
CUST00112,ORD203D7695,6/20/2024,380.66
CUST00112,ORD9DDDD1E7,7/24/2024,121.48
CUST00112,ORD9093EC61,10/15/2023,39.88
CUST00112,ORD9908DC53,11/12/2023,199.68
CUST00112,ORD89B9D168,8/1/2023,266.07
CUST00112,ORDC31E247C,1/7/2025,483.16
CUST00112,ORD8359E633,8/12/2023,346.66
CUST00112,ORD35BECFAF,11/26/2023,468.82
CUST00112,ORD17547724,1/7/2025,290.63
CUST00112,ORDE2315D16,1/14/2025,125.46
CUST00113,ORD4F91A10C,2/24/2024,48.69
CUST00113,ORD8FFBB5BF,9/23/2024,452.36
CUST00113,ORDC50EED1A,7/30/2024,360.01
CUST00113,ORD286B31C4,9/17/2024,256.03
CUST00113,ORDAE9CFB16,10/17/2024,451.22
CUST00113,ORD532146AB,3/14/2024,402.22
CUST00113,ORD0EAB7836,1/12/2025,341.99
CUST00113,ORD368CA010,9/26/2024,313.93
CUST00113,ORD36B90900,5/3/2024,68.94
CUST00113,ORD2A7BF18E,7/27/2024,381.02
CUST00114,ORD17D26AF2,2/8/2024,475.04
CUST00114,ORDFBA0A23D,2/3/2025,91.91
CUST00114,ORDB0489812,12/23/2023,113.83
CUST00114,ORD89E1E6CC,3/25/2024,104.44
CUST00114,ORDECB57CC3,1/18/2024,30.91
CUST00114,ORDE42938BB,11/26/2023,48.4
CUST00115,ORD854C14F1,12/14/2024,108.94
CUST00115,ORD6039B609,3/22/2024,413.06
CUST00115,ORD894CCECD,3/31/2024,82.46
CUST00115,ORD3514871C,2/8/2024,301.57
CUST00115,ORDE868CE39,10/10/2024,166.68
CUST00115,ORDC711CAC1,8/25/2024,366.28
CUST00115,ORDF2847661,4/24/2024,405.6
CUST00115,ORDEB13A72E,2/13/2024,52.64
CUST00115,ORD047563CC,1/29/2024,282.62
CUST00115,ORD16C7BBB1,12/11/2024,280.51
CUST00115,ORD3146F132,4/15/2025,429.75
CUST00115,ORD669C58D8,8/28/2024,264.65
CUST00115,ORDD56FFB09,6/22/2024,459.41
CUST00115,ORD44274F39,4/27/2024,16.06
CUST00116,ORDAA58E48F,4/14/2025,297.91
CUST00116,ORDFF221BA0,10/5/2024,393.03
CUST00116,ORDE89A4402,9/4/2023,65.13
CUST00116,ORD67EAC909,12/2/2023,83.32
CUST00116,ORDAFBAAD91,9/29/2023,287.63
CUST00116,ORDBF6F8ED9,1/22/2025,295.51
CUST00116,ORD356DFB10,11/11/2023,482.77
CUST00116,ORDAB6EBE55,8/23/2023,59.1
CUST00116,ORD861AAA80,10/28/2024,61.76
CUST00116,ORD33CF4598,2/8/2025,391.98
CUST00116,ORD1A074BB0,8/27/2023,395.02
CUST00116,ORD102FA151,2/4/2025,435.06
CUST00116,ORDBF8D6C51,4/1/2024,441.27
CUST00116,ORDC92EFC18,12/20/2024,440.17
CUST00116,ORDD4C45CF6,2/6/2025,139.43
CUST00116,ORD849A7C29,8/6/2023,330.85
CUST00116,ORD52949A61,9/16/2024,290.29
CUST00116,ORD8E955396,4/7/2024,241.79
CUST00116,ORD03FD0CE9,1/20/2025,94.38
CUST00116,ORD78AA77D3,8/10/2023,207.46
CUST00117,ORD90669EE7,12/2/2023,308.24
CUST00117,ORD2137323E,2/21/2025,349.89
CUST00117,ORDC298C652,1/12/2025,29
CUST00117,ORD7C0B9AFE,6/3/2024,445.89
CUST00117,ORD78F5215A,4/29/2024,172.43
CUST00117,ORD49A5909B,4/29/2024,126.41
CUST00117,ORD16C3EE50,5/16/2024,375.42
CUST00117,ORD3DC96203,11/18/2023,461.21
CUST00117,ORD6AF066E1,8/3/2024,449.55
CUST00117,ORD3F1799CE,1/28/2025,19.91
CUST00117,ORD4974EC39,7/26/2024,410.52
CUST00117,ORDBB990E0B,12/11/2024,158.5
CUST00117,ORD0B12F2F9,3/7/2024,147.37
CUST00117,ORD477F1987,11/21/2024,250.89
CUST00117,ORD28F092EE,11/22/2024,351.13
CUST00117,ORD6DCE94AD,6/23/2024,58.13
CUST00117,ORD5919D467,5/18/2024,435.76
CUST00117,ORDD58C7796,3/15/2025,75.85
CUST00117,ORD90DA694E,4/7/2024,487.37
CUST00117,ORD2E9E75BA,7/4/2024,227.12
CUST00118,ORDE0EEB466,11/8/2024,142.02
CUST00118,ORD89BFC878,1/31/2025,214.22
CUST00118,ORDDBB60F0B,3/25/2024,326.32
CUST00118,ORDD7165F77,3/2/2024,102.09
CUST00118,ORDA2805936,4/15/2025,113.58
CUST00118,ORDE354D0FF,12/18/2024,413.75
CUST00118,ORD1716F78E,4/12/2024,373.06
CUST00118,ORD31EDF7DD,10/3/2024,382.15
CUST00118,ORD7CD000E4,10/4/2024,434.92
CUST00118,ORD23B83E80,7/13/2024,412.3
CUST00118,ORD066BE16E,10/20/2024,262.48
CUST00119,ORD1BDBC93E,10/5/2024,42.15
CUST00119,ORD68BF988A,8/20/2024,357.69
CUST00119,ORDBF5BBF28,12/6/2024,207.66
CUST00119,ORDA9019F7A,3/5/2025,392.45
CUST00119,ORDA10779A0,4/20/2025,266.9
CUST00119,ORD576B31CF,4/15/2025,288.65
CUST00120,ORDFE2A9EC5,6/30/2024,104.45
CUST00120,ORDBF6AD916,4/10/2025,418.14
CUST00120,ORDE1627CF0,7/22/2024,420.12
CUST00120,ORD326CF4CD,4/14/2024,132.25
CUST00120,ORDAD1DCCF8,3/23/2024,233.66
CUST00120,ORDCE6339F4,8/13/2024,459.84
CUST00121,ORD2D12ACBA,2/18/2025,144.25
CUST00121,ORD55403EF5,11/28/2023,413.52
CUST00121,ORD4E560CB6,5/27/2024,257.51
CUST00121,ORD9E9D64BC,8/17/2024,321.35
CUST00121,ORD07CC083E,11/8/2024,70.7
CUST00121,ORDA942A959,7/29/2024,24.98
CUST00121,ORD326C9065,4/9/2025,192.51
CUST00122,ORDB0A756E2,3/7/2025,228.59
CUST00122,ORDCFABF613,7/28/2024,480.65
CUST00122,ORD068A58F6,6/8/2024,242.55
CUST00122,ORDF77413B8,12/21/2023,280.15
CUST00122,ORD11095ED0,11/30/2024,178.68
CUST00122,ORD652F089E,10/15/2024,420.45
CUST00122,ORD79F80FFE,12/31/2023,136.74
CUST00122,ORD9A32A009,12/7/2024,417.13
CUST00122,ORD2D76F50C,2/6/2025,54.29
CUST00122,ORD0E58B101,1/18/2025,23.45
CUST00122,ORD94751265,12/3/2024,34.33
CUST00122,ORD9E38A6D1,8/11/2024,428.37
CUST00122,ORD85D04B33,7/31/2024,392.12
CUST00122,ORD32E15883,9/9/2024,115.02
CUST00122,ORDBC87A7D9,8/23/2024,118.46
CUST00122,ORD6B09CFCE,12/24/2023,120.3
CUST00122,ORD8F5E26EC,2/29/2024,111.3
CUST00122,ORD721D6356,1/14/2024,329.28
CUST00122,ORD048B80DE,3/21/2024,261.51
CUST00122,ORDA4033115,2/15/2024,433.67
CUST00123,ORD4394FF85,7/5/2024,242.31
CUST00124,ORDEA8D846A,10/30/2024,327.21
CUST00124,ORD153E7D66,2/19/2024,304.56
CUST00124,ORD4A8DE605,3/30/2025,14.15
CUST00124,ORDA51B37DB,9/17/2023,133.67
CUST00124,ORD51EF2C6B,3/18/2024,404.49
CUST00125,ORDEA935E9F,8/16/2024,359.24
CUST00125,ORD7FDBB8C8,4/8/2024,357.59
CUST00125,ORDDB729B53,2/22/2025,144.94
CUST00125,ORD98BBB4B2,11/9/2024,448.79
CUST00125,ORD4468E119,11/18/2024,427.28
CUST00125,ORD5CB7F4F3,10/12/2024,234.91
CUST00125,ORD3F6C8CC8,3/13/2024,116.92
CUST00125,ORDCFA1106E,4/10/2025,158.05
CUST00125,ORD6821B1BF,3/29/2025,265.11
CUST00125,ORD7B3D98F7,6/25/2024,315.57
CUST00126,ORDE1E0DC49,5/27/2024,60.13
CUST00126,ORD8DC61635,1/6/2024,260.64
CUST00126,ORD878DF447,8/23/2024,334.55
CUST00126,ORD3EC0F4DA,10/11/2024,423.21
CUST00126,ORD2CAE9458,10/16/2024,193.37
CUST00126,ORD6A628438,7/28/2024,327.2
CUST00126,ORDDDF02EAB,11/30/2023,308.43
CUST00126,ORDEA741052,12/26/2024,156.25
CUST00126,ORD66CD138F,6/14/2024,62.97
CUST00126,ORD081158D3,12/15/2024,41.28
CUST00126,ORDE3AF14E6,10/2/2024,494.3
CUST00126,ORD702DA18C,3/23/2024,323.89
CUST00126,ORD60A299CB,2/6/2024,432.13
CUST00126,ORD4D726651,12/7/2024,137.96
CUST00126,ORDCC58011A,3/24/2025,358.44
CUST00126,ORD751B36F5,10/22/2024,447.26
CUST00126,ORDE1D73AB9,9/14/2024,156.41
CUST00126,ORDDC207573,1/31/2024,83.47
CUST00126,ORD3060D725,1/29/2024,385.08
CUST00127,ORD2BB50683,9/15/2024,404.66
CUST00127,ORD2F6D2594,8/18/2024,403.16
CUST00128,ORD5E010393,7/29/2024,208.01
CUST00128,ORD723B477B,6/10/2024,166.6
CUST00128,ORD883312F7,1/14/2025,78.57
CUST00128,ORDBFBB0667,12/14/2024,22.47
CUST00128,ORD1D159641,3/22/2025,253.71
CUST00128,ORD8F129245,8/15/2024,154.85
CUST00128,ORD9F49E24C,3/12/2025,454.39
CUST00128,ORDF5C5F536,12/30/2024,208.25
CUST00128,ORD4910440F,7/20/2024,371
CUST00128,ORDF0765454,9/7/2024,295.68
CUST00128,ORD8BBE5224,4/22/2024,497.43
CUST00128,ORDA3D4BAB7,12/2/2024,409.85
CUST00128,ORDDF417D69,2/20/2025,178.15
CUST00128,ORD279142DC,3/30/2025,359.55
CUST00128,ORD3B4A9BE6,3/2/2025,346.3
CUST00128,ORDAE06EF21,7/24/2024,322.77
CUST00128,ORD417528F3,12/8/2024,243.11
CUST00128,ORD57ACD485,4/19/2025,470.93
CUST00128,ORD5B2F0938,8/21/2024,185.66
CUST00128,ORDC9A2E6C5,9/27/2024,157.1
CUST00129,ORD10268B85,3/30/2024,421.91
CUST00129,ORDFE005D5A,10/21/2024,439.48
CUST00129,ORD6FEC0914,6/3/2024,98.76
CUST00129,ORD010D770A,1/13/2025,57.83
CUST00129,ORD299F17A7,8/29/2024,72.69
CUST00129,ORDDAF12D03,4/26/2024,136.74
CUST00130,ORD5B2A45A9,6/10/2024,383.83
CUST00130,ORDD46EBCC4,12/28/2024,99.7
CUST00130,ORD549B32D9,3/7/2024,343.06
CUST00130,ORDE591E875,1/25/2025,174.46
CUST00130,ORD44CD59C5,8/2/2024,53.76
CUST00130,ORDB3D5D3A4,5/4/2024,184.09
CUST00130,ORD13E66926,9/4/2024,374.66
CUST00130,ORD0D1B92F6,4/29/2024,160.47
CUST00130,ORD83D484F9,1/29/2025,396.16
CUST00130,ORDFFA8B4F9,4/10/2024,172.35
CUST00130,ORDC5544D37,5/3/2024,137.67
CUST00130,ORD3BCBB417,5/24/2024,154.09
CUST00130,ORDC5B8B73B,10/3/2024,427.09
CUST00130,ORD69B7C956,11/20/2024,240.56
CUST00130,ORDA0BDC976,7/13/2024,434.53
CUST00130,ORD7350133C,2/8/2025,295.95
CUST00130,ORD756F0BF0,7/18/2024,472.71
CUST00130,ORD3DB2F107,7/31/2024,44.9
CUST00131,ORDC1E88887,3/11/2024,255.23
CUST00131,ORD491979A5,7/12/2024,435.07
CUST00131,ORD6E4DB11F,11/22/2024,197.02
CUST00131,ORDD12AE044,7/2/2024,156.19
CUST00131,ORD36AB2AA7,7/7/2024,36.49
CUST00131,ORD842217D7,10/12/2024,428.58
CUST00131,ORD28458EFB,5/7/2024,77.31
CUST00132,ORDCCE14290,11/2/2024,177.91
CUST00132,ORD62B8C4A0,3/20/2025,493.72
CUST00132,ORDC8A80BF1,7/20/2024,447.49
CUST00132,ORDBFA80EE0,10/12/2024,493.46
CUST00132,ORD07F1E71D,1/11/2024,80.18
CUST00132,ORDDAE57109,10/13/2024,432.57
CUST00132,ORDB7C35FC9,4/30/2024,98.37
CUST00133,ORDC7FC719E,7/17/2024,248.91
CUST00133,ORDD9862D03,11/11/2023,319.21
CUST00133,ORDF7B411E0,2/29/2024,96.64
CUST00134,ORDB8A43F84,2/18/2025,12.31
CUST00134,ORD21EDC936,10/17/2024,144.03
CUST00135,ORD534F11AD,2/1/2025,292.38
CUST00135,ORDBEB75750,1/24/2025,87.63
CUST00135,ORDE4A3207F,5/8/2024,394.75
CUST00135,ORD9CF78C22,5/2/2024,392.08
CUST00135,ORD9CE7374C,4/29/2024,73.41
CUST00135,ORD53983FF7,3/22/2024,222.52
CUST00136,ORDD2B48C0E,6/13/2024,207.66
CUST00136,ORD504779AC,3/21/2025,483.01
CUST00136,ORD9196D3A7,7/16/2024,197.83
CUST00136,ORD3BD42627,4/12/2025,28.49
CUST00136,ORD6C50EF65,3/29/2024,107.71
CUST00136,ORDFBE91DDF,11/1/2024,192.82
CUST00136,ORD35D8966A,4/5/2025,16.9
CUST00136,ORD9D8A03FB,2/17/2025,167.88
CUST00136,ORDB53CE78A,3/5/2024,418.28
CUST00136,ORDD2EBB76F,2/18/2025,103.38
CUST00136,ORD9D87D1A3,5/2/2024,341.61
CUST00136,ORD5A5C2ECD,6/9/2024,317.08
CUST00136,ORD3DB8702F,1/9/2025,131.92
CUST00136,ORD9E9ED5CA,10/8/2024,349.83
CUST00137,ORD84B1942E,4/24/2025,162.93
CUST00137,ORD145D4C08,8/30/2024,60.33
CUST00137,ORDF9852C80,10/12/2024,256.63
CUST00137,ORDC6F8DE12,9/29/2024,160
CUST00137,ORDDE496C96,9/17/2024,41.99
CUST00137,ORDC44499A6,4/2/2025,32.4
CUST00137,ORD460107EB,11/11/2024,474.75
CUST00137,ORD2AB8197A,1/18/2025,233.4
CUST00137,ORD1F517483,7/5/2024,264.94
CUST00137,ORDCF8F6928,2/28/2025,266.82
CUST00137,ORDD45B5632,9/3/2024,222.5
CUST00137,ORD2BA43F42,1/8/2025,346.52
CUST00138,ORD4B630183,11/8/2024,177.94
CUST00138,ORD4D5EFC48,8/15/2024,451.68
CUST00138,ORD8C2655F7,3/15/2025,186.03
CUST00138,ORD1BA1CC1D,7/13/2024,102.33
CUST00138,ORD186D72B9,3/18/2024,474.56
CUST00139,ORD5A49155B,7/27/2024,19.37
CUST00139,ORD1CA60229,11/29/2024,119.92
CUST00139,ORDF40DC224,6/15/2024,492.59
CUST00139,ORD1A963D8A,6/15/2024,113.48
CUST00139,ORDC44E070D,4/5/2024,20.74
CUST00139,ORD7A295AC0,10/31/2024,257.27
CUST00139,ORD99CC9081,4/22/2025,70.35
CUST00139,ORD472A2A02,3/13/2025,358.44
CUST00139,ORD7F072C5C,6/13/2024,398.14
CUST00139,ORD81242F17,3/7/2025,193.84
CUST00139,ORDC7843F42,8/30/2024,323.76
CUST00139,ORD3A5ED9EE,7/1/2024,387.91
CUST00139,ORD9B2E85A0,3/22/2024,315.34
CUST00140,ORD8E53B6C5,7/29/2024,497.39
CUST00140,ORDDD337D95,12/21/2024,334.37
CUST00140,ORDFB408EA1,7/23/2024,330.25
CUST00140,ORDC176AFED,6/2/2024,19.67
CUST00140,ORD7D6D6A2C,3/7/2025,347.98
CUST00140,ORD478B2E9F,9/14/2024,214.22
CUST00140,ORD54E4BC8E,4/4/2025,196.32
CUST00140,ORD26DD35FA,1/6/2025,278.17
CUST00140,ORDF9E3A295,6/18/2024,242.45
CUST00140,ORD96A37348,12/22/2024,85.03
CUST00140,ORD713BF3BC,3/6/2024,350.64
CUST00140,ORD3F2356F9,11/24/2024,318.85
CUST00140,ORDEDF8D2EF,2/19/2024,157.55
CUST00140,ORD51B59CF3,8/14/2024,334.22
CUST00140,ORD322EE76D,3/3/2025,334.62
CUST00140,ORD1F4665A8,8/23/2024,142.29
CUST00140,ORD25AFDAA0,4/3/2024,306.76
CUST00140,ORDD7610270,4/17/2024,77.21
CUST00140,ORD83C611C1,7/20/2024,417.02
CUST00140,ORD5C84ECAE,7/30/2024,61.41
CUST00141,ORD2920B9D5,8/8/2024,67.69
CUST00141,ORD6A87D975,5/25/2024,65.87
CUST00141,ORD8E8004A3,1/26/2025,62.07
CUST00141,ORDEF742362,3/8/2025,107.34
CUST00141,ORDDCAC0F63,10/23/2023,107.88
CUST00141,ORDB570EAE0,11/14/2023,138.87
CUST00141,ORDC3FA3FE8,7/28/2024,266.34
CUST00141,ORDD5C6B88B,3/25/2024,108.82
CUST00141,ORD82360874,4/1/2024,354.68
CUST00141,ORD52AA998B,1/9/2024,154.72
CUST00141,ORD87EF45B9,1/17/2025,29.31
CUST00141,ORDCCEF7035,10/26/2024,253.21
CUST00141,ORD0FBE753A,7/2/2024,111.77
CUST00141,ORD711281E3,11/1/2024,467.23
CUST00141,ORD6485CA23,2/22/2024,172
CUST00141,ORDCAE9741E,4/2/2025,11.34
CUST00141,ORD616C480E,1/23/2025,339.1
CUST00141,ORD230FBA0D,5/23/2024,454.37
CUST00141,ORD18243268,11/8/2023,419.26
CUST00141,ORD33A8FF1C,11/8/2024,337.82
CUST00142,ORD08BC0185,3/20/2025,475.23
CUST00142,ORD3BB358D3,7/26/2024,391.97
CUST00142,ORD5C0D7308,11/6/2024,46.77
CUST00142,ORD645FA138,2/28/2025,364.55
CUST00142,ORD1BC923EA,9/27/2024,453.34
CUST00143,ORDE76BF3FC,4/7/2025,233.81
CUST00143,ORD4E163E25,9/26/2024,488.87
CUST00143,ORD9F4FFB5A,4/13/2025,139.42
CUST00143,ORD450E0268,10/22/2024,34.54
CUST00143,ORD8EC6C6E9,10/22/2024,408.46
CUST00143,ORD53B79834,7/31/2024,438.33
CUST00143,ORDF7AFEF89,2/20/2025,427.6
CUST00143,ORDD3CE0B31,3/22/2025,186.51
CUST00144,ORD133B26CD,4/28/2024,218.74
CUST00144,ORDC448A5CA,7/4/2023,66.79
CUST00144,ORD8D6318D7,4/11/2025,427.11
CUST00144,ORD00A66966,11/7/2024,446.24
CUST00144,ORDD794F86A,8/12/2023,14.74
CUST00144,ORD8926B040,5/4/2024,77.81
CUST00144,ORDF1CCBB22,8/13/2023,327.13
CUST00144,ORDAA6C7A36,8/17/2023,171.04
CUST00144,ORDA506779A,2/6/2025,448.32
CUST00144,ORDEE3D5EB2,4/20/2025,477.99
CUST00144,ORDEE7335BF,6/5/2024,141.47
CUST00145,ORD2F8EC1C6,1/30/2025,192.58
CUST00145,ORD959407DA,1/30/2025,177.93
CUST00145,ORDB62AF665,9/16/2024,65.78
CUST00146,ORD6D4803F1,12/24/2024,481.53
CUST00146,ORD42284ECB,1/5/2024,143.2
CUST00146,ORD41990E2B,9/19/2024,199
CUST00146,ORD4DE2B951,7/19/2024,426.83
CUST00146,ORD4A640F1E,12/27/2023,401.95
CUST00146,ORDD390BAAA,6/29/2024,327.93
CUST00146,ORDB3DB7F11,11/18/2023,400.49
CUST00146,ORD3706A549,7/5/2024,65.4
CUST00146,ORD3F248260,2/13/2025,351.12
CUST00146,ORD7670326A,8/17/2024,38.74
CUST00146,ORDA42F7295,5/17/2024,471.81
CUST00146,ORD61D078D4,6/8/2024,88.1
CUST00146,ORD285EAFB4,12/9/2024,213.85
CUST00147,ORD4FE5B0D9,7/21/2024,246.51
CUST00147,ORD4843D819,2/19/2025,288.78
CUST00147,ORD057A3FBB,8/6/2023,224.7
CUST00147,ORD735336D0,7/2/2023,309.55
CUST00147,ORD94FE85A9,1/4/2024,391.79
CUST00147,ORD0695F3D5,9/14/2023,309.57
CUST00147,ORD36D50FDC,4/2/2025,432.66
CUST00147,ORD40F99CE0,1/4/2024,441.18
CUST00147,ORD716982C4,4/5/2025,366.37
CUST00147,ORD2E8E1689,12/18/2023,446.96
CUST00147,ORD5D05B574,9/7/2024,246.71
CUST00147,ORD7CB05B77,9/11/2023,249.18
CUST00147,ORDA8889E85,3/5/2025,444.92
CUST00147,ORD9C898B8E,8/7/2024,225.94
CUST00147,ORD112E0A69,7/4/2023,41.03
CUST00147,ORD19E000CE,7/1/2023,330.94
CUST00147,ORDD8E4936B,4/20/2024,16.06
CUST00147,ORD0400E734,6/29/2024,435.48
CUST00147,ORD1E4A70BE,12/17/2023,267.16
CUST00148,ORD2EAF8AE1,4/18/2025,364.65
CUST00148,ORDA40F4BFA,12/17/2024,119.75
CUST00148,ORD5AA2CCC9,4/28/2024,478.32
CUST00148,ORD5F233F8B,9/7/2023,437.84
CUST00148,ORD124FF9B4,10/30/2023,264.36
CUST00148,ORDB50B7346,2/22/2025,347.24
CUST00148,ORD780886B7,11/29/2023,312.94
CUST00148,ORD6CE5122F,12/14/2023,222.1
CUST00148,ORDBEB3BF34,6/17/2024,366.06
CUST00148,ORD0FDFD301,11/27/2024,246.15
CUST00148,ORD13D7D664,10/25/2024,335.22
CUST00148,ORDD1D8960B,11/28/2024,324.29
CUST00148,ORDFD5C9B80,12/7/2023,82.84
CUST00148,ORD8D0A64D5,8/29/2023,414.95
CUST00148,ORD264BFDC7,10/9/2023,447.11
CUST00148,ORD7E01C8CD,12/8/2024,310.33
CUST00148,ORDCD9CBAAE,7/26/2024,15.71
CUST00148,ORD4998C40C,4/24/2024,467.84
CUST00148,ORDA007E0B3,7/26/2024,257.73
CUST00149,ORDBD11BBF6,3/9/2024,427.42
CUST00149,ORD0E9A567F,5/2/2024,436.01
CUST00149,ORD505598BD,10/26/2024,46.68
CUST00149,ORDE9BD6FFD,2/10/2025,250.91
CUST00149,ORD2E7838A1,11/24/2024,128.04
CUST00149,ORDDC5394F7,11/18/2024,485.37
CUST00149,ORD51C26639,1/28/2024,34.67
CUST00149,ORD3AA724D5,12/12/2023,119.13
CUST00149,ORD94C14F95,10/12/2024,325.23
CUST00149,ORDE1482FE4,9/13/2024,207.61
CUST00149,ORD937CA91C,1/16/2025,125.15
CUST00149,ORDC2688083,6/13/2024,234.96
CUST00149,ORDE40A3714,3/24/2025,402.62
CUST00149,ORDC29D025F,1/15/2024,229.57
CUST00149,ORD0B3E0354,8/19/2024,429.73
CUST00149,ORD9338934E,12/24/2024,229.06
CUST00150,ORD4CAD9F69,1/4/2025,490.53
CUST00150,ORDD5CEC4B8,4/8/2024,375.17
CUST00150,ORD355F3C17,10/29/2024,18.71
CUST00150,ORD26733899,6/27/2024,207.69
CUST00151,ORDC99E2D2D,11/5/2023,282.99
CUST00151,ORD2C5583D5,10/17/2023,10.08
CUST00152,ORD9FEAC70B,10/24/2023,397.97
CUST00152,ORD48C24CF0,10/25/2024,481.95
CUST00152,ORD3306745F,3/23/2025,322.39
CUST00153,ORD3DA62700,3/20/2025,285.54
CUST00153,ORDE6150642,9/25/2023,330.75
CUST00153,ORDFFFEAD23,9/9/2024,233.54
CUST00153,ORD8F3ED0B5,5/24/2024,177.02
CUST00153,ORD2038386B,10/20/2024,414.4
CUST00153,ORD55B091AA,1/3/2024,410.13
CUST00153,ORD453C71A7,1/15/2024,423.72
CUST00153,ORD0A996BF7,12/4/2024,172.67
CUST00153,ORD4295D085,9/15/2024,386.03
CUST00153,ORD9B46B704,1/10/2024,303.98
CUST00153,ORD8571AB8E,8/17/2024,361.16
CUST00153,ORD8E298602,3/25/2024,188.01
CUST00153,ORD42E5B6C4,6/8/2024,231.74
CUST00153,ORD30769F88,3/5/2024,57.74
CUST00153,ORD5E7A5D46,11/2/2023,332.87
CUST00153,ORD5E1A4665,8/13/2024,11.08
CUST00153,ORDAE99B386,4/29/2025,184.02
CUST00154,ORD4D1BF0C0,7/28/2024,278.37
CUST00154,ORD169C449A,6/1/2024,193.21
CUST00154,ORD4956847A,1/14/2025,62.1
CUST00154,ORD6EA30AD1,8/3/2024,449.47
CUST00154,ORD57C104C1,5/29/2024,251.29
CUST00154,ORD379EE3C3,2/13/2024,412.7
CUST00154,ORD921B4310,2/3/2025,373.83
CUST00154,ORDB341765D,5/3/2024,210.51
CUST00154,ORD4F94419B,11/8/2024,134.6
CUST00154,ORDD766D193,12/9/2024,106
CUST00155,ORD678E7A3C,3/10/2024,465.81
CUST00155,ORDFEB1A1FA,7/30/2024,202.52
CUST00155,ORDBCA5920E,4/22/2024,233.95
CUST00155,ORD6A6E88AD,7/17/2024,392.9
CUST00156,ORDCAA1D8D8,4/1/2024,62.81
CUST00156,ORD6FF43873,1/2/2025,213.09
CUST00156,ORDFC56B08D,12/28/2023,464.05
CUST00156,ORD07F3769F,8/10/2024,420.36
CUST00156,ORD87F70795,1/23/2024,298.52
CUST00156,ORD1148F3FE,9/17/2024,388.35
CUST00156,ORD2011955E,11/4/2024,230.75
CUST00156,ORDE880D3E2,4/8/2025,332.64
CUST00156,ORD4AF8A8A4,12/16/2024,478.53
CUST00156,ORD991F2C08,7/31/2024,75.97
CUST00156,ORDB7601764,5/21/2024,254.43
CUST00157,ORDE8BB2FEE,7/12/2024,370.74
CUST00157,ORD3B10D811,1/7/2025,281.08
CUST00157,ORDBE8E7229,11/14/2023,222.08
CUST00157,ORDA5473A6F,4/25/2025,296.71
CUST00157,ORD0E6F0BEE,4/15/2025,462.94
CUST00157,ORD8E744052,7/28/2023,392.73
CUST00157,ORD957CF93F,8/14/2023,455.99
CUST00157,ORDE97D1319,10/15/2023,348.99
CUST00157,ORD062D3528,11/27/2024,95.09
CUST00157,ORD1DD912F0,9/4/2023,409.47
CUST00157,ORD6F1318BE,10/23/2023,60.74
CUST00157,ORDFBBD1758,6/17/2024,332.19
CUST00157,ORDBDA60342,4/5/2025,307.02
CUST00157,ORD8E1A87B8,8/30/2024,167.7
CUST00157,ORDB7B91591,1/3/2025,441.88
CUST00157,ORD7B86D6FC,11/10/2023,215.15
CUST00157,ORD4EEF20A7,11/28/2023,308.41
CUST00158,ORDAD739F47,2/14/2024,144.06
CUST00158,ORD5C62F520,9/20/2024,482.16
CUST00158,ORD787AE331,11/23/2023,485.54
CUST00158,ORDCC641EFD,3/23/2024,231.89
CUST00158,ORDF87770DC,12/12/2023,75.35
CUST00158,ORD9DB347F4,1/25/2024,212.25
CUST00158,ORDDB852F57,8/25/2024,353.01
CUST00158,ORD38313FBD,7/19/2023,376.73
CUST00159,ORD02DDA664,12/12/2024,423.11
CUST00159,ORD82FCE849,4/20/2024,278.42
CUST00159,ORD4299B0CF,12/22/2024,163.82
CUST00159,ORD28AD8653,9/18/2024,371.04
CUST00159,ORD0C67D997,9/19/2024,281.25
CUST00159,ORDF17E14AF,4/23/2024,116.5
CUST00159,ORDF31E4692,10/24/2024,112.76
CUST00159,ORDE8FD9275,11/20/2024,360.05
CUST00159,ORD6D9388BB,2/9/2025,346.44
CUST00159,ORD2A4AAC65,4/15/2024,461.38
CUST00160,ORD1EE864BD,12/10/2024,490.85
CUST00160,ORD94DAC754,4/12/2025,328.54
CUST00160,ORDFFDC82E6,6/19/2024,479.58
CUST00160,ORD7382CBA8,5/18/2024,256.91
CUST00160,ORDF2618B94,10/15/2023,350.21
CUST00161,ORD4324F9C3,10/31/2024,358.07
CUST00161,ORD691C14FA,10/20/2024,382.78
CUST00161,ORDEA835658,3/5/2024,285.52
CUST00161,ORDBF96E222,2/29/2024,295.58
CUST00161,ORD2C681D15,11/11/2024,471.91
CUST00161,ORD75D8DAE7,11/14/2024,357.96
CUST00161,ORD6ED846C0,12/10/2023,340.38
CUST00161,ORD202307F8,11/30/2024,447.99
CUST00161,ORDDCFF4FAA,3/24/2024,271.61
CUST00161,ORD5FE450BB,8/23/2024,439.96
CUST00161,ORD36507921,9/24/2024,216.97
CUST00162,ORDBA00EEB7,2/25/2025,266.14
CUST00163,ORDC694B827,4/30/2024,196.63
CUST00164,ORD1547A15A,2/23/2025,338.42
CUST00164,ORD3768CF14,5/5/2024,107.95
CUST00165,ORDA4366C64,12/6/2023,491.93
CUST00165,ORD690D7EA9,2/1/2024,344.86
CUST00165,ORD7D6A24F7,9/18/2023,81.75
CUST00165,ORDC905005D,6/22/2024,40.4
CUST00165,ORD2F96E362,1/18/2024,394.34
CUST00165,ORDC724C526,10/21/2023,109.96
CUST00166,ORD2F2E67B8,10/22/2023,25.83
CUST00166,ORDA6A5554C,8/30/2024,408.87
CUST00166,ORD727EC130,11/7/2024,60.22
CUST00166,ORD157EFA2D,2/21/2024,435.34
CUST00166,ORD0341495E,8/16/2024,372.35
CUST00166,ORD8B92A543,12/5/2024,433.77
CUST00166,ORD1137FF9F,9/15/2024,373.78
CUST00166,ORDB7B4DBA4,6/25/2023,285.02
CUST00166,ORD04D09936,9/28/2023,126.42
CUST00166,ORDBE1E0B29,3/12/2025,394.31
CUST00166,ORDCBC719E7,7/13/2024,401.42
CUST00166,ORD1CCBCB01,10/20/2024,150.94
CUST00166,ORD153BAA96,3/13/2024,335.6
CUST00166,ORD36598262,6/25/2024,463.98
CUST00166,ORD0F26FD3F,1/27/2025,199.9
CUST00166,ORDF8373EB1,1/17/2025,478.78
CUST00166,ORD029CDA35,10/29/2023,488.15
CUST00166,ORDFF4CB364,12/13/2023,163.2
CUST00167,ORD6FF9E5F1,2/23/2025,36.36
CUST00167,ORDA5C6D45B,12/8/2023,374.4
CUST00167,ORDC79EC8C9,3/10/2025,109.51
CUST00167,ORD902B3C34,9/5/2023,435.74
CUST00167,ORD499D6DE2,7/18/2023,431.62
CUST00167,ORDB66122E1,3/23/2025,227.1
CUST00167,ORD15545234,4/10/2025,120.52
CUST00167,ORD7A764B1C,8/8/2023,320.56
CUST00167,ORD6D00F628,4/18/2025,357.68
CUST00167,ORD5D59C24C,7/4/2023,190.19
CUST00167,ORD720EB8E7,4/11/2025,298.31
CUST00167,ORD531C0CB1,1/25/2024,371.84
CUST00167,ORDA660073B,3/21/2024,106.27
CUST00167,ORD1395C675,3/30/2024,365.21
CUST00167,ORD2D0112CB,3/7/2025,104.81
CUST00167,ORD27F9E91B,9/15/2023,229.92
CUST00167,ORD1FF00D76,4/2/2024,491.89
CUST00167,ORD8C9978DB,4/8/2024,46.49
CUST00168,ORD9D1A6891,11/1/2024,370.19
CUST00168,ORD620138AC,3/15/2024,68.48
CUST00168,ORD0477F1E4,1/21/2025,29.91
CUST00168,ORDB8F9F1D3,11/25/2023,146.77
CUST00168,ORD2C932317,12/30/2024,139.48
CUST00168,ORD3A15297D,3/28/2025,88.86
CUST00169,ORD05085600,5/15/2024,12.77
CUST00169,ORD4CADCF97,1/16/2024,238.5
CUST00169,ORD8B064FE9,2/16/2025,469.37
CUST00169,ORDD0FA6F73,2/3/2025,29.57
CUST00169,ORDCE5F58FD,10/17/2024,465.03
CUST00169,ORDDECA30A0,8/9/2024,302.47
CUST00169,ORDE2A6B443,1/21/2025,389.09
CUST00169,ORD04F46654,6/7/2024,316.43
CUST00169,ORD4229C7EC,9/29/2024,423.14
CUST00170,ORD5EFE86D8,5/6/2024,250.37
CUST00170,ORDD55FA52C,2/16/2024,290.61
CUST00170,ORDB1F81C52,8/20/2024,185.46
CUST00170,ORDCB4FB5DF,1/19/2025,394.18
CUST00170,ORD58B0EC4A,7/12/2024,165.75
CUST00170,ORD01CCB4C1,2/19/2024,117.78
CUST00170,ORDB29DCB20,2/15/2025,100.1
CUST00170,ORDD1A901D8,2/2/2024,43.41
CUST00170,ORD9AC31EAD,7/14/2024,257.52
CUST00170,ORD4253CD16,4/27/2025,213.81
CUST00171,ORD45632D55,11/27/2023,207.67
CUST00171,ORDC85DB8B8,11/19/2024,181.21
CUST00171,ORD81807E10,9/13/2024,442.86
CUST00171,ORDE77E2F4A,1/25/2025,335.03
CUST00171,ORD88F3F8C6,2/24/2024,172.22
CUST00171,ORD1B4A2E65,3/9/2025,153.85
CUST00171,ORD4270B4BF,5/18/2024,475.65
CUST00171,ORD1B571286,5/1/2024,312.96
CUST00171,ORD70710DAD,3/18/2024,242.68
CUST00171,ORD571D1D78,9/24/2024,285.05
CUST00171,ORDD4588554,10/18/2024,378.55
CUST00171,ORD52AA78E4,4/28/2025,328.16
CUST00171,ORD9D6F7D05,8/15/2024,66.21
CUST00171,ORD6BCD196F,8/4/2024,179.54
CUST00171,ORDC2B233A3,11/12/2024,127.77
CUST00171,ORDDAD4F68F,9/18/2024,324.71
CUST00171,ORDC6804F43,1/14/2025,460.12
CUST00171,ORD82DBF372,10/26/2023,129.48
CUST00172,ORD221789A3,8/17/2024,344.45
CUST00172,ORD8BC68A8C,11/8/2024,167.26
CUST00173,ORD95688133,4/21/2025,199.08
CUST00173,ORD49505A6D,7/4/2024,274.72
CUST00173,ORDA8575106,1/13/2024,148.59
CUST00173,ORDE8ED19BE,3/16/2025,456.55
CUST00174,ORD62988031,6/14/2024,262.01
CUST00174,ORD9D04383D,8/16/2024,259.28
CUST00174,ORD631F9AA4,10/5/2024,248.53
CUST00174,ORDB3B4CDF3,2/25/2025,155.25
CUST00174,ORD258C8CB1,12/23/2024,329.25
CUST00174,ORD02A71B0D,3/18/2024,166.95
CUST00174,ORD790C04BA,9/16/2024,50.35
CUST00174,ORDB0C9371C,11/7/2024,57.02
CUST00174,ORD84AFC59A,3/23/2025,486.1
CUST00174,ORDDD074EA6,4/7/2024,388.93
CUST00174,ORD9EA42647,12/7/2024,271.27
CUST00174,ORDC9CC35FC,4/12/2025,317.2
CUST00175,ORD4F4B9B9E,7/18/2023,338.46
CUST00175,ORDF3E5AC3F,2/25/2025,389.06
CUST00175,ORD93F6F6FD,1/1/2025,433.83
CUST00175,ORD39DB32F8,4/9/2024,217.86
CUST00175,ORD0BEDBDDB,10/7/2024,60.92
CUST00175,ORD6B066B05,1/6/2025,273.5
CUST00175,ORD7841DD75,8/19/2024,354.34
CUST00176,ORD706E2ECF,3/5/2024,326.81
CUST00176,ORDBC65AB83,10/10/2024,470.48
CUST00176,ORD059F6CC3,4/12/2025,375.98
CUST00176,ORD98FE7B45,4/15/2024,85.34
CUST00176,ORD8237A073,10/25/2023,235.02
CUST00176,ORD64A8CA60,3/11/2024,172.54
CUST00176,ORD951503A1,6/12/2024,52.89
CUST00176,ORD164346BA,9/29/2023,36.59
CUST00176,ORDAA3D788B,9/25/2023,399.17
CUST00176,ORDFD955884,9/25/2024,283.46
CUST00176,ORD0DB900E2,4/21/2025,291.73
CUST00176,ORD1D940890,2/11/2024,121.55
CUST00176,ORD2BEB4C81,10/19/2024,136.74
CUST00176,ORD3C7C761F,11/22/2023,200.14
CUST00177,ORD041EAD7C,12/22/2024,222.18
CUST00177,ORDA5D5B634,4/26/2024,18.28
CUST00177,ORD320924BB,6/12/2024,339.92
CUST00177,ORD36E1EA6E,5/3/2024,272.07
CUST00177,ORD280940F5,1/27/2024,324.3
CUST00177,ORDD9C96ECD,7/5/2024,312.99
CUST00177,ORDD6888EB5,1/15/2025,380.42
CUST00177,ORDE80CD293,2/19/2025,296.95
CUST00177,ORD44B88B52,6/20/2024,353.43
CUST00177,ORD08FCD59A,9/19/2024,45.57
CUST00177,ORD2E460782,9/29/2024,464.74
CUST00177,ORD7DCBB238,2/7/2025,62.01
CUST00177,ORDE3C7943A,2/4/2024,395.58
CUST00178,ORDEB3F02B5,3/5/2024,307.22
CUST00178,ORD93F88A59,9/27/2023,147.94
CUST00178,ORD945258EE,2/12/2024,464.08
CUST00178,ORD11143AE3,2/14/2024,196.89
CUST00178,ORD99671750,3/21/2024,412.84
CUST00178,ORDF9FBF980,9/30/2023,25.1
CUST00178,ORD5C6B1780,12/23/2024,86.6
CUST00178,ORD8556B5FA,12/28/2024,117.73
CUST00178,ORDD15E5307,10/20/2024,375.91
CUST00178,ORD61549800,2/4/2025,400.42
CUST00179,ORD987BB781,7/31/2024,154.54
CUST00179,ORD0E0DF15F,11/4/2024,320.68
CUST00179,ORDC2370523,2/1/2025,156.05
CUST00179,ORDFEF15AE8,7/27/2024,444.62
CUST00179,ORDC5D14BF0,2/2/2025,483.03
CUST00179,ORD71057A0A,6/8/2024,434.9
CUST00179,ORDE1203ED4,7/24/2024,327.49
CUST00179,ORD424EEC7C,6/6/2024,479.12
CUST00179,ORD09292203,10/4/2024,15.46
CUST00179,ORD398283F9,12/29/2024,438.64
CUST00179,ORD989FD8CB,1/12/2025,79.27
CUST00179,ORD7ED6CC53,12/20/2023,30.47
CUST00179,ORD935D32B9,12/21/2023,290.63
CUST00179,ORD7F11F9F3,3/21/2025,203.1
CUST00179,ORD4C3EA510,3/22/2025,278.29
CUST00179,ORDA52176ED,3/3/2025,51.71
CUST00179,ORD22351AD0,4/2/2024,112.93
CUST00179,ORDF5BDCDD2,4/26/2024,373.3
CUST00180,ORD9AF6D1AD,12/13/2024,113.75
CUST00180,ORD5E934CF0,12/6/2024,453.76
CUST00180,ORDED8C6E86,2/23/2025,427.21
CUST00180,ORD6DEE502B,4/24/2024,79.8
CUST00180,ORDB4F9AD33,1/10/2025,100.16
CUST00180,ORD8048D1D8,3/13/2024,312.27
CUST00180,ORD9A5FD19E,12/29/2024,133.84
CUST00180,ORD4D4A9E69,5/29/2024,66.17
CUST00180,ORDD1D853E2,8/6/2024,338.78
CUST00180,ORD2D06F588,8/13/2024,287.97
CUST00180,ORDD541F797,9/24/2023,36.65
CUST00180,ORD5B50531C,6/21/2024,378.01
CUST00181,ORD5426C710,5/9/2024,236.02
CUST00181,ORDBDF903C2,3/3/2025,279.34
CUST00181,ORD591A86EE,7/28/2024,152.42
CUST00181,ORD20E87182,8/18/2024,43.01
CUST00181,ORD5D8966D2,9/2/2024,58.12
CUST00181,ORD6C4F959A,1/27/2025,365.54
CUST00181,ORD4950AA2C,11/15/2024,248.72
CUST00181,ORD1621B6D0,2/26/2025,172.12
CUST00181,ORD3B6D5324,10/7/2024,72.83
CUST00181,ORDB39CD606,10/19/2024,331.18
CUST00181,ORD636ADDB0,4/4/2025,59.02
CUST00181,ORD1FC445E0,10/30/2024,313.56
CUST00181,ORD26A7D92F,2/23/2025,451.06
CUST00181,ORDFAC8B2EF,7/16/2024,165.72
CUST00181,ORD7F01B6A8,3/31/2025,230.82
CUST00181,ORD22327015,1/2/2025,312.01
CUST00181,ORD39F56E47,9/3/2024,159.78
CUST00181,ORD5E370D66,4/12/2025,296.24
CUST00182,ORD3E145AC9,12/22/2024,287.76
CUST00182,ORDA7403082,7/23/2024,405.77
CUST00182,ORD614B5CC6,2/23/2024,479.74
CUST00182,ORD67EEE39F,11/15/2024,92.63
CUST00182,ORD68DB4BE6,4/26/2024,163.48
CUST00182,ORD9512D559,11/18/2024,394.97
CUST00182,ORDB615703A,4/11/2024,358.98
CUST00182,ORDB1F13ABC,9/21/2023,324.01
CUST00182,ORDFB7C13B6,4/3/2025,145.57
CUST00182,ORDBC8931F5,4/21/2024,186.15
CUST00182,ORD409E4815,11/20/2024,342.99
CUST00182,ORD27540BA6,4/4/2024,172.47
CUST00182,ORD980220C0,5/8/2024,245.18
CUST00182,ORD7FEEECD5,9/7/2024,228.23
CUST00182,ORD261B7FBD,8/12/2024,389.64
CUST00182,ORD8A8F9112,8/8/2024,248.62
CUST00182,ORDBD26CEFD,11/27/2023,63.33
CUST00182,ORD120244A3,11/10/2023,326.32
CUST00182,ORD8C1602E8,3/1/2025,50.17
CUST00183,ORD56EDD4C6,2/7/2025,430.77
CUST00183,ORD928FC694,5/26/2024,78.6
CUST00183,ORD0315EB01,5/28/2024,273.92
CUST00183,ORD2286B200,12/19/2023,138.98
CUST00183,ORD7F40F035,11/30/2023,444.3
CUST00183,ORD9250534D,4/25/2025,47.47
CUST00183,ORDACF473CF,3/13/2024,46.95
CUST00183,ORD5D07FE54,11/24/2023,19.13
CUST00183,ORD93C7E8B0,3/31/2024,258.52
CUST00184,ORD556930D6,3/16/2024,408.19
CUST00185,ORDCD880720,11/30/2024,208.52
CUST00185,ORD00C993E6,12/28/2024,299.12
CUST00185,ORD6E8FA3E0,7/6/2024,454.09
CUST00185,ORDCD94CEFB,12/27/2024,280.28
CUST00185,ORDDA8260AA,4/23/2025,276.3
CUST00185,ORDC466971D,3/11/2025,499.38
CUST00185,ORDAAF502F9,8/22/2024,241.33
CUST00185,ORDFFEBE450,3/1/2024,389.85
CUST00185,ORDFDF79EC8,3/22/2024,189.25
CUST00185,ORD4807ABF2,1/4/2025,119.42
CUST00185,ORD0E87F531,4/7/2024,388.35
CUST00185,ORDF029266B,3/11/2024,369.28
CUST00185,ORD30860758,1/6/2025,152.59
CUST00185,ORD80165147,2/28/2025,237.7
CUST00185,ORD50748785,8/19/2024,260.1
CUST00185,ORDC997CC54,6/22/2024,204.42
CUST00185,ORDCBF229A7,5/28/2024,256.06
CUST00185,ORD6655C5BD,4/16/2025,334.71
CUST00185,ORDDDF5340E,2/17/2024,425.51
CUST00186,ORD5F387BFE,11/19/2023,345.24
CUST00186,ORDEFD173B3,9/1/2023,381.03
CUST00186,ORD003B6960,2/10/2025,78.78
CUST00186,ORDCB5E69DD,12/16/2024,88.02
CUST00186,ORD4AFAE5D5,4/30/2024,287.52
CUST00186,ORD611070C5,11/11/2024,287.25
CUST00186,ORD8E641C8A,3/30/2024,437.38
CUST00186,ORD82861E47,4/17/2024,81.64
CUST00186,ORD8B4A8C2D,1/12/2024,368.68
CUST00186,ORD50B20BCA,2/8/2025,470.2
CUST00186,ORDF9938A8B,5/7/2024,29.81
CUST00186,ORD54D612F9,3/9/2025,383.12
CUST00186,ORDEA43D6F5,12/22/2024,123.56
CUST00186,ORDC7E3885D,10/9/2023,139.53
CUST00186,ORDFE031087,1/4/2024,124.67
CUST00186,ORD7CCAAFDA,4/10/2024,337.61
CUST00186,ORD948889D2,4/11/2024,263.76
CUST00186,ORD1F7D607B,11/26/2023,397.82
CUST00186,ORDE3A5EAA5,5/1/2024,200.17
CUST00186,ORD38EA933C,7/1/2024,459.77
CUST00187,ORD13E1A284,11/14/2024,29.55
CUST00187,ORDD0717FD7,10/9/2024,327.78
CUST00188,ORD902FD091,4/27/2024,354.83
CUST00188,ORDDFC7230A,1/1/2025,265.47
CUST00188,ORDB4BA28F7,10/9/2023,416.53
CUST00188,ORD9AAFEDDB,1/25/2024,419.09
CUST00189,ORD4B3F8E4E,8/6/2024,293.53
CUST00189,ORD8126FB87,5/19/2024,289.38
CUST00189,ORDBFEEF4D0,10/8/2024,194.56
CUST00189,ORD8FAF5630,7/2/2024,195.47
CUST00189,ORD31F31E75,4/23/2024,297.96
CUST00189,ORDE3DDFC7A,5/13/2024,450.13
CUST00189,ORDF1A81BE0,2/10/2025,48.14
CUST00189,ORD69E35105,11/23/2024,133.28
CUST00189,ORD7DCBDF7A,3/19/2025,486.61
CUST00190,ORDAB754868,1/16/2024,263.02
CUST00190,ORD1CCF6C03,4/2/2025,182.92
CUST00190,ORDCC5F34A0,4/25/2025,435.18
CUST00190,ORD3BC1468D,11/19/2024,248.56
CUST00190,ORD869DCE50,3/3/2024,246.23
CUST00190,ORD37A322D4,12/18/2023,306.06
CUST00190,ORD1CD86319,7/22/2024,255.9
CUST00190,ORD764671FA,1/7/2025,78.09
CUST00191,ORDB3A28852,12/11/2024,122.7
CUST00191,ORDEC5816DC,2/1/2025,262.13
CUST00191,ORDE401699A,2/16/2024,147.6
CUST00191,ORD5E8F797A,4/4/2025,83.62
CUST00191,ORD2A75B843,10/4/2024,87.11
CUST00191,ORDC7888BD0,6/22/2024,304.99
CUST00192,ORDF5FC51B1,10/22/2024,333.94
CUST00192,ORD3C852599,8/27/2023,213.16
CUST00192,ORD82AD353A,7/26/2023,171.81
CUST00192,ORD12604798,6/24/2024,65.54
CUST00193,ORD715424DC,11/7/2024,244.72
CUST00193,ORD0B9523DD,10/20/2024,299.49
CUST00193,ORD77482327,4/20/2025,327.16
CUST00193,ORDEDF5FDF6,2/28/2025,211.34
CUST00193,ORD86575842,1/31/2025,129.4
CUST00193,ORD83507D5E,1/24/2025,72.66
CUST00193,ORD0341F270,2/12/2024,300.25
CUST00193,ORD082962B4,7/30/2024,76.01
CUST00193,ORD8859D5F1,2/10/2025,261.19
CUST00193,ORD04CF97A0,8/3/2024,446.49
CUST00193,ORDE90D30C9,8/5/2024,81.96
CUST00193,ORDD771FF01,9/3/2024,91.51
CUST00193,ORD346E375B,2/17/2025,462
CUST00193,ORD45ADED12,6/26/2024,263.15
CUST00193,ORDB9FD094E,12/3/2024,208.67
CUST00193,ORDD93BBAC2,11/10/2024,484.93
CUST00194,ORDCAAA14F8,9/2/2023,440.47
CUST00195,ORD1B2B751E,6/1/2024,474.15
CUST00195,ORD4D7D80BC,8/20/2024,116.13
CUST00195,ORD7186890C,10/14/2023,307.2
CUST00195,ORD446B87C2,1/19/2024,240.99
CUST00195,ORDAEB50910,12/28/2024,246.02
CUST00195,ORD23BA97C5,12/22/2023,117.49
CUST00195,ORDDE5D9E6C,3/31/2024,211.28
CUST00195,ORDABEC18B4,11/19/2023,79.93
CUST00195,ORD883BA7C6,2/20/2025,295.5
CUST00195,ORD9BCD8FA8,11/19/2023,386.07
CUST00196,ORD2CB01265,8/23/2024,333.23
CUST00196,ORDC023660A,6/17/2024,139.62
CUST00196,ORD31B648D9,5/23/2024,364.85
CUST00196,ORDFB200879,6/20/2024,177.91
CUST00196,ORD07D1E093,2/4/2025,232.2
CUST00196,ORD6ABA857F,2/20/2025,299.39
CUST00196,ORDCAF0AD05,4/12/2025,122.61
CUST00196,ORD9BDBCC9A,12/15/2024,198.88
CUST00196,ORD6DCFF93E,6/6/2024,63.2
CUST00196,ORD796DD425,2/7/2025,109.15
CUST00196,ORD84873306,4/1/2024,431.2
CUST00196,ORDF62BEC39,7/9/2024,257.14
CUST00196,ORDE9BEBA84,1/15/2025,215.7
CUST00196,ORDC9A242F1,6/10/2024,83.28
CUST00196,ORDB98AD32B,6/15/2024,57.19
CUST00196,ORD3D51806A,8/25/2024,243.18
CUST00196,ORDB34D6D25,7/7/2024,311.23
CUST00196,ORDD18C1DFE,4/5/2025,29.13
CUST00196,ORD5122E73F,12/12/2024,394.1
CUST00196,ORD08936419,7/29/2024,256.63
CUST00197,ORD27E9E957,5/9/2024,55.66
CUST00197,ORD7D28384D,3/25/2025,333.1
CUST00197,ORDFF4C70EB,10/17/2024,451.97
CUST00197,ORDB6477E9D,7/1/2024,274.25
CUST00198,ORD81277716,2/18/2025,449.51
CUST00199,ORDD7D50D72,2/19/2024,265.8
CUST00199,ORD80399ED6,11/17/2023,191.48
CUST00199,ORD8EFC642F,2/26/2025,31.28
CUST00199,ORDADBCAC44,11/3/2023,269.61
CUST00199,ORDE3E97CE1,12/21/2024,122.45
CUST00199,ORD23C0ED42,10/26/2024,403.13
CUST00199,ORD30ED64E8,11/17/2024,396.88
CUST00199,ORD8879B744,9/15/2024,196.81
CUST00199,ORDA6AB315B,1/31/2025,298.63
CUST00199,ORD8E3A8D28,12/11/2024,373.28
CUST00199,ORDAAC8650A,6/26/2024,383.15
CUST00199,ORDE527A517,8/25/2024,351.39
CUST00199,ORD59DEB724,4/9/2025,57.88
CUST00199,ORD0EED51A0,2/2/2025,75.6
CUST00200,ORDB92E2739,4/23/2024,385.27
CUST00200,ORDB4F4266E,1/2/2025,455.94
CUST00200,ORD3DE098FF,6/4/2024,51.07
CUST00200,ORDDA6D0143,7/18/2024,303.16
CUST00200,ORD8E3FA6D3,1/22/2025,276.43
CUST00200,ORD6CC369F7,10/3/2024,136.32
CUST00200,ORDB7A3DA38,12/11/2023,12.68
CUST00200,ORD0C8F7026,5/4/2024,374.39
CUST00200,ORD675117F0,2/16/2024,13.49
CUST00200,ORD44FE52E8,9/2/2024,266.04
CUST00200,ORD8366F380,9/2/2024,264.68
CUST00200,ORDCBB08B48,4/10/2025,193.76
CUST00200,ORD184F0711,4/29/2025,110.66
CUST00200,ORD28604590,2/19/2025,404.1
CUST00200,ORD5466F890,11/12/2024,210.33
CUST00200,ORDFFE756B2,12/18/2023,62.23
CUST00201,ORDA3787EDE,6/10/2024,329.27
CUST00201,ORD14DBD814,1/15/2025,134.28
CUST00201,ORDDB41FB9A,6/8/2024,428.94
CUST00201,ORD0BF5CB84,2/6/2024,217.55
CUST00201,ORDF82A36A6,8/27/2023,189.17
CUST00201,ORDD2729B3F,1/12/2025,145.02
CUST00201,ORDC4253873,11/3/2023,343.5
CUST00201,ORD64473D1A,6/2/2024,379.94
CUST00201,ORDC4AA92C5,1/10/2024,212.48
CUST00201,ORD5EA81588,9/26/2023,394.06
CUST00201,ORD2545B21F,9/16/2024,246.41
CUST00201,ORD7A9D11A7,8/12/2023,191.4
CUST00201,ORD21A9447F,3/2/2025,281.91
CUST00201,ORDB35CD476,12/22/2023,134.35
CUST00202,ORD48CF0CD8,4/20/2025,293.05
CUST00202,ORD2ADC7ED6,8/29/2024,389.36
CUST00202,ORD83775277,10/7/2024,205.08
CUST00202,ORDFEBB0FE6,2/20/2025,77.65
CUST00202,ORD0ADA7DA2,4/8/2025,433.28
CUST00202,ORDEB4563F7,3/29/2024,68.35
CUST00202,ORDEBA0780A,6/6/2024,122.59
CUST00202,ORDC587B442,1/24/2025,393.72
CUST00202,ORD1B759CAA,12/3/2024,475.13
CUST00202,ORDDF2C25DB,2/3/2025,59.14
CUST00203,ORDA8500368,12/31/2024,206.27
CUST00203,ORD6598F19D,8/1/2023,175.83
CUST00203,ORDC9051D10,3/8/2025,279.78
CUST00203,ORDD1D27DF8,11/8/2024,351.56
CUST00203,ORD04455334,3/11/2025,356.33
CUST00203,ORD6DEFD0CB,1/21/2024,88.76
CUST00203,ORD9C6F2EF6,3/20/2024,482.64
CUST00203,ORD1E8B2B8D,12/25/2023,12.59
CUST00203,ORD933223D4,3/16/2025,54.63
CUST00203,ORD19AD6E9D,9/27/2024,81.21
CUST00203,ORDB1FBD702,1/31/2024,463.67
CUST00203,ORDCF0712CF,6/15/2024,223.33
CUST00203,ORDDB5389AC,12/19/2023,41.4
CUST00203,ORD0C3F6A9D,7/1/2024,118.67
CUST00203,ORD5EB0325E,3/5/2024,49.22
CUST00203,ORD4F1C3E2E,11/3/2023,28.5
CUST00203,ORDAC24AE36,7/18/2024,198.32
CUST00204,ORDB14E24CB,12/11/2023,310.84
CUST00204,ORDC32631ED,11/26/2023,265.29
CUST00204,ORDE7AC450C,2/28/2024,358.69
CUST00204,ORDDDEBAADA,1/26/2024,302.76
CUST00204,ORDC27AB5DC,12/6/2023,473.4
CUST00204,ORD9A5F76EC,1/20/2025,411.91
CUST00204,ORDC269D885,9/22/2024,323.74
CUST00204,ORD699F3BD8,12/8/2023,225.1
CUST00204,ORDF1A384DA,1/17/2025,108.84
CUST00204,ORD667108BB,5/8/2024,331.87
CUST00204,ORDDD0F6597,4/17/2025,403.92
CUST00204,ORD43A50F38,1/24/2024,150.14
CUST00204,ORD585D7645,9/8/2024,26.47
CUST00205,ORDCBFB8397,10/3/2024,260.17
CUST00205,ORDD7C35CB6,2/1/2025,352.24
CUST00205,ORD66AA29B8,11/8/2024,311.44
CUST00205,ORDE8C57130,11/2/2023,340.27
CUST00205,ORDBE0AF074,2/9/2024,186.27
CUST00205,ORD6D3BBE49,11/11/2024,330.96
CUST00205,ORDCCF17D02,12/19/2024,488.07
CUST00205,ORD9121A809,9/6/2024,52.55
CUST00205,ORDF0450E64,12/10/2024,145.21
CUST00205,ORDF5208EAE,1/2/2024,205.72
CUST00205,ORD5379FAE0,3/26/2024,338.13
CUST00205,ORDACBD08B9,9/22/2024,208.67
CUST00205,ORD6B46F59E,10/10/2024,108.15
CUST00205,ORD2DB489D5,5/1/2024,17.53
CUST00205,ORD0EC71BFB,11/1/2023,354.77
CUST00205,ORDB4E4A059,10/5/2024,460.4
CUST00205,ORDE071EBA7,1/1/2025,279.3
CUST00205,ORDA49024E0,8/26/2024,365.81
CUST00205,ORD4BB43774,4/3/2025,283.97
CUST00205,ORD943117FF,5/2/2024,295.64
CUST00206,ORD462C7BC9,9/24/2024,482.01
CUST00206,ORD7E7ADACD,12/12/2024,145.49
CUST00206,ORDF8A01031,7/22/2024,307.12
CUST00206,ORD89E5DCCA,4/26/2024,105.32
CUST00206,ORD226369E9,2/1/2025,465.56
CUST00206,ORDCE242479,10/7/2024,291.7
CUST00206,ORDF381F41B,5/12/2024,137.94
CUST00206,ORD7AD9636A,11/17/2024,209.5
CUST00206,ORDBC956FAA,4/22/2024,62.17
CUST00206,ORD9EE18F2F,4/22/2024,45.47
CUST00206,ORD1CF2969F,5/29/2024,154.18
CUST00206,ORD3D700E1C,9/29/2024,474.04
CUST00207,ORD957739D2,2/10/2025,478.79
CUST00207,ORD5312E939,12/19/2024,439.3
CUST00207,ORD87B04BB2,12/7/2024,408.44
CUST00207,ORDC10C888E,4/16/2025,291.7
CUST00207,ORD213677AD,12/27/2023,350.15
CUST00207,ORDA0E78120,7/12/2024,483.37
CUST00207,ORD6B57DF61,1/7/2024,285.95
CUST00207,ORD5E6EF4F6,1/31/2025,387.28
CUST00207,ORD885299D5,2/9/2024,381.16
CUST00207,ORD520BC106,8/18/2024,481.01
CUST00207,ORD43F9B0E4,11/27/2024,234.84
CUST00207,ORDCCB9062D,7/2/2024,235.75
CUST00207,ORD7E9CCEA1,4/23/2025,297.54
CUST00207,ORD9E8E6C98,3/14/2025,23.4
CUST00207,ORDD06D3BDD,11/24/2023,66.97
CUST00207,ORDD81828B0,12/14/2024,43.1
CUST00207,ORD6D3B9956,3/30/2024,320.49
CUST00208,ORD244DBC01,5/16/2024,341.69
CUST00208,ORDBFEE9B41,12/27/2024,122.67
CUST00208,ORD6E3CA49E,1/11/2024,164.71
CUST00208,ORDF22A6EB0,10/26/2023,478.17
CUST00208,ORD53EDA6B8,3/13/2024,263.09
CUST00208,ORD43092A04,12/1/2023,14.76
CUST00208,ORD9DFE071F,10/11/2024,417.77
CUST00208,ORD495F7EBC,11/14/2023,131.65
CUST00209,ORDE9DB7459,1/19/2024,205.48
CUST00209,ORD842D8E51,12/29/2024,376.91
CUST00209,ORD26C63804,4/1/2024,177.58
CUST00210,ORDBD86A8F8,11/28/2023,466.38
CUST00210,ORDF61B37B1,9/20/2024,243.51
CUST00210,ORDE7C1FA87,2/1/2025,183.23
CUST00210,ORD4872E785,11/23/2023,448.21
CUST00210,ORD956AE145,1/21/2024,141.85
CUST00210,ORDEAEE5D12,12/25/2023,474.09
CUST00210,ORD8EE33963,12/28/2023,344.72
CUST00210,ORDEAB7AC31,12/13/2023,455.86
CUST00210,ORD582829B8,10/8/2024,254.51
CUST00210,ORDA2AABDA4,6/11/2024,107.84
CUST00210,ORDE1B6255A,7/5/2024,370.36
CUST00210,ORDDCB06C77,3/9/2025,437.64
CUST00210,ORD8C492DD3,5/1/2024,111.32
CUST00210,ORDC58F449F,5/13/2024,109.36
CUST00210,ORD230F457D,5/14/2024,132.35
CUST00210,ORDA2E7866A,10/2/2024,313.11
CUST00210,ORD58EBC8AF,7/8/2024,86.44
CUST00210,ORDA3A1A292,12/29/2023,62.28
CUST00211,ORD59B56878,3/28/2025,341.15
CUST00211,ORD3D6200BC,6/24/2023,335.08
CUST00211,ORD7BE137B0,2/13/2025,310.78
CUST00212,ORD68CBDF44,6/19/2023,479.42
CUST00212,ORD724BB3D1,2/19/2025,425.53
CUST00212,ORDB6C54CFE,4/26/2024,191.89
CUST00212,ORDD04957D7,10/18/2023,164.55
CUST00212,ORD58352CF0,10/21/2023,450.08
CUST00212,ORD382FE126,4/22/2025,441.68
CUST00212,ORD18AFB3C4,7/5/2024,291.51
CUST00212,ORD31B86753,12/30/2023,144.62
CUST00212,ORD707ACD13,1/14/2024,99.61
CUST00212,ORDE7A271F2,8/24/2024,384.49
CUST00212,ORDAAC2C222,1/7/2025,260.46
CUST00212,ORD8ACF03FD,2/8/2025,204.96
CUST00212,ORD8CA8BBEA,12/5/2023,377.58
CUST00212,ORD9922611A,9/29/2023,72.84
CUST00212,ORD7EB3C2BC,4/20/2025,267.61
CUST00212,ORD1954B845,11/18/2024,217.36
CUST00212,ORDFE48F35A,5/6/2024,470.43
CUST00212,ORDCEB4C0B4,6/29/2023,25.96
CUST00213,ORDCF462A65,12/29/2024,202.92
CUST00213,ORDC0F8C986,3/9/2024,346.31
CUST00213,ORDF48AE58C,3/10/2025,95.65
CUST00213,ORD2021D6AE,12/25/2023,488.49
CUST00213,ORD9CDBBB7F,11/11/2024,352.14
CUST00213,ORD98CE4CEF,8/21/2024,235.43
CUST00213,ORD7C9875C5,10/15/2023,347.71
CUST00213,ORD84B70FBC,9/20/2023,15.79
CUST00213,ORDCF59C63C,12/5/2024,113.27
CUST00213,ORDFCA0B72A,4/17/2024,294.69
CUST00213,ORD9A8697B0,1/7/2024,169.46
CUST00213,ORD236C99B9,2/19/2024,310.26
CUST00214,ORDB0B531AC,2/17/2024,101.7
CUST00214,ORD556EA643,4/5/2025,138.8
CUST00214,ORDAB8B1670,3/13/2025,142.01
CUST00214,ORDACC49192,3/21/2024,479.68
CUST00214,ORDA3D9122A,9/21/2024,178.12
CUST00214,ORD0B8A6126,4/22/2025,100.12
CUST00214,ORD2BFB6E51,11/9/2024,217.73
CUST00214,ORDA845A8E6,8/21/2024,215.36
CUST00214,ORD51D6ED15,3/5/2024,378.58
CUST00215,ORD3A415BA8,5/8/2024,428.62
CUST00215,ORD805AC9DE,12/25/2024,147.02
CUST00215,ORDD9E8C403,2/26/2024,98.15
CUST00215,ORDCA5D93ED,6/20/2024,74.26
CUST00215,ORDB232B47A,3/19/2025,292.19
CUST00215,ORDB747524B,1/21/2025,122
CUST00215,ORD65ABC45C,6/5/2024,58.94
CUST00215,ORD4F0EFCEB,2/19/2025,142.28
CUST00215,ORD37C342C3,4/9/2024,125.54
CUST00215,ORDAADE7B73,3/28/2024,221.79
CUST00215,ORDCB3B3150,9/8/2024,196.63
CUST00215,ORD579CEED7,2/21/2025,81.46
CUST00216,ORDB8543083,7/8/2024,241.76
CUST00216,ORDF2BE5184,1/8/2025,14.77
CUST00216,ORDD9E984C0,10/15/2024,216.55
CUST00216,ORD8BFFFD48,12/18/2023,75.89
CUST00216,ORDF031BEDF,1/13/2024,447.7
CUST00217,ORD7D62A398,12/13/2024,271.65
CUST00217,ORD1FCB15E3,10/30/2023,164.71
CUST00217,ORDE896A298,7/14/2024,248.44
CUST00217,ORD88579551,5/13/2024,132.98
CUST00217,ORD85227AA4,12/24/2023,430.67
CUST00217,ORDE43507A6,4/22/2025,33.38
CUST00217,ORDDFE68093,10/27/2023,58.5
CUST00217,ORD8655BBF1,12/5/2023,90.04
CUST00217,ORDF5DD7F71,9/25/2024,115.58
CUST00217,ORDEC137D2E,8/3/2024,134.6
CUST00217,ORD48524832,8/21/2024,421.1
CUST00217,ORD1D1A30B4,1/6/2025,57.19
CUST00217,ORDBA2FD4A5,4/14/2024,374.85
CUST00217,ORD68B187AE,3/27/2025,137.29
CUST00217,ORDCB4B6BD1,2/11/2024,186.55
CUST00217,ORDF96D6634,3/2/2025,283.17
CUST00217,ORD74565446,4/15/2024,406.91
CUST00218,ORD7698618C,2/8/2024,19.72
CUST00218,ORD8DB8E151,10/30/2024,69.41
CUST00218,ORD334E177E,9/16/2024,435.01
CUST00218,ORD412D1087,8/29/2023,481.93
CUST00218,ORDA1CBE398,7/29/2023,107.49
CUST00218,ORD30116C85,12/21/2024,292.19
CUST00218,ORD9F1705A1,6/14/2024,328.07
CUST00218,ORDEF25E683,6/24/2024,95.52
CUST00218,ORDE6A7AEB5,11/2/2023,392.35
CUST00218,ORD09EAB0E2,2/4/2025,184
CUST00218,ORD14D1B39F,10/14/2024,339.86
CUST00218,ORD1F9CADB3,1/31/2025,248.87
CUST00219,ORD2E461973,7/24/2024,445.92
CUST00219,ORD823B8738,4/2/2024,196.72
CUST00219,ORD83121E89,3/28/2025,150.4
CUST00219,ORD502FCE2F,3/6/2024,319.54
CUST00219,ORDE75D91A8,3/30/2025,80.98
CUST00219,ORDC1B035D2,11/23/2024,92.11
CUST00219,ORDA94FFC34,4/5/2024,405.78
CUST00219,ORD1AF5BF8C,9/18/2024,175.32
CUST00219,ORD97721BAB,11/15/2024,319.32
CUST00219,ORDB024EC4C,4/30/2024,290.1
CUST00219,ORDACFDDA5E,3/25/2025,425.96
CUST00219,ORDD70497B6,1/8/2025,44.96
CUST00219,ORDB6DFA7E8,1/16/2025,89.38
CUST00219,ORD927D90CC,11/24/2024,121.83
CUST00219,ORD0AF6B0AD,10/11/2024,165.27
CUST00220,ORD4ED9632D,11/17/2023,358.11
CUST00220,ORD8EE26A96,4/13/2025,306.64
CUST00220,ORD66603B30,10/14/2024,203.77
CUST00220,ORD1EDDFBE6,7/5/2024,444.97
CUST00220,ORD62D2F1F7,1/21/2024,392.68
CUST00220,ORD9A942E01,5/29/2024,470
CUST00220,ORD05B8DBA4,5/1/2024,376.47
CUST00220,ORD9144BD6A,11/5/2024,265.26
CUST00220,ORDA8AD965A,3/27/2025,230.64
CUST00220,ORD5A7656C4,12/13/2023,91.99
CUST00221,ORD88327F25,11/8/2024,71.27
CUST00222,ORDD683E10D,6/21/2024,334.39
CUST00222,ORDCF03DC93,1/12/2025,470.81
CUST00222,ORDF6E973E7,3/29/2024,353.34
CUST00222,ORD7C1F1FEA,8/18/2024,49.23
CUST00222,ORDD5E00124,8/14/2023,91.79
CUST00222,ORDE07C115D,9/29/2023,60.47
CUST00222,ORD6FAA18F3,7/26/2023,41.26
CUST00222,ORDBA8A05C9,10/2/2024,440.56
CUST00223,ORD3883CC35,1/23/2025,36.37
CUST00223,ORD1F1BD839,1/10/2024,387.76
CUST00223,ORD302F6377,1/21/2024,266.75
CUST00223,ORDA5777A09,4/15/2025,498.05
CUST00223,ORD154909B1,7/3/2024,60.92
CUST00223,ORD8B971852,11/16/2024,312.87
CUST00223,ORD8D30FA09,8/30/2024,51.31
CUST00223,ORDFA3F1E9F,2/27/2024,466.48
CUST00223,ORD4E6E613C,11/9/2023,201.02
CUST00223,ORDCDB715B8,8/27/2024,122.38
CUST00223,ORDCF134D31,11/27/2024,371.42
CUST00223,ORD28EB7370,4/5/2025,227.15
CUST00223,ORD70901E03,6/13/2024,71.94
CUST00223,ORD044EA841,4/20/2025,268.1
CUST00223,ORDE79A6DB1,4/24/2025,93.6
CUST00223,ORD1A03BF82,2/12/2024,27.23
CUST00223,ORD253051E2,11/20/2024,184.85
CUST00223,ORD94078CA1,7/26/2024,458.48
CUST00224,ORD2C939A48,10/14/2024,238.92
CUST00224,ORDA9103BFF,10/21/2024,436.74
CUST00224,ORDEFB793EB,4/10/2025,468.08
CUST00224,ORD5C0DE5E7,1/31/2024,278.79
CUST00224,ORDCFD400C6,11/25/2023,76.21
CUST00224,ORD38CB6F53,12/12/2024,474.76
CUST00224,ORDC6297771,2/15/2025,274.25
CUST00224,ORD6D0D3EA1,9/2/2024,299.51
CUST00224,ORD06974AB9,12/27/2023,233.71
CUST00224,ORDC0032AF7,4/14/2025,376.97
CUST00224,ORDF2C13232,3/15/2025,439.87
CUST00224,ORDA1CF4951,7/13/2024,223.14
CUST00224,ORDAB574B58,2/9/2025,323.5
CUST00224,ORD169FA25B,10/16/2024,271.55
CUST00224,ORDE57D462F,3/14/2024,455.37
CUST00224,ORD6FCB71BD,3/9/2025,246.01
CUST00225,ORDB449E313,12/13/2024,404.31
CUST00225,ORD9519CB29,10/3/2024,226.51
CUST00225,ORD93323E60,8/15/2024,189.23
CUST00225,ORD0A080C78,12/1/2024,137.31
CUST00225,ORD27559029,1/20/2024,158.75
CUST00225,ORD97B156A0,8/21/2024,10.05
CUST00225,ORD1F03725B,3/31/2025,409.54
CUST00225,ORDDDB273F9,10/8/2024,425.49
CUST00226,ORD7CC0959C,4/22/2025,150.51
CUST00226,ORDD795F926,12/3/2024,272.2
CUST00226,ORDCFC7E5AF,4/16/2025,347.01
CUST00226,ORDEF8523E1,1/5/2025,251.05
CUST00226,ORD55D07D42,10/25/2024,380.18
CUST00226,ORDC6596245,4/19/2025,156.81
CUST00226,ORD93E8DD27,9/24/2024,385.28
CUST00226,ORD639A21A2,10/23/2024,401
CUST00226,ORD9B1FD093,5/31/2024,302.53
CUST00226,ORDA250961B,4/4/2025,400.42
CUST00226,ORD662EFEC0,7/31/2024,278.62
CUST00226,ORD386AE002,4/12/2025,102.4
CUST00227,ORD9C18C05A,12/4/2024,224.18
CUST00227,ORDC91B8223,4/7/2024,132.45
CUST00227,ORD72AB3588,2/26/2025,360.32
CUST00227,ORD75FB08CE,10/15/2024,326.54
CUST00227,ORD5F573224,8/8/2024,415.93
CUST00227,ORDED8AAE91,3/23/2025,118.09
CUST00227,ORD1C2CB152,12/30/2023,48.81
CUST00227,ORD012DF751,12/4/2024,316.41
CUST00227,ORDB24461E5,2/8/2024,263.14
CUST00227,ORDCD9D8D18,3/16/2025,401.98
CUST00227,ORDB7BC6935,3/13/2025,310.48
CUST00227,ORDF7A72F04,12/18/2024,350.02
CUST00227,ORD2A4C4874,12/21/2023,143.21
CUST00227,ORDB78EE9F2,3/25/2024,327.74
CUST00227,ORD77FA5AEB,9/10/2024,270.65
CUST00227,ORD44B8278C,1/29/2024,141.72
CUST00227,ORD3E7EA638,1/4/2025,102.12
CUST00227,ORD25FD2260,2/24/2025,43.55
CUST00228,ORD38308E3F,4/26/2025,151.9
CUST00228,ORDF33BE173,11/30/2024,322.08
CUST00228,ORD6066FAAF,4/16/2024,312.69
CUST00228,ORD4F701F3D,12/16/2024,143.35
CUST00228,ORD8305C311,7/30/2024,315.15
CUST00229,ORD00C96D79,2/26/2025,167.12
CUST00229,ORD4A3A05BF,7/4/2024,84.55
CUST00229,ORDEE8D27D3,3/11/2025,485.16
CUST00229,ORDFF76A444,9/19/2024,20.84
CUST00229,ORDC74F98D2,3/27/2024,486.44
CUST00229,ORDB0C84B12,7/13/2024,148.24
CUST00229,ORD2C12EA6D,1/21/2024,71.27
CUST00230,ORDA245A11D,12/13/2023,366.28
CUST00230,ORD8584A267,10/14/2024,124.08
CUST00230,ORD13628FAF,10/20/2023,83.84
CUST00230,ORD33726B13,8/1/2024,251.85
CUST00230,ORD949375C0,7/29/2024,177.54
CUST00230,ORD08AA0D64,8/4/2024,162.67
CUST00230,ORD64A8BD4B,11/13/2023,401.74
CUST00230,ORD3AC87591,8/16/2024,499
CUST00230,ORD3D66C12A,8/14/2024,237.21
CUST00230,ORD830CAD37,12/2/2023,397.8
CUST00230,ORDBD514020,4/17/2024,171.82
CUST00230,ORD20A72D6B,2/2/2025,423.34
CUST00230,ORD2B6ECC70,2/2/2025,476.31
CUST00230,ORD97D2E481,3/10/2024,37.46
CUST00230,ORD3B174F9E,3/29/2024,390.07
CUST00231,ORDF1B31859,2/7/2024,276.16
CUST00231,ORDA3585231,5/9/2024,98.99
CUST00231,ORD1CFE5951,2/16/2025,448.89
CUST00232,ORD0BB3A813,3/13/2024,410.45
CUST00232,ORD7307A4A1,4/3/2024,415.84
CUST00232,ORD73FBC87F,11/26/2024,69.76
CUST00232,ORDCA8277A8,4/6/2025,386.39
CUST00232,ORD53F62491,10/25/2024,131.99
CUST00232,ORD7D5E5F26,8/2/2024,387.9
CUST00232,ORD10818DBD,9/29/2024,227.05
CUST00232,ORDBE054036,9/9/2024,371.43
CUST00232,ORD630E1C86,11/15/2024,26.42
CUST00233,ORD4D4A681A,1/29/2025,370.31
CUST00233,ORD05A7EC2F,10/12/2024,56.04
CUST00233,ORDD8EA9A13,5/19/2024,336.34
CUST00233,ORDEE4C0A53,5/7/2024,112.14
CUST00233,ORD9A48C578,5/13/2024,200.67
CUST00233,ORD5AF71FB2,10/7/2024,480.99
CUST00233,ORD8A8A82AE,5/13/2024,468.75
CUST00233,ORD5F3793D8,12/23/2024,87.72
CUST00233,ORDBDF01C5E,11/12/2024,366.84
CUST00233,ORD45F87704,12/2/2024,374.92
CUST00233,ORD61EA3450,4/11/2025,279.29
CUST00233,ORD7F6838A2,9/30/2024,69.85
CUST00233,ORD2985E5F8,5/14/2024,245.8
CUST00233,ORD23EFB9A7,8/17/2024,156.42
CUST00233,ORD0AE5C8EA,12/7/2024,186.61
CUST00234,ORDFD2904EC,2/2/2024,433.19
CUST00234,ORDEC3D6D11,3/26/2025,116.72
CUST00235,ORD60085730,7/22/2024,125.62
CUST00235,ORD2DFA2658,7/29/2024,222.74
CUST00235,ORD640AE814,11/20/2024,17.38
CUST00235,ORDAD6F4004,11/28/2024,399.25
CUST00236,ORD9C80B91D,12/7/2023,68.63
CUST00236,ORDCD564770,12/22/2024,396.68
CUST00236,ORD09C63FD2,12/20/2023,14.38
CUST00236,ORD28B648F8,12/28/2024,30.58
CUST00236,ORDCF75AAB9,9/23/2024,393.9
CUST00236,ORDE27C4136,3/12/2024,242.88
CUST00236,ORD4B2357B3,7/18/2024,302.14
CUST00236,ORD44419959,7/15/2024,191.99
CUST00236,ORD35BC46CD,9/22/2024,53.85
CUST00236,ORD8DDE6C18,1/12/2024,87.27
CUST00236,ORDF0BE9319,1/18/2025,54.79
CUST00236,ORD660F8B6E,5/18/2024,313.14
CUST00236,ORD9E378007,2/1/2025,466.12
CUST00236,ORD3E4CD4D4,6/22/2024,498.52
CUST00236,ORDC6139F00,1/20/2024,316.31
CUST00236,ORD9D55DD74,12/22/2024,39.29
CUST00236,ORD2E61CD1F,7/26/2024,325.84
CUST00236,ORD25631646,3/15/2024,353.65
CUST00236,ORD362D31AF,3/30/2025,397.82
CUST00237,ORD227369E5,8/1/2024,249.04
CUST00237,ORD716E456D,3/10/2024,165.2
CUST00237,ORD43DF0A93,3/31/2024,283.59
CUST00237,ORD577F0AAA,4/10/2025,325.88
CUST00237,ORD650CF36E,4/2/2024,180.19
CUST00238,ORD8CC99B80,9/9/2024,369.26
CUST00238,ORDE6AC269C,9/19/2024,20.46
CUST00238,ORD5E7D985F,7/2/2024,195.11
CUST00238,ORD1079C8D7,5/6/2024,364.96
CUST00238,ORD99779BD0,2/2/2025,132.84
CUST00238,ORD002B2833,3/11/2025,29.35
CUST00238,ORD9AE240AD,2/3/2024,356.25
CUST00238,ORDC73207BB,10/27/2024,283.92
CUST00238,ORD78CA2CF9,3/24/2024,275.94
CUST00238,ORD2FD59377,11/23/2023,250.15
CUST00238,ORD490FD9D1,12/5/2024,287.68
CUST00238,ORDD8AFE4C1,8/31/2024,276.37
CUST00238,ORDCDEBFDD2,9/5/2024,168.6
CUST00238,ORD1A556B9E,2/18/2025,239.51
CUST00238,ORD8C27AB55,11/23/2023,435.15
CUST00239,ORD53B55F36,1/18/2024,458.09
CUST00239,ORD5B3DED15,1/13/2024,281.71
CUST00239,ORDE4D754B2,7/5/2024,43.75
CUST00239,ORDB711BC73,4/25/2024,85.96
CUST00239,ORD1C9F1AC9,1/13/2024,154.88
CUST00239,ORD7D0D9FAA,5/22/2024,139.04
CUST00239,ORD721134A8,8/8/2024,189.89
CUST00239,ORD0B90C8B2,2/27/2025,10.35
CUST00239,ORDB6F4BB49,10/20/2024,322.63
CUST00239,ORD157FA810,7/10/2024,195.73
CUST00239,ORDD35901BF,1/18/2024,100.91
CUST00239,ORD3752FEB0,4/15/2025,19.17
CUST00239,ORDA3739F4C,1/29/2025,429.85
CUST00239,ORDD1FAECA6,5/7/2024,390.25
CUST00239,ORD44F5B8E1,4/21/2024,127.01
CUST00239,ORDE0154774,5/3/2024,363.29
CUST00239,ORDC8833C2D,4/28/2024,332.56
CUST00239,ORD8727433B,10/3/2024,274.09
CUST00239,ORD5714E701,8/30/2024,199.87
CUST00239,ORD4C34708A,3/1/2024,266.79
CUST00240,ORD9E8D1A7A,8/13/2024,385.21
CUST00240,ORD1D33DFF1,9/20/2024,85.52
CUST00240,ORD4AE2D04D,4/22/2025,148.73
CUST00240,ORD384CA92F,10/14/2024,210.8
CUST00240,ORD9B533B64,8/29/2024,167.79
CUST00240,ORD26962365,7/3/2024,57.17
CUST00240,ORDA84D07B7,8/3/2024,332.86
CUST00240,ORDC1F66884,7/13/2024,31.45
CUST00240,ORD91F68C27,5/10/2024,469.52
CUST00240,ORD2A2D08F0,11/12/2024,97.53
CUST00240,ORD7BC194B7,8/19/2023,25.32
CUST00240,ORD9AFB076C,12/20/2024,62.46
CUST00240,ORDFA953245,8/14/2023,103.89
CUST00240,ORDF31B767C,6/22/2024,25.59
CUST00240,ORD34D26A78,5/16/2024,324.46
CUST00240,ORDDB828606,1/31/2025,200.41
CUST00241,ORDBC16DE6D,2/22/2025,267.65
CUST00241,ORDFB6EBDB7,1/2/2024,353.64
CUST00241,ORDA876BB92,8/26/2024,135.41
CUST00241,ORD5DBD0082,2/9/2025,189.51
CUST00241,ORDCBC52486,5/10/2024,306.92
CUST00241,ORDD246A14C,11/4/2023,44.73
CUST00241,ORD6C95BE05,11/13/2024,465.8
CUST00241,ORD51B9BCE3,2/25/2025,112.28
CUST00241,ORD53BDA055,12/11/2023,250.79
CUST00241,ORDB95401E1,4/15/2024,445.99
CUST00241,ORD9672F5A2,3/4/2025,49.18
CUST00241,ORD50D3F433,4/27/2025,402.5
CUST00241,ORDE3BE881B,1/8/2025,39.74
CUST00241,ORD06DA987E,8/21/2024,283.43
CUST00241,ORDBF67300E,11/2/2023,469.74
CUST00241,ORD1FDEA2B6,9/30/2024,213.82
CUST00242,ORD4E6F917A,2/17/2025,399.18
CUST00242,ORD03C2B70E,4/1/2024,38.57
CUST00242,ORD766523DE,2/17/2025,312.3
CUST00242,ORDBD08D952,6/30/2024,269.22
CUST00242,ORD070CE839,5/11/2024,369.81
CUST00242,ORDC555857B,9/16/2024,418.88
CUST00242,ORDE08777A5,1/13/2025,48.19
CUST00242,ORDF6E85034,4/18/2024,115.79
CUST00242,ORD3BBEA948,2/18/2024,264.55
CUST00242,ORDC6F7C6F5,11/13/2024,59.6
CUST00242,ORD155F9D0F,1/11/2025,123.2
CUST00242,ORDD6ABAA36,2/13/2024,198.81
CUST00243,ORD981605EE,11/28/2024,267.83
CUST00243,ORD07A1669D,1/17/2024,131.89
CUST00243,ORD788977F3,8/13/2024,316.41
CUST00243,ORD5876C4B9,4/26/2025,97.66
CUST00243,ORD699E7160,3/3/2025,377.11
CUST00243,ORDC05B0344,11/23/2024,213.44
CUST00243,ORD28D6E01F,10/24/2024,61.7
CUST00244,ORD47D8BB6D,2/10/2024,185.4
CUST00244,ORDC582FAE7,10/25/2023,234.77
CUST00244,ORD0A608D83,7/26/2024,335.97
CUST00244,ORDB35B0B76,8/18/2024,442.58
CUST00244,ORD27627ABC,3/11/2024,91.74
CUST00244,ORD8C084697,2/8/2025,98.39
CUST00244,ORDC77C4DAB,1/28/2024,206.76
CUST00244,ORDF128FAEC,9/27/2024,175.38
CUST00244,ORD01F4CCFD,1/13/2025,87.51
CUST00244,ORDC9B52630,8/27/2024,499.23
CUST00244,ORD1EC51491,6/28/2024,227.08
CUST00244,ORD03552D89,10/24/2024,182.64
CUST00244,ORD2DF8B5D8,7/3/2024,164.43
CUST00244,ORD4453AE8E,3/23/2025,495.82
CUST00244,ORD6B1771FC,1/10/2025,169.08
CUST00244,ORD31E2E499,1/19/2025,192.14
CUST00244,ORD0DD509F0,11/28/2024,384.45
CUST00244,ORDC4DCD56B,9/28/2024,220.99
CUST00244,ORD549802D0,2/18/2025,365.68
CUST00245,ORDADEEE312,9/19/2023,127.95
CUST00245,ORD3D608FC3,12/19/2024,277.36
CUST00245,ORD5D80DF54,10/8/2024,193.78
CUST00245,ORD73B0EE3B,3/10/2024,279.62
CUST00245,ORD16003474,2/15/2024,374.84
CUST00245,ORD777766DF,11/6/2024,186.4
CUST00245,ORDEDB0CCC7,12/22/2023,231.68
CUST00245,ORD62E77429,5/13/2024,480.31
CUST00245,ORD39F4F62F,3/22/2024,10.1
CUST00245,ORDDB62F21C,10/27/2023,26.98
CUST00245,ORD55292045,3/24/2024,149.4
CUST00245,ORDB082F9FA,8/19/2023,17.99
CUST00245,ORDAC8148DD,2/7/2025,76.19
CUST00245,ORD17DAF05E,4/26/2024,446.26
CUST00245,ORDFE95AEFC,2/5/2025,13.22
CUST00245,ORDF1A7D2B9,3/5/2024,492.35
CUST00245,ORD71F97249,12/14/2024,115.26
CUST00245,ORD953F6C05,9/3/2023,164.3
CUST00245,ORDC0491173,2/4/2025,388.05
CUST00245,ORD58508DF2,5/11/2024,472.24
CUST00246,ORD2E343A5E,7/7/2024,460.36
CUST00246,ORDB5EA40B2,7/27/2024,260.52
CUST00246,ORDAC2A1DC6,5/6/2024,289.63
CUST00246,ORDCEC6C6D5,8/15/2024,290.09
CUST00246,ORD6FAD0CA9,3/3/2025,56.2
CUST00246,ORD298ADCDD,4/3/2025,235.58
CUST00246,ORD51BB06D0,12/5/2024,86.49
CUST00246,ORDEB391AFE,8/2/2024,139.84
CUST00246,ORDD066F9E5,5/3/2024,445.92
CUST00247,ORDF78FCD07,9/4/2024,124.17
CUST00247,ORD51B0F8DC,5/3/2024,407.43
CUST00247,ORD27152053,2/15/2025,55.03
CUST00247,ORD26AAFC62,2/16/2025,205.9
CUST00247,ORDD09994BE,4/1/2025,459.76
CUST00247,ORD340139E8,6/8/2024,369.79
CUST00247,ORD3A66D590,10/2/2024,364.55
CUST00247,ORDB0F49604,11/29/2024,398.52
CUST00248,ORD67298ED6,1/4/2025,249.26
CUST00248,ORDF9C96C4F,6/1/2024,450.52
CUST00248,ORD819C0CD5,4/21/2024,354.4
CUST00248,ORDC3ABFA53,11/15/2024,411.56
CUST00248,ORDD5C466B5,11/6/2024,56.73
CUST00248,ORDC4F1C891,6/20/2024,324.7
CUST00249,ORDF89EB37F,9/11/2024,368.09
CUST00249,ORDC934DAEF,10/29/2023,292.38
CUST00250,ORDD7C586D4,3/25/2024,392.26
CUST00250,ORDFA10FD57,7/1/2023,461.72
CUST00250,ORD326985EF,8/15/2023,173.85
CUST00251,ORDA7E60E70,2/2/2025,214.1
CUST00251,ORD8C0A9543,5/26/2024,435.24
CUST00251,ORD7684D8BB,10/5/2024,436.2
CUST00251,ORD1EFE4E32,10/23/2024,121.09
CUST00251,ORD348B92F4,4/25/2024,329.86
CUST00251,ORD1E2D76CC,7/25/2024,305.13
CUST00251,ORD8205F92F,2/19/2024,15.6
CUST00251,ORD76CD277F,1/13/2024,390.94
CUST00251,ORDA7B440C0,4/2/2024,197.42
CUST00251,ORD856CE13E,9/11/2024,159.34
CUST00251,ORD0D5340D1,11/14/2024,30.18
CUST00251,ORD2283D874,9/1/2023,274.57
CUST00251,ORDACC97DCC,11/9/2023,83.29
CUST00251,ORD745243B9,11/18/2024,256.18
CUST00252,ORDA17777E6,1/30/2025,85.07
CUST00252,ORDCB357695,3/1/2025,340.08
CUST00252,ORDD8BDA31E,1/23/2025,498.71
CUST00252,ORDD4F8DE0E,3/6/2025,485.81
CUST00252,ORDC71CFD5B,1/15/2024,378.89
CUST00252,ORD5D9808AC,3/15/2025,291.87
CUST00252,ORDE8E21C95,5/30/2024,54.14
CUST00252,ORDC8D9BA18,8/29/2024,221.65
CUST00253,ORD4BE8F72C,10/12/2024,82.53
CUST00253,ORD001560D4,9/8/2024,174.72
CUST00253,ORD0A5E2870,4/28/2025,243.17
CUST00253,ORD239BBA8C,12/8/2024,375.2
CUST00253,ORDD1D005C1,12/29/2024,278.59
CUST00253,ORD9497BF0A,5/15/2024,138.65
CUST00253,ORD3AADFE69,3/23/2025,205.28
CUST00253,ORDC012FA3C,8/7/2024,222.9
CUST00253,ORD19871AE5,12/25/2024,351.96
CUST00253,ORD66B696B2,6/8/2024,383.4
CUST00253,ORDD2EC2AEA,7/8/2024,245.65
CUST00253,ORD0A78D1A8,6/27/2024,107.07
CUST00253,ORD572B41C6,7/19/2024,203.71
CUST00254,ORDE072ABE3,11/20/2024,106.09
CUST00254,ORDC99829BF,4/25/2025,311.84
CUST00254,ORD212A63D9,8/22/2024,370.48
CUST00254,ORD5DD38ADB,10/30/2024,130.66
CUST00254,ORDA2FB8686,12/31/2024,45.11
CUST00254,ORD9A1F76A4,9/24/2024,390.62
CUST00254,ORD73AB6236,3/15/2024,168.47
CUST00254,ORD0112B9BF,5/7/2024,462.83
CUST00254,ORD7941289C,10/11/2024,53.9
CUST00254,ORDBE24A2CE,2/6/2024,339.16
CUST00254,ORDA8B7BF44,6/4/2024,217.53
CUST00254,ORD3AD9EC80,11/14/2024,180.67
CUST00254,ORD9308ADE8,4/25/2024,167.16
CUST00254,ORD3886DD36,10/15/2024,301
CUST00254,ORD419F2A57,1/28/2025,21.86
CUST00254,ORD7B892720,6/23/2024,159.36
CUST00254,ORD3D6DFF68,1/9/2024,493.95
CUST00254,ORD666F6BB7,6/24/2024,311.95
CUST00254,ORDC5437AC5,3/28/2024,495.18
CUST00255,ORDCCF20C89,4/15/2025,315.36
CUST00255,ORD8C88D55B,7/5/2024,225.83
CUST00255,ORDED39EFC0,12/23/2024,462.86
CUST00255,ORDC92E6A94,11/6/2024,124.41
CUST00255,ORDDC7B9787,12/18/2023,345.83
CUST00255,ORD16FDF43B,1/31/2025,86.44
CUST00255,ORDD29636B8,1/1/2024,366.96
CUST00255,ORD00634330,9/13/2023,52.05
CUST00255,ORD5DD00C08,5/5/2024,372.39
CUST00255,ORD4DDD5619,1/9/2025,129.09
CUST00255,ORD3A2308D2,4/16/2024,314.29
CUST00255,ORDEDB6EE02,2/5/2025,82.36
CUST00255,ORDB6EAC1D4,9/17/2023,417.9
CUST00255,ORDB9C61F19,3/9/2024,150.97
CUST00255,ORDA9624433,2/14/2024,178.2
CUST00256,ORD6C8B92BF,1/18/2025,159.51
CUST00256,ORD3456D4EB,4/25/2024,240.88
CUST00256,ORDED824180,3/30/2025,172.62
CUST00256,ORDB9AD32FF,2/1/2024,372.61
CUST00257,ORDBEEAB489,4/5/2025,109.86
CUST00257,ORDE109C63F,3/31/2025,266.4
CUST00257,ORDA728CD14,10/16/2024,136.74
CUST00257,ORD73E64590,2/9/2024,246.68
CUST00257,ORDB4A9A27C,12/5/2024,367.66
CUST00257,ORDC0D01324,5/5/2024,79.26
CUST00257,ORDFA966BC0,5/2/2024,352.39
CUST00258,ORD1F07322F,11/24/2024,194.54
CUST00259,ORD83C64CF9,4/25/2024,31.31
CUST00259,ORD6CF3CB62,10/4/2024,93.46
CUST00259,ORD0714F461,5/17/2024,149.17
CUST00259,ORD2277899A,1/4/2025,396.7
CUST00259,ORD692362E5,2/22/2024,312.8
CUST00259,ORD65A5492A,12/26/2023,36.01
CUST00259,ORD22B90341,8/10/2024,330.83
CUST00259,ORDDBF8D645,12/20/2024,14.08
CUST00259,ORDAC2A97FC,11/5/2024,200.44
CUST00259,ORD06B86BE8,1/12/2024,142.94
CUST00259,ORD2EEDD55D,8/28/2024,427.52
CUST00259,ORDEA960623,5/20/2024,333.45
CUST00259,ORDDF405A34,11/24/2023,433.5
CUST00259,ORD2D17EC2A,11/29/2023,19.35
CUST00259,ORDA1B77724,7/15/2024,435.03
CUST00259,ORDDFEB18B7,3/8/2024,328.21
CUST00259,ORDCC7067C3,1/10/2024,123.27
CUST00260,ORD651C2539,11/16/2024,259.18
CUST00260,ORD0CCDCEB4,1/14/2024,357.75
CUST00260,ORDAC068834,8/17/2024,452.9
CUST00260,ORD5D3E24DB,1/26/2024,247.48
CUST00260,ORDC88D7BF6,3/19/2024,302.58
CUST00260,ORD1ED0FBC6,10/16/2024,53.13
CUST00260,ORDFA55D47B,4/19/2025,107.45
CUST00260,ORD8430C9C6,2/1/2025,483.73
CUST00260,ORDA5981C69,2/5/2025,284.74
CUST00260,ORD58ECFE4B,9/29/2024,359.11
CUST00260,ORDCA87B46A,2/12/2025,29.48
CUST00260,ORD3A3D37CC,9/30/2024,461.91
CUST00260,ORD88DA9701,8/27/2024,159.41
CUST00261,ORD4F88FE27,4/22/2025,202.77
CUST00261,ORD2862AAB6,10/16/2024,86.93
CUST00261,ORD48D53605,4/16/2025,179.92
CUST00261,ORDB3843E7C,8/6/2023,182.44
CUST00261,ORD750281EC,12/13/2024,316.36
CUST00261,ORD4EFD5DD1,7/7/2024,125.74
CUST00261,ORDA107EE99,9/16/2023,489.34
CUST00261,ORD99F45713,7/1/2024,255.61
CUST00261,ORDFAB55213,3/19/2025,407.83
CUST00261,ORD234A79EE,3/8/2025,316.64
CUST00261,ORDD18A011F,3/22/2025,440.55
CUST00261,ORD853BFC93,4/8/2024,446.3
CUST00261,ORDEE92ED73,12/15/2023,409.28
CUST00261,ORD005BEDA6,7/29/2023,24.44
CUST00261,ORDB3D4FBD0,1/21/2024,281.92
CUST00261,ORD82981743,2/8/2024,147.29
CUST00262,ORD13D2CB09,8/6/2024,177.48
CUST00262,ORDDF28118D,7/20/2024,202.49
CUST00262,ORDC85A6658,7/5/2024,77.26
CUST00262,ORD10AE774B,10/7/2024,367.65
CUST00262,ORDD60E6FAB,1/13/2025,265.15
CUST00263,ORDB01ED278,10/31/2024,437.62
CUST00263,ORD57FFF445,7/16/2024,346.4
CUST00263,ORD7FC69A4A,11/22/2024,214.49
CUST00263,ORD9103DE3E,10/17/2024,290.72
CUST00263,ORDA84D083F,6/22/2024,218.97
CUST00263,ORD0E40C047,4/10/2025,163.07
CUST00263,ORD1011C1C5,5/31/2024,306.63
CUST00263,ORD0A32619F,4/12/2025,230.09
CUST00263,ORD842627CC,7/10/2024,74.57
CUST00263,ORD739D4BCF,4/27/2025,329.71
CUST00263,ORD56A274B0,8/29/2024,294.71
CUST00263,ORD6CDE3D94,6/28/2024,345.18
CUST00263,ORD8FC8CABE,5/29/2024,109.13
CUST00263,ORD319BCDD8,10/7/2024,77.67
CUST00263,ORD25A57EA0,3/28/2024,347.38
CUST00263,ORD81D0CBF7,3/26/2025,450.34
CUST00263,ORD94F53D33,10/30/2024,455.69
CUST00263,ORDB03F2276,8/16/2024,220.73
CUST00263,ORD0B7161FA,3/1/2024,455.41
CUST00263,ORD92A028DB,3/14/2025,387.32
CUST00264,ORD5AA46870,9/30/2024,459.38
CUST00264,ORD6D839039,2/5/2025,165.57
CUST00264,ORDC12DAB04,11/1/2024,283.1
CUST00264,ORDE46B4F7C,4/27/2024,474.81
CUST00264,ORDFBF64561,3/15/2025,68.01
CUST00264,ORDC8D210BC,6/13/2024,165.62
CUST00264,ORDAAD29F27,3/21/2024,441.02
CUST00264,ORDDD90AC4D,7/9/2024,366.27
CUST00264,ORDCC8FFA1D,1/13/2025,385.06
CUST00264,ORDFBB7332D,6/23/2024,441.26
CUST00264,ORD6A33DCFD,4/13/2025,212.88
CUST00264,ORD2AC2446D,11/5/2024,211.51
CUST00264,ORD416EC9B6,1/31/2025,227.07
CUST00264,ORD8F0865A9,2/16/2025,467.55
CUST00264,ORD5437C40A,5/8/2024,448.12
CUST00264,ORDFDDD734A,3/31/2025,467.29
CUST00264,ORD489B906F,2/18/2025,144.16
CUST00264,ORD1B4E0F9E,12/14/2024,391.76
CUST00264,ORDBEE35CFD,5/19/2024,62.32
CUST00265,ORDB3DFEEFC,12/30/2024,22.84
CUST00265,ORDAC0526AB,2/26/2025,493.12
CUST00265,ORDD40EAB4B,6/13/2024,312.3
CUST00265,ORD57B2981E,3/25/2025,306.75
CUST00265,ORDCE5A175D,8/6/2024,310.06
CUST00265,ORD1C84AE00,1/17/2025,302.22
CUST00266,ORD0A94CC3A,9/24/2024,346.82
CUST00266,ORD85D7EAE6,12/9/2024,186.04
CUST00266,ORD0939505D,7/17/2024,347.19
CUST00266,ORD015287B9,8/14/2024,243.54
CUST00266,ORD69A1F536,1/5/2024,256.14
CUST00266,ORDC7CF5916,1/22/2024,306.31
CUST00266,ORDF28FA429,12/16/2023,358.89
CUST00266,ORDFD0D7F27,10/29/2024,193.24
CUST00267,ORDDD31940F,2/24/2024,250.81
CUST00267,ORD1A7F0458,1/31/2025,77.38
CUST00267,ORD0B466A8F,6/22/2024,104.7
CUST00267,ORD81240B09,2/10/2025,25.79
CUST00267,ORDD927BBF2,1/27/2025,384.62
CUST00267,ORDE27F7473,11/20/2024,17.36
CUST00267,ORDC97F05F3,3/26/2025,142.23
CUST00267,ORD154E6A1C,5/23/2024,212.39
CUST00267,ORDD2372692,7/22/2024,373.76
CUST00267,ORDEDDC87B1,9/27/2024,494.24
CUST00267,ORDB5B2E61F,1/29/2025,381.31
CUST00267,ORDAE9B2E9F,4/29/2024,42.41
CUST00267,ORD55672448,5/20/2024,464.28
CUST00268,ORDD41A83DF,9/7/2024,434.89
CUST00268,ORD46279EDD,4/17/2025,250.07
CUST00268,ORDD6606ED1,8/30/2024,169.2
CUST00268,ORD2627C02A,12/13/2024,234.2
CUST00268,ORDEB180C22,3/26/2025,130.92
CUST00268,ORD029D745C,5/7/2024,208.38
CUST00268,ORDFB64C09F,11/6/2024,30.49
CUST00268,ORD5E90B678,9/2/2024,370.31
CUST00268,ORDD3463F97,1/1/2024,196.38
CUST00268,ORD9DD2C6F0,3/14/2024,163.32
CUST00268,ORDC8C6D828,3/14/2025,309.64
CUST00268,ORDD50B01C3,10/23/2024,373.81
CUST00268,ORD0C2BF37B,1/3/2024,300.96
CUST00268,ORDF7BB27A3,6/20/2024,267.36
CUST00268,ORD5F55F3FF,2/8/2025,439.13
CUST00269,ORD8BCD8E26,1/4/2025,265.12
CUST00269,ORD456B58CA,10/1/2023,231.29
CUST00270,ORD51245A89,2/19/2024,440.11
CUST00270,ORDB361A3B9,5/10/2024,130.4
CUST00271,ORD7C01DB76,4/7/2025,203.85
CUST00271,ORD1B818299,12/2/2024,370.23
CUST00271,ORD29D6D62D,5/25/2024,283.27
CUST00271,ORD22D21BC3,1/10/2025,262.9
CUST00271,ORDA1174E29,5/15/2024,319.02
CUST00271,ORDDB133504,1/4/2025,34.15
CUST00271,ORD0EFC0403,2/9/2024,152.68
CUST00271,ORD71FEFD8B,7/26/2024,205.04
CUST00271,ORDC09B20A7,4/28/2024,159.23
CUST00271,ORD339B72CE,12/21/2023,415.53
CUST00271,ORD1A168EDF,12/23/2024,236.06
CUST00271,ORD72F23955,7/11/2024,217.01
CUST00271,ORDA8A16937,2/28/2025,310.44
CUST00271,ORDB077E94C,4/1/2024,36.73
CUST00271,ORDBEFD94A7,5/17/2024,263.32
CUST00271,ORD7EA6ABC4,4/21/2024,79.7
CUST00271,ORD85153C47,4/19/2025,416.65
CUST00271,ORD069D9F69,11/29/2024,231.33
CUST00272,ORD3D941997,8/31/2024,65.45
CUST00272,ORD6E06BC79,7/12/2024,391.58
CUST00272,ORD5B2F2EDF,6/5/2024,469.54
CUST00272,ORD4266B8BB,2/10/2025,351.1
CUST00272,ORD46172482,10/9/2024,76.3
CUST00272,ORD4FCE7782,3/23/2025,212.64
CUST00272,ORDBDAD0E47,8/13/2024,230.93
CUST00272,ORD5DA8C802,8/26/2024,97.65
CUST00272,ORD8726B19E,3/25/2024,299.25
CUST00272,ORD672DB664,8/17/2024,359.19
CUST00272,ORDC937FF19,6/4/2024,108.95
CUST00272,ORDB7949331,4/5/2024,232.79
CUST00272,ORD2C62BA64,7/4/2024,132.54
CUST00272,ORDEE4B39EC,4/13/2024,348.94
CUST00272,ORDE95585FA,6/6/2024,454.51
CUST00272,ORD98F6059F,3/29/2025,400.28
CUST00272,ORD5D1377FC,2/6/2025,362
CUST00273,ORD042CCAF5,2/18/2024,54.68
CUST00273,ORDFC9C6342,6/21/2024,356.05
CUST00273,ORD81DE5E46,3/13/2024,320.7
CUST00273,ORDE74BAF12,7/2/2024,51.8
CUST00274,ORDB2CC8242,8/14/2024,366.17
CUST00274,ORDA13061BD,10/1/2024,487.84
CUST00274,ORD08003D05,7/20/2024,309.92
CUST00274,ORD4DD4EF30,1/13/2024,88.35
CUST00274,ORD4A6CD129,2/2/2025,279.67
CUST00274,ORD7646BCD0,10/29/2023,31.51
CUST00274,ORD9159FDAA,10/27/2024,93.73
CUST00274,ORDD270704D,3/8/2025,174.24
CUST00274,ORDCED011B1,10/16/2024,436.94
CUST00274,ORDED4B4893,12/7/2024,432.71
CUST00274,ORDCD0F30DC,10/14/2024,89.44
CUST00274,ORD78D26ABD,1/27/2024,80.86
CUST00274,ORD5034E716,10/1/2024,386.89
CUST00275,ORDEC3AB5BC,1/18/2025,215.6
CUST00275,ORD3B414ACE,12/17/2024,161.66
CUST00276,ORD7A7A6435,11/5/2024,151.5
CUST00276,ORDBC62E395,3/9/2025,98.54
CUST00276,ORDC7C6A532,11/6/2024,450.29
CUST00276,ORDF085ED51,5/20/2024,480.61
CUST00276,ORDF9BB88B3,8/21/2024,11.73
CUST00276,ORD658012F2,4/5/2024,385.04
CUST00276,ORD68A42466,6/23/2024,15.98
CUST00276,ORD547935A7,4/27/2024,253.84
CUST00276,ORD9B0B335B,12/24/2024,254.33
CUST00276,ORD35834B1F,2/22/2025,405.65
CUST00276,ORD52460775,11/8/2024,307.91
CUST00276,ORDD1DF5F82,7/12/2024,251.8
CUST00276,ORDFE3596A9,6/25/2024,116.27
CUST00276,ORD8223E4D8,10/23/2024,333.14
CUST00276,ORDB720181F,11/21/2024,232.33
CUST00277,ORD10E00282,5/7/2024,48.91
CUST00277,ORD5077FA5A,6/2/2024,304.05
CUST00277,ORDFFC1F8B0,9/21/2024,129.91
CUST00277,ORD7E9871DC,5/30/2024,278.2
CUST00277,ORD93C82581,9/18/2024,313.69
CUST00277,ORD56B7CE6B,6/10/2024,283.2
CUST00277,ORD8E5328B2,2/12/2025,414.37
CUST00277,ORDE64775A6,11/19/2024,33.97
CUST00277,ORD1334E625,9/15/2024,82.65
CUST00277,ORDBE080740,9/20/2024,330.11
CUST00277,ORD67DEF9BC,3/15/2025,27.99
CUST00277,ORD876509E7,7/14/2024,428.38
CUST00277,ORD6DC3F9EF,9/14/2024,336.83
CUST00277,ORD7FA8CD6B,1/27/2025,420.63
CUST00277,ORD42C8DC57,12/21/2024,156.24
CUST00278,ORD764D0F90,4/29/2025,34.03
CUST00278,ORDB50AF8B2,1/28/2024,214.31
CUST00278,ORD9889E6F0,11/29/2024,97.34
CUST00279,ORDD20D4609,7/23/2024,309.43
CUST00279,ORD28D01F79,10/31/2024,348.84
CUST00279,ORDAAB20388,4/19/2024,301.53
CUST00279,ORDC295BB58,10/7/2024,395.78
CUST00279,ORD2220C642,10/29/2024,96.94
CUST00279,ORD3554E8CA,2/11/2024,233.12
CUST00279,ORD5ABE9210,12/14/2024,293.69
CUST00279,ORD716B11CD,3/4/2025,466.43
CUST00279,ORD05CFADC2,10/28/2024,55.63
CUST00279,ORDEA90879A,2/5/2025,156.65
CUST00280,ORD90FF6314,2/23/2024,449.79
CUST00280,ORD4C5FC2B9,10/10/2023,411.93
CUST00280,ORDF0E8638B,3/30/2024,381.64
CUST00280,ORD5EC4383C,1/25/2024,423.22
CUST00280,ORDBBC27716,12/27/2023,41.81
CUST00280,ORDAD2EA4D2,5/2/2024,240.7
CUST00280,ORD19AD5125,4/12/2024,69.79
CUST00280,ORDFE444EFA,1/23/2025,431.11
CUST00280,ORDDAEF72AF,7/1/2024,171.31
CUST00280,ORD87543B50,10/9/2023,212.74
CUST00280,ORD7346775B,11/13/2024,112.82
CUST00280,ORDC51EA584,8/26/2023,112.43
CUST00281,ORDF49C9064,11/10/2024,63.56
CUST00281,ORD2E8A95F4,5/20/2024,367.57
CUST00282,ORD93594A92,2/22/2024,493.72
CUST00282,ORDCF7CCF36,4/9/2025,246.99
CUST00282,ORD9F81D0FA,4/12/2025,347.44
CUST00282,ORD7976051B,2/2/2024,467.61
CUST00282,ORD3C614D71,1/21/2025,493.28
CUST00282,ORD09411266,10/4/2024,150.72
CUST00282,ORD93162718,3/5/2024,308.33
CUST00282,ORD97F7F79C,11/21/2024,165.08
CUST00282,ORDF33B8814,11/15/2023,267.44
CUST00282,ORDC2200500,9/29/2024,497.56
CUST00282,ORD3242C49D,10/28/2024,183.39
CUST00282,ORD68B43EFF,2/5/2025,73.56
CUST00282,ORD52411EB8,11/25/2023,285.69
CUST00282,ORD6066AC4B,9/30/2024,264.66
CUST00282,ORD306DA665,9/11/2023,319.61
CUST00282,ORD3A27E2F1,1/9/2024,251.33
CUST00282,ORD067FEC1C,5/24/2024,98.15
CUST00283,ORD63B05CA3,4/16/2024,124.03
CUST00283,ORDFD011205,10/2/2024,152.34
CUST00283,ORDDC0E62E7,5/12/2024,104.84
CUST00283,ORD20188A20,2/20/2024,67.92
CUST00283,ORDE07BE71F,5/5/2024,237.79
CUST00283,ORD822C012A,12/2/2023,400.4
CUST00283,ORDF8730C58,8/22/2023,371.36
CUST00283,ORDB1A51EEA,8/11/2023,111.59
CUST00283,ORDE62AC932,8/12/2024,311.5
CUST00283,ORDE5E4BFA2,10/20/2024,213.17
CUST00283,ORD9AC38654,10/14/2023,32.29
CUST00283,ORDDADAC0D6,9/17/2023,181.33
CUST00283,ORD45A6D86B,8/1/2023,404.96
CUST00283,ORD2D827906,1/1/2024,114.05
CUST00283,ORD0F73948E,8/22/2024,323.9
CUST00283,ORDA6AA58F8,4/3/2025,348.11
CUST00283,ORD0B428237,7/27/2023,134.66
CUST00283,ORDE86E3B38,4/2/2025,43.24
CUST00283,ORDF23012D4,6/13/2024,157.14
CUST00283,ORD88981E40,1/30/2025,279.5
CUST00284,ORD26EF2B4F,8/26/2024,65.78
CUST00285,ORD6A0C8141,4/6/2025,177.27
CUST00285,ORDAF72A35C,5/16/2024,364.95
CUST00285,ORD9BC8148C,1/2/2024,311.84
CUST00285,ORD9A7B83FF,4/19/2024,24.27
CUST00285,ORD55CD6488,9/18/2023,96.06
CUST00285,ORD0C86BC54,12/6/2024,171.95
CUST00285,ORD29F80953,9/6/2024,175.59
CUST00285,ORD5B44E82C,10/14/2024,339.51
CUST00285,ORD2DA2C428,4/28/2025,458.92
CUST00285,ORD7D6E3952,3/12/2025,400.65
CUST00285,ORD3DB9C985,4/21/2025,326.37
CUST00286,ORD064C865E,2/6/2024,86.14
CUST00286,ORD74BB6E84,5/13/2024,235.7
CUST00286,ORD6D79B446,10/17/2023,433.96
CUST00286,ORD240CD3D5,2/1/2024,449.01
CUST00286,ORDE0BF28BE,12/27/2024,236.61
CUST00286,ORDAB35C79C,12/25/2024,408.94
CUST00286,ORD9EFC9195,10/11/2024,464.62
CUST00286,ORD02BFA8C8,12/3/2024,37.45
CUST00286,ORDF07E2928,10/2/2024,265.33
CUST00286,ORDFD18E341,11/7/2023,286.82
CUST00286,ORD193D9C6E,4/7/2025,342.32
CUST00286,ORDB6AC1F8D,9/6/2024,282.04
CUST00286,ORDCC504305,5/4/2024,19.17
CUST00286,ORD9CFC951C,12/14/2024,292.92
CUST00286,ORDD90D6429,1/26/2025,172.54
CUST00286,ORD52E82319,6/17/2024,458.93
CUST00287,ORD56690FF8,12/4/2024,42.44
CUST00287,ORD03DBDEB9,1/24/2024,83.16
CUST00287,ORD5E25A137,9/11/2024,421.96
CUST00287,ORD3461083C,8/21/2024,176.18
CUST00287,ORD96D9CF60,5/12/2024,193.87
CUST00287,ORD19CC64F4,12/17/2023,271.79
CUST00287,ORD82FB8316,11/13/2023,91.33
CUST00287,ORD4061E35F,10/24/2024,306.79
CUST00287,ORD7C809AFF,6/16/2024,101.82
CUST00287,ORD2003224B,9/14/2023,67.25
CUST00287,ORD3C2F315E,1/13/2025,393.35
CUST00287,ORD83DBD420,5/18/2024,161.06
CUST00288,ORDCC3A269B,7/23/2023,357.82
CUST00288,ORD2D8190E9,9/18/2023,143.03
CUST00288,ORDCDE52C34,6/6/2023,52.53
CUST00288,ORD46079985,1/21/2025,439.75
CUST00288,ORD57A313A2,5/2/2024,192.08
CUST00288,ORD6C353811,7/3/2024,416.43
CUST00288,ORD7DE67F55,2/24/2024,158.29
CUST00288,ORD5DE9391B,1/31/2024,267.3
CUST00288,ORDC9B974B8,6/25/2023,95.76
CUST00288,ORDC38B8F64,6/2/2023,193.37
CUST00288,ORD8553C90A,4/13/2025,28.32
CUST00289,ORD8F324413,1/16/2025,457.54
CUST00289,ORDF070563B,7/27/2024,227.45
CUST00289,ORD84394B37,2/15/2025,22.22
CUST00289,ORD195B30F0,12/23/2023,246.5
CUST00289,ORDF89A0ED1,10/16/2023,255.03
CUST00289,ORD60B1E614,9/16/2023,103.2
CUST00289,ORD2321DFAE,12/16/2024,462.58
CUST00290,ORD91720979,12/16/2023,162.08
CUST00290,ORD337037C8,4/4/2025,170.4
CUST00290,ORD1AFD223B,2/19/2025,387.05
CUST00290,ORD668B4ACF,6/11/2024,58.14
CUST00290,ORD29B98B4A,4/23/2024,491.31
CUST00290,ORDB81FE128,7/7/2023,262.91
CUST00290,ORD98A83C7B,4/14/2024,496.43
CUST00290,ORD2522C990,12/3/2023,110.54
CUST00290,ORDECABFCA9,12/31/2023,27.91
CUST00290,ORDC207ABCB,8/3/2024,199.92
CUST00290,ORD1EBB3D70,12/11/2023,433.76
CUST00290,ORD55A12DD7,3/10/2024,66.76
CUST00290,ORD65295FC5,1/10/2025,162.38
CUST00290,ORDC46A40EA,7/9/2024,31.57
CUST00290,ORD47C6A292,10/21/2023,425.58
CUST00290,ORD799A0A80,4/25/2024,437.22
CUST00290,ORDC7E640DA,6/5/2023,173.31
CUST00291,ORD6DC29530,4/21/2024,60.52
CUST00291,ORD352770E1,5/28/2024,385.43
CUST00292,ORDCE87456B,11/24/2024,21.02
CUST00292,ORD881F2497,1/13/2025,381.66
CUST00292,ORDB7E6B978,2/12/2024,323.04
CUST00292,ORD6B723C49,3/5/2025,112.82
CUST00292,ORD8A1F9A6E,7/18/2024,108.27
CUST00292,ORD4886FC02,1/13/2024,150.42
CUST00292,ORD191C405A,3/1/2025,270.82
CUST00292,ORD303B63A2,12/8/2023,388.67
CUST00292,ORDD6706993,9/12/2024,338.85
CUST00292,ORDCCC9ED33,6/12/2024,143.6
CUST00293,ORDCAE1C5D8,11/28/2023,144.08
CUST00293,ORDE8325FE1,11/5/2023,17.48
CUST00293,ORD181469FC,8/16/2023,315.24
CUST00293,ORD3AA431F8,10/23/2023,261.89
CUST00293,ORD0D64FD84,3/27/2024,111.22
CUST00293,ORD573E3558,4/27/2025,181.66
CUST00294,ORD491070EA,8/22/2024,142.82
CUST00294,ORDC422CE6D,12/13/2023,472.21
CUST00294,ORD2CA01EDB,12/29/2024,403.96
CUST00294,ORD4BE93FE2,1/5/2024,291.3
CUST00294,ORDE55BFE37,10/25/2023,93.92
CUST00294,ORDCF7DF097,4/6/2024,162.58
CUST00294,ORD405167C9,1/18/2024,447.2
CUST00294,ORD4657ECD8,7/28/2024,274.88
CUST00294,ORD54A0FDFC,10/7/2023,34.86
CUST00294,ORDA83D4C34,2/10/2025,24.21
CUST00294,ORDABC3C0D8,2/14/2024,452.61
CUST00295,ORD897B23DB,10/14/2024,61.9
CUST00295,ORD25D5EF76,6/27/2024,36.36
CUST00296,ORD8DEA8F52,12/3/2023,202.04
CUST00296,ORD499423F5,2/19/2024,355.29
CUST00296,ORD741C8294,8/18/2024,446.73
CUST00296,ORD7067236D,9/22/2024,318.44
CUST00296,ORDBB9EAF15,8/6/2023,348.16
CUST00296,ORD1BC2E5B4,12/19/2024,228.46
CUST00296,ORD3650DB94,10/31/2024,184.26
CUST00296,ORD5E882B04,11/22/2023,172.84
CUST00296,ORDB76F5E7E,5/26/2024,107.09
CUST00296,ORDB7CF8570,5/1/2024,381.62
CUST00296,ORD9AA9E1BA,12/23/2024,406.56
CUST00296,ORD826D7AD9,7/27/2024,48.49
CUST00296,ORD74617EF8,4/21/2025,462.16
CUST00296,ORD37A84104,4/16/2025,384.57
CUST00297,ORD3875A142,11/28/2024,74.58
CUST00297,ORD291F57CE,9/7/2024,408.3
CUST00297,ORDDDA5D512,5/8/2024,460.65
CUST00297,ORD20869AE1,9/24/2024,239.46
CUST00297,ORD965F186F,3/31/2024,233.24
CUST00297,ORD0EB98D2F,1/11/2025,345.39
CUST00297,ORD1C7A3474,2/11/2024,358.01
CUST00297,ORD148685C7,9/23/2024,238.04
CUST00297,ORDFD7B0CFE,4/30/2024,123.53
CUST00297,ORD4F9AD132,2/4/2024,119.66
CUST00297,ORD8D8AF31A,6/2/2024,431.94
CUST00297,ORDB27B2068,7/13/2024,312.3
CUST00297,ORDB535886D,11/12/2024,457.3
CUST00297,ORD5A3F8B0E,7/7/2024,202.12
CUST00297,ORDA4ECB17C,2/11/2024,352.81
CUST00297,ORD0A46177D,8/3/2024,335.94
CUST00297,ORDAE3B7231,5/13/2024,396.5
CUST00297,ORDB98A78D3,6/23/2024,442.38
CUST00297,ORDCCA5B706,5/8/2024,232.11
CUST00298,ORD6A7D710A,1/9/2025,42.03
CUST00299,ORDA7729420,12/20/2023,182.21
CUST00299,ORD3F3E140F,3/21/2024,236.01
CUST00299,ORDB97D3D94,3/31/2024,93.69
CUST00299,ORD3658856F,10/30/2024,386.29
CUST00300,ORD11DBEC89,8/17/2024,291.59
CUST00300,ORDB675D2CE,8/27/2024,258.9
CUST00300,ORD23A1AC4E,7/13/2023,208.79
CUST00300,ORD265C1700,3/4/2025,359.99
CUST00300,ORD45CB9350,10/31/2024,62.42
CUST00300,ORD2EE31E9B,3/11/2024,282.51
CUST00300,ORD5060B17D,11/5/2024,44.75
CUST00300,ORDB26518DE,1/11/2024,158.04
CUST00300,ORD79EB17A2,3/5/2024,235.88
CUST00300,ORDAA237FA9,3/25/2025,299.36
CUST00300,ORD87E4FB2C,11/1/2023,126.9
CUST00300,ORD48D9B5D5,8/15/2023,129.41
CUST00300,ORD5485C1C3,1/11/2025,87.92
CUST00300,ORD085BB0C5,10/28/2023,246.36
CUST00300,ORDB8FD378B,4/18/2025,42.37
CUST00300,ORD2F5024DD,7/17/2024,112.04
CUST00300,ORD3908382D,5/8/2024,350.09
CUST00300,ORDBB21916A,1/3/2025,221.26
CUST00300,ORDDBDB2B78,9/25/2023,490.3
CUST00300,ORD78FE8397,5/8/2024,287.93
CUST00301,ORDE87B70F7,7/10/2024,276.82
CUST00301,ORD4C023243,1/26/2025,125.72
CUST00301,ORD91A2E7FB,8/31/2023,334.68
CUST00301,ORD44BAA0AC,1/1/2025,48.17
CUST00301,ORDD0DD286B,4/16/2024,466.12
CUST00301,ORD243EE07D,10/26/2023,291.35
CUST00301,ORD4F0EE4F4,12/19/2024,248.45
CUST00301,ORDA860CB9C,12/28/2024,300.16
CUST00301,ORDEB17ADA5,2/9/2025,236.83
CUST00301,ORD2A9BF3F1,12/22/2023,281.99
CUST00301,ORD58F817F9,11/17/2024,412.79
CUST00302,ORD94D12415,2/2/2025,160.94
CUST00302,ORDEF3B666F,3/23/2025,208.84
CUST00302,ORD25E64711,2/27/2024,303.15
CUST00302,ORD8A2A9ECB,3/4/2024,345.9
CUST00302,ORDABAFF780,8/14/2023,302.24
CUST00302,ORDDFD44043,2/14/2025,411.73
CUST00303,ORDEA9BD2FE,1/24/2025,252.2
CUST00303,ORD3949DED9,8/17/2024,333.48
CUST00303,ORDF11E4BC9,10/24/2024,54.36
CUST00303,ORD8F72BFB4,1/25/2025,410.35
CUST00303,ORD03885755,10/14/2023,444.76
CUST00303,ORDA6F21FAF,7/14/2024,452.6
CUST00303,ORDB5689F6B,3/23/2024,321.71
CUST00303,ORDEB0ABCD2,5/20/2024,10.09
CUST00303,ORD088C8D64,6/3/2024,81.9
CUST00303,ORDA04EF1C2,3/20/2025,83.12
CUST00303,ORDD51CECDA,9/12/2023,270.32
CUST00304,ORDABF66E11,11/23/2024,311.63
CUST00304,ORD9712FCCE,9/24/2024,229.11
CUST00304,ORDEA40BE57,11/24/2024,110.77
CUST00304,ORD6817F3E3,7/6/2024,439.94
CUST00304,ORD1C8C373E,11/12/2023,156.87
CUST00304,ORD53A0A34E,12/11/2023,399.23
CUST00304,ORD893F9A8C,11/27/2024,342.98
CUST00304,ORDACB05D40,7/28/2024,460.07
CUST00304,ORD31F64D3D,8/7/2023,468.97
CUST00304,ORD3FA1AFF5,6/20/2024,361.72
CUST00304,ORD55FB17B8,2/28/2024,458.41
CUST00304,ORD23A0A4AA,2/22/2024,495.24
CUST00304,ORD46FC8A09,8/2/2024,295.54
CUST00305,ORDF7436F55,5/5/2024,493.35
CUST00305,ORD7DEED92D,10/6/2024,208.06
CUST00305,ORD791A74F5,7/5/2024,72.5
CUST00305,ORD1AE8990A,12/4/2024,154.15
CUST00305,ORDB05043E6,5/13/2024,190.92
CUST00305,ORD7FBD400F,8/19/2024,278.95
CUST00305,ORD9A994ABF,7/17/2024,36.03
CUST00305,ORD98ED3DCB,7/26/2024,354.64
CUST00305,ORDA15FCFC9,1/18/2025,412.17
CUST00305,ORD1C6A8CF9,8/14/2024,186.03
CUST00305,ORDDC0852DC,5/12/2024,432.01
CUST00305,ORD5682F8E1,11/22/2024,434.18
CUST00305,ORD24EB1A3C,1/9/2025,125.27
CUST00305,ORD1603A913,2/18/2025,354.09
CUST00305,ORD7C8A4D16,7/11/2024,203.19
CUST00305,ORD63DA44C1,9/13/2024,165.88
CUST00305,ORD5678DF80,1/20/2025,197.57
CUST00305,ORD4BF28FAD,1/19/2025,196.97
CUST00305,ORD00BFC96A,5/9/2024,277.11
CUST00305,ORD8A22AF0A,3/14/2025,334.62
CUST00306,ORD2AAF6C61,1/31/2025,78.14
CUST00306,ORD634C4C98,1/6/2025,282.16
CUST00306,ORDF18CAE85,11/21/2024,423.23
CUST00306,ORDE72DC890,8/23/2024,186.54
CUST00306,ORDC629887E,12/19/2024,214.45
CUST00306,ORDDCD8DD0F,11/10/2024,151.35
CUST00306,ORD1E238F7D,9/26/2024,437.64
CUST00306,ORD51B84BFD,10/15/2024,71.52
CUST00306,ORDF150CA70,2/28/2025,15.69
CUST00306,ORD890ACEF7,1/9/2025,327.71
CUST00306,ORDAD3BB840,2/23/2024,80.56
CUST00306,ORDB735BEF0,5/27/2024,443.6
CUST00306,ORD092F6238,11/18/2024,332.38
CUST00306,ORDB7997855,5/29/2024,487.74
CUST00306,ORDA16B8AFA,12/3/2024,76.53
CUST00306,ORD572A2C7F,10/12/2024,77.24
CUST00307,ORD2368BF3B,1/12/2025,431.47
CUST00307,ORDA6241671,10/23/2023,447.86
CUST00307,ORDAEC54F4E,6/5/2024,350.74
CUST00307,ORDBACFA367,11/7/2024,465.85
CUST00307,ORD9E5EBCC1,2/8/2024,315.39
CUST00307,ORD2F783576,10/28/2024,232.65
CUST00307,ORD75B642A6,10/28/2024,217.82
CUST00307,ORDB1ECF6AC,6/27/2024,411.83
CUST00307,ORDAB8D83D8,8/14/2024,198.51
CUST00307,ORDDFAD6C47,11/8/2023,120.61
CUST00307,ORD888FE4E2,3/3/2025,218.14
CUST00307,ORD6F4FE63B,4/1/2025,13.64
CUST00307,ORDC9B90E8D,7/6/2024,254.1
CUST00307,ORD6944F77C,12/1/2024,368.15
CUST00308,ORD376F1D78,8/30/2023,141.93
CUST00308,ORDA25750F2,12/25/2024,464.02
CUST00308,ORD00355722,3/18/2025,292.41
CUST00308,ORD9E36C4EE,1/18/2024,26.4
CUST00308,ORD818C2BB9,4/23/2025,28.55
CUST00308,ORD373BC52D,5/28/2024,246.8
CUST00308,ORDFAE5075A,10/20/2023,190.6
CUST00308,ORD7242DEEA,3/23/2025,294.33
CUST00308,ORD3D72C743,9/4/2023,481.25
CUST00308,ORD5B57C1C4,4/4/2025,49.23
CUST00308,ORD672B8E6D,1/5/2024,367.79
CUST00308,ORDE6B07E94,8/17/2024,267.94
CUST00308,ORDD1BEFE8C,8/8/2024,431.08
CUST00308,ORDCB4C4939,2/9/2024,377.79
CUST00308,ORD67B11801,11/12/2023,146.92
CUST00308,ORDC001A458,8/10/2024,263.31
CUST00308,ORD5A95D41E,7/29/2023,266.44
CUST00309,ORD86C4B41F,6/1/2024,53.34
CUST00309,ORDC25CD84E,3/18/2024,241.5
CUST00309,ORDEB246879,11/17/2023,373.43
CUST00309,ORDC11CF798,1/3/2024,480.6
CUST00309,ORD47F6BF3B,8/11/2024,48.26
CUST00309,ORD54D3F100,10/14/2024,320.51
CUST00309,ORD59DD9C2D,12/4/2024,401.07
CUST00309,ORD4FD53BC5,12/8/2024,163.12
CUST00309,ORD711103F2,6/1/2024,35.86
CUST00309,ORDFB20A643,3/20/2025,178.34
CUST00309,ORD8D3A784D,4/6/2025,391.48
CUST00309,ORD0C1132E3,9/22/2024,239.75
CUST00309,ORD9556E8C8,11/28/2024,261.2
CUST00309,ORD550DA6E0,10/14/2024,239.92
CUST00309,ORD481F6E91,1/10/2024,369.57
CUST00309,ORD5523D1DC,12/27/2023,216.3
CUST00309,ORD69BCDB2C,3/17/2024,480.68
CUST00309,ORD7CB80822,12/12/2023,401.13
CUST00309,ORDF00D1681,5/27/2024,151.71
CUST00309,ORDF2752263,7/2/2024,27.31
CUST00310,ORDD4879787,3/22/2024,377.22
CUST00310,ORDF38E4D76,8/8/2024,366.22
CUST00310,ORDEDB583AB,4/20/2025,286.22
CUST00310,ORD05FFCF4E,3/12/2024,40.09
CUST00310,ORDD0D037E3,11/26/2023,241.85
CUST00310,ORD488BD999,8/7/2024,92.85
CUST00310,ORDEBCE65B7,10/10/2023,35.29
CUST00310,ORDAABC31AA,9/7/2024,495.28
CUST00310,ORDC58BDE08,7/29/2024,406.36
CUST00310,ORDEDAC6383,11/16/2024,315.92
CUST00310,ORDEB75BE09,8/12/2024,150.54
CUST00310,ORD1AD95290,3/7/2024,50.43
CUST00310,ORDD41A944F,1/13/2024,257.74
CUST00310,ORDA3957A2A,12/5/2023,427.21
CUST00310,ORDA5A9887B,3/12/2025,146.15
CUST00310,ORD5817AE95,3/28/2024,74.94
CUST00310,ORD248D5F08,5/22/2024,147.68
CUST00310,ORDF30018B0,8/8/2024,430.35
CUST00310,ORDCBE378D6,2/3/2025,16.96
CUST00310,ORD17548425,8/13/2024,64.66
CUST00311,ORD0AD0D9E8,4/13/2025,455.96
CUST00311,ORD6550BC37,2/1/2024,372.09
CUST00311,ORD2BA445F3,6/2/2024,332.99
CUST00311,ORD92D3A5AC,12/21/2024,191.19
CUST00311,ORD2BBD2026,7/16/2024,95.95
CUST00311,ORD1F64EDC0,1/11/2025,393.44
CUST00312,ORD735D0743,9/27/2024,247.61
CUST00312,ORDF500F5D7,12/12/2023,401.69
CUST00312,ORD4978897A,1/20/2025,432.39
CUST00312,ORD4B62A8C7,2/18/2025,178
CUST00312,ORD84EF0135,7/11/2024,51.36
CUST00312,ORD8D9E8740,3/19/2025,81.08
CUST00312,ORDA23D3929,6/4/2023,467.63
CUST00312,ORD07BE5324,11/19/2024,85.53
CUST00313,ORD105456A8,12/2/2023,378.85
CUST00313,ORD70ABFEB7,9/18/2024,212.34
CUST00313,ORD121FD051,6/11/2024,197.75
CUST00313,ORDEDA6F74C,2/3/2024,333.73
CUST00313,ORD9E89AD09,8/9/2024,365.74
CUST00313,ORD8495C931,10/16/2024,91.97
CUST00313,ORD4F39EA9C,3/3/2024,293.1
CUST00313,ORDC0A76F00,7/7/2024,422.5
CUST00313,ORDE80C0205,8/27/2024,36.62
CUST00313,ORD0D447D12,11/28/2023,139.55
CUST00313,ORD2DD79F9F,5/2/2024,411.57
CUST00313,ORD377635ED,5/1/2024,35.74
CUST00313,ORDB226777A,12/19/2024,237.37
CUST00313,ORD9AF720C6,11/6/2024,243.35
CUST00313,ORD8D60A0A8,3/14/2024,243.37
CUST00313,ORD424AC1F8,11/29/2023,474.64
CUST00314,ORDFE0CE389,9/7/2024,124.49
CUST00314,ORD230B07E8,4/17/2025,344.92
CUST00314,ORDE56DD240,12/14/2024,201.13
CUST00314,ORDFA8B78A5,8/10/2024,138.69
CUST00314,ORDBFB49026,7/7/2023,269.92
CUST00314,ORD5577A315,9/20/2023,223.02
CUST00314,ORD8CF1015C,3/13/2025,151.51
CUST00314,ORDB59F71B0,9/6/2024,400.68
CUST00314,ORD314E54A8,1/30/2025,197.18
CUST00314,ORD767D72CD,7/27/2023,164.69
CUST00314,ORD6C626D9D,4/9/2025,269.82
CUST00314,ORD9D767FE3,4/28/2024,478.38
CUST00314,ORDCB874F54,12/14/2024,57.71
CUST00314,ORD2705559C,1/9/2025,270.33
CUST00314,ORDD5B5A38B,8/13/2023,183.38
CUST00314,ORDDA0DB310,6/19/2024,423.68
CUST00314,ORDEF9FDBB7,12/14/2023,309.14
CUST00314,ORD36286339,11/16/2024,329.51
CUST00315,ORDDC1D6067,2/7/2024,174.13
CUST00315,ORD5A227AEE,10/29/2023,140.87
CUST00315,ORD955D1DEA,8/14/2024,58.16
CUST00315,ORDAC73731E,4/13/2025,330.63
CUST00315,ORD2B5180B6,9/18/2024,201.67
CUST00315,ORD0F3FDF43,4/19/2025,388.84
CUST00315,ORD1885AFDA,12/30/2023,377.05
CUST00315,ORDFE8B5927,2/19/2025,369.81
CUST00315,ORDC8BED563,3/14/2025,298.47
CUST00316,ORDF4847E10,7/14/2024,264.78
CUST00316,ORD8CDD55DB,5/13/2024,342.08
CUST00316,ORDC25F1F71,12/13/2024,496.68
CUST00316,ORDE2CCA0D8,7/21/2024,163.5
CUST00316,ORD645C18A1,4/25/2024,15.18
CUST00316,ORD42A39DED,2/18/2024,14.15
CUST00316,ORD6164DCCF,1/18/2024,43.3
CUST00317,ORD1A839E9C,1/28/2025,57.87
CUST00317,ORD5371B4D3,8/12/2024,60.91
CUST00317,ORDD43FC993,9/24/2024,228.51
CUST00317,ORD3F2BF691,10/12/2024,117.51
CUST00317,ORDDB9AFEEC,4/7/2025,148.82
CUST00317,ORDCA1CC919,8/12/2024,104.61
CUST00317,ORDFBE23BDD,12/23/2024,21.61
CUST00317,ORD1D082CD6,3/22/2024,55.05
CUST00317,ORD1F5D57AE,11/15/2024,469.87
CUST00317,ORD6BD8B55B,9/9/2024,331.74
CUST00317,ORD712B5BD0,10/10/2024,419.37
CUST00317,ORD161CCA61,7/9/2024,475.74
CUST00317,ORD922F9A70,4/9/2024,322.66
CUST00317,ORDAD7E1E7D,4/20/2025,356.96
CUST00318,ORDF0C7E959,2/26/2025,52.33
CUST00318,ORD79F13C44,5/1/2024,306.3
CUST00318,ORD11A5337C,11/5/2024,194.22
CUST00318,ORD1F749DF5,4/9/2024,384.29
CUST00319,ORD21410B59,11/27/2024,403.57
CUST00319,ORDC0DD7C03,12/12/2023,100.54
CUST00319,ORD708CCF59,3/16/2025,64.31
CUST00319,ORD702CABC9,1/24/2024,100.29
CUST00319,ORD9F8D73CB,2/29/2024,154.34
CUST00319,ORDB5CB536A,4/9/2025,333.63
CUST00319,ORD52BF538A,12/9/2024,47.1
CUST00319,ORD4CBD2077,1/1/2024,232.19
CUST00319,ORD499EBA34,9/13/2024,497.67
CUST00319,ORD33F50D15,1/26/2025,386.99
CUST00319,ORD727FC741,11/21/2024,349.19
CUST00319,ORDCCE06C30,6/1/2024,337.11
CUST00319,ORDD388B083,10/24/2023,387.36
CUST00319,ORD6E7E199B,4/6/2024,136.09
CUST00319,ORD07F06CC4,5/18/2024,392.56
CUST00319,ORDE4F0BE4A,9/15/2024,145.87
CUST00319,ORD57069331,11/24/2024,40.57
CUST00319,ORDFEDB3341,11/10/2024,200.41
CUST00319,ORD2C012515,11/25/2023,498.02
CUST00320,ORDC57F673E,1/28/2025,478.25
CUST00320,ORD344880F7,8/2/2024,139.69
CUST00320,ORD4A1E7BA5,3/10/2025,225.88
CUST00320,ORD5B2D3722,5/9/2024,250.94
CUST00320,ORD64EF2ABC,8/30/2024,465.01
CUST00320,ORDCDA1BCA8,8/2/2024,309.05
CUST00320,ORD84B73A09,9/10/2024,97.44
CUST00320,ORDB183F519,9/26/2024,251.11
CUST00320,ORDB69C646F,1/7/2025,80.5
CUST00321,ORDFEBD3985,11/6/2023,117.01
CUST00321,ORDC6C3727A,1/31/2024,325.24
CUST00321,ORDA5569DC5,2/27/2024,457.18
CUST00321,ORDBB4429AA,4/22/2025,360.55
CUST00321,ORDD415D3F8,1/27/2024,60.61
CUST00321,ORD408651D3,3/17/2024,45.73
CUST00321,ORD6CBDE247,3/4/2024,289.96
CUST00321,ORDDB8CD06A,7/27/2024,132.79
CUST00321,ORD4D5C9339,6/19/2024,228.48
CUST00321,ORD559965B9,11/15/2024,449.29
CUST00321,ORDD5C9ADEE,1/23/2025,82.94
CUST00321,ORD266C6B5A,10/4/2024,323.76
CUST00321,ORD4DC1EDDB,12/19/2023,467.12
CUST00321,ORD6A40047C,6/29/2024,335.66
CUST00322,ORD1A1DD5E6,1/23/2024,84.29
CUST00322,ORDB28473EB,11/4/2024,171.62
CUST00322,ORD99DE5004,12/26/2024,201.75
CUST00322,ORD6BE9B1BB,4/18/2025,11.81
CUST00322,ORDE38720D7,2/18/2025,356.73
CUST00322,ORDA8E205E8,11/18/2023,387.79
CUST00322,ORD5E358C17,12/10/2024,244.29
CUST00322,ORDC05C99C6,12/25/2024,207.92
CUST00322,ORDDD48D704,8/24/2024,366.61
CUST00323,ORD2EC263D0,11/13/2024,274.66
CUST00323,ORD7CE20C88,12/23/2024,11.62
CUST00323,ORDB9D0F842,4/5/2025,477.54
CUST00324,ORD33EE56C6,3/8/2025,69.39
CUST00324,ORD5BCC3709,9/18/2023,272.3
CUST00324,ORDF03889A3,12/23/2024,495.88
CUST00324,ORD17876333,11/6/2024,173.39
CUST00324,ORD48014BB1,9/1/2023,158.39
CUST00324,ORDBC163D27,2/5/2025,37.05
CUST00324,ORDAE2D3BFD,8/10/2023,498.54
CUST00324,ORDF0E69623,12/18/2024,327.07
CUST00324,ORD4AA9B07C,10/6/2023,189.02
CUST00324,ORDE81FEF35,5/11/2024,428.14
CUST00324,ORDDAFDE451,9/13/2024,176.63
CUST00324,ORD50FD2F8A,11/5/2024,422.18
CUST00324,ORDC1A047EB,7/26/2023,382.62
CUST00324,ORD1CB2DF66,3/12/2024,152.08
CUST00324,ORD16B0C4E4,1/14/2025,109.53
CUST00324,ORD730FDBD7,12/24/2023,281.69
CUST00325,ORD11978B4E,10/29/2024,333.76
CUST00325,ORD90124CCC,6/10/2024,156.45
CUST00325,ORD079A7291,6/16/2024,201.15
CUST00325,ORDBA3E7936,1/1/2024,62.32
CUST00325,ORD6A1F33A6,11/29/2024,347.53
CUST00325,ORD1AE9BFE5,7/12/2023,248.39
CUST00325,ORDD78F0FDF,4/12/2025,443.75
CUST00325,ORD8E2E8EB9,1/11/2025,224.61
CUST00325,ORDFBF8285B,10/6/2024,102.84
CUST00325,ORD155CAC1F,9/21/2023,27.49
CUST00325,ORDB525BB06,9/27/2023,22.43
CUST00325,ORD07A4BB47,2/4/2024,498.23
CUST00325,ORDEB89C5DC,4/12/2025,126.86
CUST00326,ORD4A6E29E1,11/6/2024,40.87
CUST00326,ORD0C299246,9/13/2023,274.87
CUST00326,ORD1D070AB8,2/22/2024,160.79
CUST00326,ORD535807E6,11/22/2023,271.63
CUST00326,ORDDD86BD73,10/27/2023,418.78
CUST00326,ORDDDD76621,12/28/2024,230.16
CUST00326,ORD390F2A69,9/7/2023,497.96
CUST00326,ORD4F54BAE7,8/6/2024,28.15
CUST00326,ORD4DA7392A,10/3/2024,37.47
CUST00326,ORD3B1F9C2C,6/6/2024,396.01
CUST00326,ORD89C3639A,9/16/2024,30.98
CUST00326,ORDDD996697,5/10/2024,67.91
CUST00326,ORD90E36E5E,8/7/2023,405.48
CUST00327,ORDF89366E5,9/18/2024,234.6
CUST00327,ORD736A175C,10/17/2024,342.26
CUST00327,ORDA2DE87B8,8/9/2024,438.39
CUST00327,ORD17FAEEB8,11/2/2023,82.99
CUST00327,ORD9BB8496A,3/9/2025,293.88
CUST00327,ORDB8A90A43,4/4/2025,463.16
CUST00327,ORD5C66CCB1,6/14/2024,28.07
CUST00327,ORDBAB63CAD,9/19/2023,79.38
CUST00327,ORD8AB00DB1,7/12/2024,330.38
CUST00327,ORD806121A4,4/19/2025,240.9
CUST00327,ORD220DA78A,12/17/2023,459.83
CUST00327,ORDF5A25D14,12/29/2024,32.44
CUST00327,ORD688D37AE,5/19/2024,353.64
CUST00327,ORD2AA3F5EA,2/19/2025,73.96
CUST00327,ORDFFF7F9C4,7/27/2023,94.4
CUST00327,ORD34FEDA83,4/24/2024,34.48
CUST00327,ORD92F49C81,6/13/2024,160.6
CUST00328,ORD16AFF63E,11/15/2023,233.53
CUST00328,ORD4BAEF815,10/12/2024,93.64
CUST00328,ORD1549F640,3/28/2024,299.61
CUST00328,ORD779DF275,10/25/2023,410.72
CUST00329,ORDC56059C3,10/27/2024,65.95
CUST00329,ORD343E4D2F,11/11/2024,301.54
CUST00329,ORD786AE3FC,7/31/2024,311.66
CUST00329,ORD9BA81F76,12/11/2023,40.92
CUST00330,ORDCF4624B7,5/7/2024,218.84
CUST00330,ORD824AA41B,9/15/2023,407.65
CUST00330,ORD286B7289,11/19/2024,491.27
CUST00330,ORDD740B5CE,1/25/2025,342.41
CUST00330,ORD83F69DD8,5/26/2024,168.88
CUST00330,ORDD0F9CDA1,5/20/2024,488.17
CUST00330,ORD965AFF39,8/6/2023,292.22
CUST00331,ORD4D362CC4,9/24/2024,167.58
CUST00331,ORDCF89A548,9/25/2023,482.7
CUST00331,ORDD7A7D919,5/26/2024,114.48
CUST00331,ORD82C016F9,10/11/2024,32.34
CUST00331,ORD59340860,7/8/2024,94.99
CUST00332,ORD3AC8090C,9/12/2024,69.17
CUST00332,ORDEA086A4D,8/1/2024,79.21
CUST00332,ORDB9AA8C57,10/6/2024,213.43
CUST00333,ORDF2B4F7C3,1/24/2025,281.17
CUST00333,ORD206E144C,6/3/2024,224.94
CUST00333,ORDB7F326B0,4/21/2025,463.58
CUST00333,ORD1CD4AD2E,1/3/2025,29.94
CUST00333,ORD94B6CC7E,6/7/2024,58.98
CUST00333,ORDC23CB6B4,3/20/2024,425.21
CUST00333,ORD52CF3CF1,1/25/2025,310.1
CUST00333,ORD33F4F7FF,7/11/2024,391.05
CUST00333,ORD3254557F,4/11/2025,17.66
CUST00333,ORD2AC7D445,3/23/2025,248.61
CUST00333,ORD2D621D4F,3/11/2025,13.11
CUST00333,ORD96C5BF39,2/24/2024,97.91
CUST00334,ORDF5478BE5,5/10/2024,356.3
CUST00334,ORD7F045332,1/1/2025,300.93
CUST00334,ORD026F0A04,3/23/2025,149.03
CUST00335,ORDB309727A,1/29/2024,349.26
CUST00335,ORDFC8B1948,12/18/2023,111.02
CUST00335,ORDD5EA7FA2,9/28/2024,323.51
CUST00335,ORD0A87F1FB,10/27/2023,266.31
CUST00335,ORDC0DE3D70,8/30/2024,211.9
CUST00335,ORD9BBD5835,9/26/2023,469.66
CUST00335,ORDFA1DF577,4/28/2024,309.16
CUST00335,ORDA0EF75E8,5/6/2024,28.43
CUST00335,ORD9454B2DC,9/10/2023,98.2
CUST00335,ORDEA5AB180,9/15/2023,254.94
CUST00335,ORD5E90D300,10/18/2023,475.65
CUST00335,ORD10405B46,4/5/2024,317.32
CUST00335,ORD384ED454,11/3/2023,393.47
CUST00335,ORD5547411A,7/12/2024,180.45
CUST00335,ORD376B5D76,9/27/2024,12.24
CUST00335,ORD06123E0D,1/25/2024,125.46
CUST00336,ORD7BE8F730,8/9/2024,493.44
CUST00336,ORD1DA6521E,9/16/2024,488.63
CUST00336,ORD00D7C276,3/18/2024,313.27
CUST00336,ORD515C0A42,8/10/2023,432.74
CUST00337,ORD46F231E7,8/11/2024,258.69
CUST00337,ORD2B84466C,1/23/2025,237.47
CUST00337,ORDF508EC86,12/15/2024,316.97
CUST00337,ORDF1903DB0,5/5/2024,111.97
CUST00337,ORD516CAE36,1/17/2025,36
CUST00337,ORDBD2B6686,8/21/2024,65.21
CUST00337,ORDCD5697A6,8/26/2024,83.12
CUST00337,ORD0FE5E4A6,3/24/2024,423.45
CUST00337,ORD5B830694,9/18/2024,456.63
CUST00337,ORD642044DD,1/14/2024,253.78
CUST00337,ORDB8BFD4E2,1/30/2024,88.28
CUST00337,ORD1174F305,9/17/2024,462.11
CUST00337,ORD35659459,4/20/2025,36.47
CUST00337,ORDFCC1B5F0,5/7/2024,188.45
CUST00337,ORD4B2F0637,11/8/2024,112.7
CUST00337,ORDD72F49E5,9/15/2024,133.18
CUST00337,ORD035690C6,10/2/2024,312.24
CUST00337,ORD1A7AC65B,7/20/2024,446.14
CUST00338,ORD72589B53,1/27/2025,31.23
CUST00338,ORDDD699827,12/6/2024,372.8
CUST00338,ORD116DF20D,6/10/2024,463.18
CUST00338,ORD3238C4DB,3/5/2025,96.18
CUST00338,ORDF61D16F8,4/19/2025,394.89
CUST00338,ORD8F734B02,4/7/2025,247.68
CUST00338,ORD3E803FAC,7/18/2023,66.87
CUST00338,ORD7EE44B00,1/6/2025,448.59
CUST00338,ORDB214D458,12/14/2024,363.49
CUST00338,ORD2A9F0741,11/5/2024,300.43
CUST00338,ORD1915B622,5/28/2024,169.73
CUST00338,ORD72F385E1,12/31/2023,107.39
CUST00338,ORD07782724,8/31/2024,341.66
CUST00338,ORD670724DD,3/10/2025,169.59
CUST00338,ORD817553F5,4/4/2025,391.7
CUST00339,ORDCD137D79,9/8/2024,121.61
CUST00339,ORD0866855F,10/9/2023,126.19
CUST00339,ORDB4EED0FE,12/23/2024,212.17
CUST00339,ORDC1F0FEFA,12/21/2024,107.98
CUST00339,ORD50F6787F,1/6/2024,446.77
CUST00339,ORD61B3D947,12/10/2024,46.03
CUST00339,ORD51458A83,6/28/2024,296.7
CUST00339,ORDA005C536,7/7/2023,36.63
CUST00339,ORDA96C031A,2/16/2025,223.57
CUST00339,ORD2DF3A057,10/9/2023,115.92
CUST00339,ORD36E487F8,12/10/2024,308.62
CUST00340,ORD09B13134,8/9/2024,199.79
CUST00340,ORD73E771C8,7/13/2024,76.84
CUST00340,ORDA362D93D,1/9/2024,362.71
CUST00340,ORDBE2BE729,8/6/2024,319.69
CUST00340,ORD182EA219,4/17/2025,488.02
CUST00340,ORDB76A3EED,4/7/2025,109.08
CUST00341,ORD397D12F7,4/27/2024,25.73
CUST00341,ORD762ABFD1,10/25/2023,288.65
CUST00341,ORDDA2D6AC8,5/3/2024,147.5
CUST00341,ORDB501E03D,3/25/2024,64.44
CUST00341,ORD207C43C8,12/20/2024,238.11
CUST00342,ORD77AED6A2,10/9/2024,93.89
CUST00342,ORDAA2CB8E9,10/26/2024,178.35
CUST00342,ORDCA379737,10/5/2024,444.34
CUST00342,ORDDBC78B02,11/20/2024,305.78
CUST00342,ORD2B66E471,10/9/2024,396.88
CUST00342,ORDA6905926,11/23/2023,322.62
CUST00342,ORDD1B4EA28,6/22/2024,309.65
CUST00342,ORD6FBEC06D,1/6/2025,93.27
CUST00342,ORDE8F3F542,6/6/2024,485.37
CUST00342,ORD35374900,8/23/2024,428.95
CUST00342,ORDB94F15D7,12/23/2024,52.37
CUST00342,ORDA449738C,6/12/2024,429.92
CUST00342,ORDAA82FE1C,2/7/2025,249.71
CUST00342,ORDD1F8D5B1,1/22/2025,497.88
CUST00343,ORDE09FE057,11/29/2024,242.01
CUST00343,ORD16464A13,5/27/2024,236.75
CUST00343,ORD730DC510,8/27/2024,17.11
CUST00343,ORD73975654,1/24/2025,219.77
CUST00343,ORD07BF9366,2/15/2025,437.57
CUST00343,ORDDDE21730,2/11/2025,131.44
CUST00343,ORD3FD8B6F2,3/16/2025,222.78
CUST00343,ORD0CF75A67,6/30/2024,118.98
CUST00343,ORDEABED30D,8/13/2024,464.47
CUST00343,ORD55BCF528,11/13/2024,473.66
CUST00343,ORDDEE4E994,1/14/2025,457.74
CUST00343,ORD16A7EF41,11/24/2024,450.14
CUST00343,ORD41455E2F,2/10/2024,214.71
CUST00343,ORD2F3A7FDB,1/27/2024,31.67
CUST00343,ORD7E768A58,4/19/2025,495.72
CUST00343,ORDA8C99287,3/18/2024,369.4
CUST00343,ORD0F156676,4/29/2024,257.07
CUST00343,ORD8FD157E4,10/10/2024,218.59
CUST00343,ORD78C56B23,9/28/2024,203.22
CUST00344,ORDEA2E17AD,5/14/2024,231.7
CUST00344,ORD4F79A7C5,9/6/2024,127.85
CUST00344,ORDD264857F,9/7/2024,283.66
CUST00344,ORD6DEC1E4D,2/8/2025,16.09
CUST00345,ORDE608A587,4/10/2025,475.47
CUST00345,ORDD058F9A9,7/8/2024,75.03
CUST00345,ORD28910603,2/8/2025,154.94
CUST00345,ORD5EC5707A,12/15/2024,327.34
CUST00345,ORDA5A56623,1/1/2025,54.46
CUST00345,ORDB2586219,5/8/2024,245.09
CUST00345,ORD6C23D260,2/26/2025,159.37
CUST00345,ORD2CC0AD71,7/13/2024,354.62
CUST00345,ORD88FFC1F4,8/7/2024,430.38
CUST00345,ORD6145596E,5/25/2024,376.17
CUST00345,ORDAC3E1770,2/2/2025,21.96
CUST00345,ORD8F9B2F29,3/10/2025,232.87
CUST00345,ORD4C2DA825,6/26/2024,388.2
CUST00345,ORDE4CD34C9,8/11/2024,438.36
CUST00346,ORD1E62D26F,12/9/2024,100.62
CUST00346,ORD8E8B8EBA,10/23/2024,437.06
CUST00346,ORD6511100D,5/13/2023,317.14
CUST00346,ORD8E816E47,12/2/2024,354.91
CUST00346,ORD9DAB3619,3/1/2025,10.67
CUST00346,ORD59AFAC08,1/2/2024,317.38
CUST00346,ORDD0250301,2/24/2024,198.59
CUST00346,ORDAAA9826B,8/31/2023,348.47
CUST00346,ORDFA1CA5D7,1/6/2025,270.15
CUST00346,ORD3FA0639D,9/11/2023,155.33
CUST00346,ORDF297E7CF,2/3/2024,378.92
CUST00346,ORDA646130B,6/4/2024,352.05
CUST00346,ORDC7E8A33C,9/5/2024,310.13
CUST00347,ORDE4355C32,12/28/2023,399.29
CUST00347,ORD099D74C6,8/24/2024,395.97
CUST00347,ORD83A6A5F2,12/19/2024,49.67
CUST00347,ORD3FCCEA0D,12/25/2024,441.62
CUST00347,ORD23E01958,1/2/2024,370.52
CUST00347,ORD37EE9579,10/5/2023,36.86
CUST00347,ORD783AE87B,3/26/2025,473.21
CUST00347,ORDE7AF48A6,9/17/2024,340.58
CUST00347,ORD3A2750EE,5/13/2024,445.11
CUST00347,ORDBFAD395F,11/12/2024,64.37
CUST00347,ORDC790CD4A,11/15/2023,189.14
CUST00347,ORD5464A750,2/1/2025,313.38
CUST00347,ORD69B270BB,2/17/2024,189.13
CUST00347,ORDB953805A,11/9/2023,95.88
CUST00347,ORDAAB506D3,10/2/2023,283.81
CUST00347,ORDAF4B49D5,3/1/2024,42.83
CUST00347,ORD4A9043CA,2/22/2024,357.58
CUST00347,ORDC1097738,3/6/2024,110.31
CUST00347,ORD59A79ACF,4/13/2024,490.81
CUST00348,ORD14097953,4/2/2024,274.42
CUST00348,ORD16320BCD,3/14/2025,328.03
CUST00348,ORD6350D328,2/4/2025,371.32
CUST00348,ORD10DF46AF,5/16/2024,378.62
CUST00348,ORD5D66B4E7,12/30/2024,436.85
CUST00348,ORD0862982E,2/2/2025,354.39
CUST00348,ORDDA6C4367,12/1/2024,379.06
CUST00348,ORD8005FDFF,2/3/2025,382.83
CUST00349,ORD4755A72F,11/5/2024,182.83
CUST00349,ORD08015B5E,11/5/2024,141.01
CUST00349,ORD339CEBE8,4/24/2025,343.31
CUST00349,ORD369CA617,10/6/2024,145.8
CUST00349,ORD6E3BBA34,1/3/2024,41.05
CUST00349,ORD9C885A19,12/21/2023,179.16
CUST00349,ORDA062324A,4/7/2025,248.25
CUST00349,ORDB06E5741,11/25/2024,268.07
CUST00349,ORDCE3779F8,2/3/2025,70.13
CUST00349,ORDE3766562,1/10/2024,357.81
CUST00349,ORDCFD52BED,1/6/2025,342.37
CUST00350,ORDC39BF1D5,10/3/2024,450.73
CUST00350,ORD45BD5DFA,11/7/2023,231.47
CUST00350,ORDA63476E7,5/22/2024,190.39
CUST00350,ORDCB567F64,12/9/2024,339.92
CUST00350,ORDA7333322,3/11/2024,349.68
CUST00350,ORDB7D2D422,11/11/2023,489.26
CUST00350,ORDD90C4A54,12/20/2024,442.73
CUST00350,ORD4F7A671E,6/8/2024,102.29
CUST00350,ORDDD0F9F1D,9/21/2024,443.15
CUST00350,ORDB4E88A76,4/28/2025,52.78
CUST00350,ORD2DDE1058,3/6/2025,201.43
CUST00350,ORD863A7EFE,9/2/2024,97.62
CUST00350,ORD7B9DA592,11/4/2024,479.55
CUST00350,ORDD6870C56,1/5/2025,47.7
CUST00350,ORD5AC5D49A,9/3/2024,90.74
CUST00350,ORDDBED7F74,10/8/2024,64.89
CUST00350,ORD54EBA0C0,11/27/2023,82.5
CUST00350,ORD7E3CDEC1,2/23/2024,83.74
CUST00351,ORD5DDC0348,8/12/2024,265.14
CUST00351,ORD4D7C6488,11/7/2024,317.37
CUST00351,ORDB3CB253F,3/20/2024,153.65
CUST00351,ORD6739652A,11/26/2024,485.09
CUST00351,ORD41C93821,9/10/2024,275.3
CUST00351,ORD1084A1BA,1/31/2025,74.69
CUST00351,ORDD0C47223,4/1/2024,179.88
CUST00352,ORD15069867,7/28/2024,371.48
CUST00352,ORD52550E80,6/28/2024,20.53
CUST00352,ORDEEB57C17,10/7/2024,102.64
CUST00352,ORD24888A39,4/12/2024,20.8
CUST00352,ORD466A1AAC,11/23/2023,402.97
CUST00352,ORD2FA5108B,2/7/2025,419.12
CUST00352,ORD8BB99B2B,5/15/2024,264.61
CUST00352,ORDEB741303,10/29/2024,174.58
CUST00352,ORD2A4FB624,8/6/2024,293.57
CUST00352,ORDA36F4214,3/23/2024,331.32
CUST00352,ORD8A24E7F9,3/23/2025,395.54
CUST00352,ORD385F7A55,12/14/2024,248.21
CUST00352,ORDC297E69C,11/22/2024,336.27
CUST00352,ORD41541203,8/19/2024,269.78
CUST00352,ORD5BDED117,7/19/2024,278.75
CUST00353,ORD0DF0EE0D,2/13/2025,159
CUST00353,ORD2F17FDA1,3/2/2024,74.66
CUST00353,ORDC1208035,7/23/2024,396.78
CUST00353,ORDA1F360EA,4/17/2024,94.15
CUST00353,ORD0D98FA90,3/3/2024,137.4
CUST00353,ORDF0C50994,5/13/2024,247.28
CUST00353,ORDC11D349B,4/4/2024,485.65
CUST00353,ORDA107C5F0,3/26/2024,387.18
CUST00353,ORDDDE0BC09,3/18/2024,33.19
CUST00353,ORDB70F327C,12/9/2024,183.03
CUST00353,ORD7B74D4E7,1/3/2025,233.4
CUST00353,ORDC5D1CD23,5/15/2024,91.52
CUST00353,ORD914C28CA,11/20/2024,462.82
CUST00353,ORD48BC8BA5,2/9/2025,358.79
CUST00353,ORD1A3C0FA9,1/24/2024,149.77
CUST00354,ORDA859E671,8/23/2024,421.27
CUST00354,ORDACCF9824,4/27/2025,349.5
CUST00354,ORDEDD91B04,10/23/2023,336.51
CUST00354,ORDD6BBE334,2/20/2025,85.21
CUST00354,ORD760CA8A1,11/22/2024,126.57
CUST00354,ORD8919778F,12/22/2024,30.16
CUST00355,ORDBB3F6260,8/29/2024,291.52
CUST00355,ORD50725F3F,2/13/2024,226.04
CUST00355,ORD10D3398E,4/8/2024,191.14
CUST00355,ORDEAE2EAEB,12/11/2024,110.53
CUST00355,ORDBAD6C069,1/26/2025,356.5
CUST00355,ORDD019BD0B,9/1/2023,336.12
CUST00355,ORDE477F73B,9/2/2023,489.23
CUST00355,ORDC5679791,7/31/2023,82.49
CUST00355,ORD01D3F0D8,3/21/2025,229.73
CUST00355,ORD328101FC,8/29/2023,487.98
CUST00355,ORDB8033A63,8/21/2024,271.49
CUST00356,ORD7C04200C,9/4/2024,461.01
CUST00356,ORD768020C9,4/10/2025,208.24
CUST00356,ORD376616EC,8/9/2024,254.71
CUST00356,ORDD02E4F6C,3/26/2025,81.24
CUST00357,ORD35ED600C,10/1/2023,464.63
CUST00357,ORD0544DCEE,8/29/2024,86.47
CUST00357,ORD3A1A918F,11/19/2023,485.37
CUST00357,ORD9B757085,12/18/2024,277.61
CUST00357,ORD85425F08,4/24/2025,258.63
CUST00357,ORDD5C4A15F,12/23/2024,327.15
CUST00357,ORD8CC4EB85,3/29/2025,154.82
CUST00357,ORD7769EB6F,1/5/2025,449.03
CUST00357,ORD67274BE7,9/17/2023,485.11
CUST00357,ORD238BC1A6,9/18/2024,379.54
CUST00357,ORDB881E42E,2/17/2024,497.09
CUST00357,ORDDFB367B4,4/27/2024,336.77
CUST00357,ORD79C92511,2/2/2024,401.79
CUST00357,ORD4C7BDE84,12/9/2024,366.99
CUST00357,ORDB6F52FAE,4/2/2024,461.92
CUST00358,ORD7768225B,7/17/2024,347.68
CUST00358,ORDE7D4B9F5,6/11/2024,368.5
CUST00358,ORDC20AA3E9,1/8/2024,451.09
CUST00358,ORD77EB8916,9/25/2023,78.32
CUST00358,ORDA0F3E4E1,12/12/2024,279.97
CUST00358,ORDB360EBC8,11/13/2023,160.96
CUST00358,ORD8336A383,1/13/2024,206.8
CUST00358,ORD47C36AA0,11/9/2024,422.03
CUST00358,ORD77959955,12/2/2024,228.53
CUST00358,ORD3CC47FE9,7/16/2024,55.32
CUST00358,ORD1F0ECBFC,10/14/2023,36.97
CUST00359,ORD8D630520,7/16/2024,295.88
CUST00359,ORD77C31C76,8/7/2024,118.85
CUST00359,ORD2EB01983,10/26/2023,468.48
CUST00359,ORD6BF3173B,1/25/2025,146.18
CUST00359,ORD4AD878A4,8/2/2024,21.05
CUST00359,ORD14FBEE46,2/14/2025,273.82
CUST00359,ORDDF1BF2C5,9/16/2024,228.27
CUST00360,ORDC3E83A4F,1/16/2025,488.16
CUST00360,ORD3C3C7096,10/13/2024,203.27
CUST00360,ORD073038EF,5/31/2024,250.33
CUST00361,ORDDB879D40,9/15/2023,306.49
CUST00361,ORD37A6F934,10/17/2023,472.27
CUST00361,ORD50F232E4,5/6/2024,455.14
CUST00361,ORD99178707,4/23/2024,186.92
CUST00361,ORDE4449E9F,7/19/2024,82.49
CUST00361,ORD45C44DC7,12/1/2024,428.36
CUST00361,ORD2F4F6DD7,2/11/2024,191.12
CUST00361,ORDA2C7B2F4,9/3/2024,192.69
CUST00361,ORDD7942F88,2/3/2025,149.48
CUST00361,ORD230F6F7E,7/15/2023,182.16
CUST00361,ORD0FF3F20C,8/5/2023,488.99
CUST00361,ORD0FD7E64C,9/4/2024,438.41
CUST00361,ORD5201B13D,6/8/2024,52.92
CUST00361,ORDC723EC4B,10/29/2024,366.65
CUST00361,ORD8DED7A7F,10/23/2023,227.67
CUST00361,ORD0B7F3121,11/8/2023,496.37
CUST00361,ORD16F59C94,12/17/2023,403.81
CUST00361,ORD54CC63E9,1/22/2025,151.43
CUST00361,ORDCF9E781D,10/4/2024,404.78
CUST00361,ORDC8824BBF,12/7/2023,485.48
CUST00362,ORD8F560FF8,5/5/2024,367.02
CUST00362,ORD844454B3,1/13/2025,212.95
CUST00362,ORD5E142DCB,11/21/2024,419.4
CUST00362,ORD27B3327A,5/26/2024,302.99
CUST00362,ORD029DD24B,5/18/2024,80.38
CUST00362,ORD300940F4,10/24/2024,158.58
CUST00362,ORDC9FD80AE,9/15/2024,494.31
CUST00362,ORD9EACD510,11/13/2024,267.4
CUST00362,ORDC669B8AC,12/14/2024,174.35
CUST00362,ORDFFCF699E,12/8/2024,467.24
CUST00362,ORDEE1B645A,11/17/2024,299.43
CUST00362,ORD2AB9496B,5/25/2024,194.13
CUST00362,ORD1B26F4CB,3/8/2025,13.24
CUST00362,ORD852089BE,12/3/2024,323.01
CUST00363,ORD5D38746E,4/27/2024,213.11
CUST00363,ORDC84E555C,1/8/2024,282.35
CUST00363,ORDC9562035,4/10/2025,358.02
CUST00363,ORDE0C244E8,1/18/2024,380.07
CUST00363,ORD31089850,12/19/2024,77.09
CUST00363,ORD99FC0786,12/10/2023,101.14
CUST00363,ORD48577AED,5/30/2024,197.07
CUST00363,ORD9D7EDCD6,1/7/2025,281.39
CUST00363,ORD92C6B043,3/19/2024,30.69
CUST00364,ORDC118160C,12/25/2024,418.95
CUST00364,ORD37C66652,10/21/2024,158.92
CUST00364,ORD4593A1B9,1/19/2024,284.05
CUST00364,ORDB0989FF0,12/3/2023,237.09
CUST00364,ORDF3F70EC1,12/30/2024,23.15
CUST00364,ORDDA3CF1D1,4/6/2025,11.2
CUST00364,ORD0450D0BF,9/12/2024,138.71
CUST00364,ORD5725BB68,2/7/2025,478.45
CUST00364,ORDD55E8276,2/26/2024,418.78
CUST00364,ORD37B32C6A,10/30/2023,241.55
CUST00365,ORD10531AB7,4/1/2025,214.41
CUST00365,ORD290C23EB,11/28/2024,251.02
CUST00365,ORD2E340F6B,8/16/2024,347.04
CUST00365,ORDC1417BE5,3/10/2025,129.93
CUST00365,ORDBE6B2840,12/23/2024,68.48
CUST00365,ORD35FE6D3C,7/29/2024,145.84
CUST00365,ORDEBDA2D5D,4/13/2024,497.22
CUST00365,ORD425E4D96,4/22/2024,42.7
CUST00365,ORDE941FA43,6/30/2024,375.33
CUST00365,ORDD031F3F2,2/8/2025,294.72
CUST00366,ORD2E481D3D,2/15/2025,223.67
CUST00366,ORDDC64E0E9,6/12/2024,136.38
CUST00366,ORD480844B0,4/11/2025,346.1
CUST00366,ORD5FDE5877,9/12/2024,487.39
CUST00366,ORDDC5BE3A7,12/15/2024,410.96
CUST00366,ORD2B693373,4/19/2024,192.87
CUST00366,ORDA2C63A3A,2/9/2024,369.15
CUST00366,ORD4843BE3C,7/25/2024,18.6
CUST00366,ORD98C5B696,6/12/2024,137.17
CUST00366,ORD2CBA6F68,12/21/2024,295.01
CUST00366,ORDFEF5426D,2/9/2025,81.61
CUST00366,ORDFCBC0FB8,3/6/2024,235.91
CUST00366,ORD92703D6A,12/31/2023,349.71
CUST00366,ORD96714DE5,9/9/2024,185.12
CUST00366,ORDBB7C7238,10/16/2024,35.92
CUST00366,ORDC67CD9BD,12/26/2024,186.97
CUST00366,ORDE8BE1011,10/14/2024,321.76
CUST00366,ORD801694A0,11/1/2023,478.03
CUST00366,ORD1ADE034D,12/14/2024,33.87
CUST00367,ORD6D7C8EC9,9/2/2024,269.51
CUST00367,ORD842886B7,11/30/2024,468.8
CUST00367,ORD62EB0AC8,10/29/2024,261.79
CUST00367,ORD66127164,1/6/2025,385.56
CUST00367,ORD010DEB01,9/1/2024,99.79
CUST00367,ORD4FCD21A4,1/25/2025,56.31
CUST00367,ORD721D7100,5/1/2024,378.79
CUST00367,ORD31E54B65,1/20/2025,276.42
CUST00367,ORDA93E488D,10/29/2024,437.5
CUST00367,ORDB8938CDA,9/3/2024,415.14
CUST00368,ORDC9F0BD4A,10/17/2023,143.01
CUST00368,ORD2D9ED115,1/14/2024,352
CUST00368,ORD2C0E805B,1/24/2024,187.64
CUST00368,ORD6ADCD1F7,1/23/2024,271.87
CUST00368,ORD00B7AB07,9/6/2024,182.3
CUST00368,ORD6B05929C,2/12/2024,80.42
CUST00368,ORDC0945A69,6/26/2024,77.11
CUST00368,ORD1F24EB4B,9/8/2024,147.89
CUST00368,ORDB96DDA05,4/30/2024,391.62
CUST00368,ORD3D9B92ED,7/20/2024,211.88
CUST00369,ORDF6F78001,12/3/2024,60.18
CUST00369,ORD176F2FF0,1/9/2025,85.73
CUST00369,ORD54D69F6C,3/17/2024,118.35
CUST00369,ORD80818F2E,5/13/2024,102.32
CUST00369,ORD41C92871,11/3/2024,449.56
CUST00369,ORD413B0863,10/22/2024,310.58
CUST00370,ORDF2DA1BD6,6/23/2024,424.57
CUST00370,ORD877DE523,11/13/2023,359.15
CUST00370,ORDB60A002B,10/11/2024,354.11
CUST00370,ORDC23589DC,7/31/2024,403.26
CUST00370,ORD8EFA5A2E,12/4/2023,214.5
CUST00370,ORD42EC4B32,11/4/2024,458.86
CUST00370,ORD972C2CB1,12/22/2024,67.12
CUST00370,ORD90A359BF,9/15/2024,74.3
CUST00370,ORD01EF4E9A,7/30/2024,18.52
CUST00370,ORD2A7F05D1,2/26/2025,180.62
CUST00370,ORDFA6C8C55,12/17/2024,348.61
CUST00370,ORD1E2C9538,10/5/2024,78.12
CUST00370,ORDB5C0291F,1/25/2024,226.55
CUST00370,ORD85A136E5,12/13/2023,493.92
CUST00370,ORD1591EECE,3/14/2025,266.33
CUST00370,ORD4E25A6AE,5/23/2024,485.35
CUST00370,ORDE60F3679,3/22/2024,94.38
CUST00371,ORDE1DF88CE,3/3/2024,24.09
CUST00371,ORDF1829514,8/22/2024,409.14
CUST00371,ORDE20AA8E9,6/9/2024,118.96
CUST00371,ORD132DF8A8,6/14/2024,429.84
CUST00371,ORD9485BBFF,8/18/2024,79.76
CUST00371,ORD1FEE156F,9/1/2024,121.02
CUST00371,ORD0405AF31,12/18/2023,71.42
CUST00371,ORD0DC00095,1/27/2025,73.81
CUST00371,ORD14D74700,8/31/2024,48.52
CUST00371,ORD2ADA165A,1/2/2025,348.5
CUST00372,ORD5BF274A5,2/14/2025,48.09
CUST00372,ORDF12F65D7,9/2/2024,389.6
CUST00372,ORDF41FCA79,12/18/2024,381.09
CUST00372,ORDFE90E21D,7/8/2024,30.83
CUST00373,ORD80306118,4/7/2025,26.07
CUST00373,ORDD6AF3B63,3/27/2025,333.3
CUST00373,ORDECE65860,3/11/2025,300.66
CUST00373,ORDB09D58E4,3/6/2025,239.85
CUST00374,ORD79DC6BF7,2/14/2024,31.21
CUST00374,ORD03DDE965,7/16/2024,157.81
CUST00374,ORDFA95E601,2/2/2025,15.03
CUST00374,ORDF8046B7F,6/20/2024,57.29
CUST00374,ORDE451B506,9/1/2024,70.66
CUST00374,ORD58BD5E8E,7/28/2024,304.88
CUST00374,ORDDE94565B,10/30/2024,297.93
CUST00374,ORD611DBBBD,9/23/2024,108.01
CUST00374,ORD1D956A9B,6/21/2024,338.59
CUST00375,ORD37BEBB0D,8/2/2023,54.48
CUST00376,ORD12707B65,4/21/2024,474.91
CUST00376,ORD8A55221F,10/11/2024,180.44
CUST00376,ORD3AB8F1C8,3/29/2025,88.67
CUST00376,ORD7943A4B7,5/19/2024,255.31
CUST00376,ORD3C9F8651,10/23/2024,366.99
CUST00376,ORD44FED029,9/27/2024,128.49
CUST00376,ORD39CEF646,5/20/2024,289.42
CUST00376,ORD41D9BA12,3/27/2025,58.56
CUST00376,ORD1B09D867,9/13/2024,293.29
CUST00377,ORDB3A1207E,5/20/2024,269.13
CUST00378,ORD2ED1C272,10/18/2024,482.49
CUST00378,ORD99269B3C,3/13/2024,94.17
CUST00378,ORD31FDE859,10/23/2023,379.47
CUST00378,ORDE9BCCCB0,12/10/2024,12.12
CUST00378,ORD4CCF12CF,10/15/2023,365.42
CUST00378,ORD5D6178C1,8/14/2023,462.87
CUST00378,ORDB0EA77A9,7/18/2023,461.03
CUST00379,ORD3EF8608D,1/20/2024,189.57
CUST00379,ORD72DB1B23,4/18/2024,298.8
CUST00379,ORDFEEBE145,12/6/2024,225.44
CUST00379,ORD95C61021,10/12/2024,479.3
CUST00379,ORDC6D47B09,10/25/2024,98.62
CUST00379,ORD22029AFE,7/12/2024,183.86
CUST00379,ORD607B08BD,11/8/2024,196.01
CUST00379,ORD67B7B1D0,2/8/2025,114.99
CUST00379,ORDF357F99B,10/14/2024,121.5
CUST00379,ORD41379854,4/5/2024,65.29
CUST00379,ORD586A19BD,11/3/2024,492.46
CUST00379,ORD4A879056,5/11/2024,70.57
CUST00379,ORDA7441722,2/6/2024,64.05
CUST00379,ORDE5FD3010,9/22/2024,76.6
CUST00379,ORDFBA55900,2/22/2024,383.51
CUST00379,ORDD45BA155,3/1/2024,355.32
CUST00380,ORDC20B2949,1/24/2024,363.85
CUST00380,ORD6AAF99F2,2/17/2025,50.3
CUST00380,ORDA9862680,3/22/2024,251.92
CUST00380,ORDD9D6EE65,4/3/2024,198.54
CUST00380,ORD4C670DE5,9/8/2024,233.9
CUST00380,ORD63CCD426,8/4/2024,370.73
CUST00380,ORD63B91653,4/15/2025,346.65
CUST00380,ORD2B616BBF,9/6/2024,422.13
CUST00380,ORD8D667029,10/20/2023,120.68
CUST00380,ORD25776F6A,11/10/2024,209.57
CUST00380,ORD62C04835,10/23/2024,492.63
CUST00380,ORDC36C1903,12/25/2024,219.7
CUST00380,ORD696C1BD3,12/8/2023,429.82
CUST00380,ORD699FADA3,3/16/2025,448.43
CUST00380,ORD2FE00F15,9/19/2023,403.19
CUST00380,ORD9E7E472A,10/6/2023,470.15
CUST00380,ORD1D3484EB,12/3/2024,190.05
CUST00380,ORD00AA350A,9/25/2024,16.27
CUST00381,ORD6C74A399,8/27/2024,339.33
CUST00381,ORD1B3BA1C8,3/8/2025,204.22
CUST00381,ORDF90F371F,5/1/2024,266.1
CUST00381,ORDE2F7D82B,3/17/2025,341.49
CUST00381,ORDA933FBD4,3/19/2025,68.42
CUST00381,ORD9D1FE7B8,12/29/2023,203.46
CUST00381,ORD42CE4F37,2/13/2024,350.57
CUST00381,ORD393D3BAD,9/18/2024,489.01
CUST00381,ORD7F4A6E8F,4/19/2024,373.3
CUST00381,ORDF82F2244,3/19/2024,447.29
CUST00381,ORDDA80ED35,10/10/2024,92.67
CUST00381,ORD8BD76E4E,2/10/2024,188.22
CUST00381,ORD70588A50,6/7/2024,107.55
CUST00381,ORDF63F32BB,3/27/2025,108.13
CUST00381,ORD293558EF,2/21/2025,423.57
CUST00381,ORD393FB0A9,7/1/2024,208.1
CUST00382,ORDCEC59662,1/11/2025,420.67
CUST00382,ORD15EAB1FA,12/11/2023,365.35
CUST00382,ORD41FDB4A8,11/22/2024,146.47
CUST00382,ORD28B56B67,3/24/2024,359.61
CUST00382,ORD1D025AE9,1/15/2025,295.14
CUST00382,ORD6ACC5D3A,6/14/2024,143.76
CUST00382,ORD340E51B6,6/21/2024,396.85
CUST00382,ORD4A719952,12/31/2024,325.48
CUST00383,ORD170DC2E0,7/11/2024,184.49
CUST00383,ORDA790F22C,5/6/2024,336.67
CUST00383,ORD0DC06FE3,12/10/2023,475.57
CUST00383,ORD6F0BBB8C,12/15/2023,493.89
CUST00383,ORDB8575FCA,3/11/2025,260.59
CUST00383,ORD83B2C3F2,2/6/2025,82.21
CUST00383,ORD06406C96,12/2/2023,232.77
CUST00383,ORD40F61A71,6/20/2024,69.87
CUST00383,ORDAE5D6502,12/10/2024,249.78
CUST00383,ORD2D85EFB4,11/10/2023,123.1
CUST00383,ORDED8FB839,12/18/2024,471.78
CUST00383,ORDB2CEC888,1/19/2025,24.56
CUST00383,ORDF397B4A7,4/16/2024,371.52
CUST00384,ORD9936AC29,3/8/2025,254.09
CUST00384,ORD4B66B7AF,5/19/2024,23.11
CUST00384,ORD0AD520D1,11/3/2024,97.76
CUST00385,ORD5ACA50BE,12/17/2023,342.81
CUST00385,ORDF2425BE1,7/28/2024,84.84
CUST00385,ORD6D6576CC,12/5/2023,314.76
CUST00385,ORDFD5681B0,11/4/2023,57.2
CUST00385,ORDB0FF7B17,3/9/2024,47.49
CUST00385,ORDD8034FCA,5/14/2024,378.29
CUST00385,ORD083C77A8,7/8/2024,386.11
CUST00385,ORD2F767D7C,5/2/2024,398.44
CUST00385,ORDA67CF263,9/17/2024,108.95
CUST00385,ORD4FC56599,8/29/2024,334.43
CUST00385,ORD51B5A3C5,10/15/2024,250.22
CUST00385,ORD1F1E1ED4,1/13/2024,138.22
CUST00385,ORDA11EF37D,8/24/2024,178.37
CUST00385,ORD0DE9B01F,12/6/2023,431.24
CUST00385,ORD3265C5B5,2/23/2024,277.84
CUST00385,ORD3AA57851,10/28/2023,476.76
CUST00385,ORD2B79E50E,7/9/2024,25.48
CUST00385,ORD878BAF44,10/17/2024,220.9
CUST00385,ORD21B037A7,2/2/2025,458.32
CUST00385,ORDF19BD003,3/25/2025,197.98
CUST00386,ORD5442E661,4/20/2024,427.91
CUST00386,ORD7A74AA6E,2/15/2025,226.85
CUST00386,ORD2BD23389,2/24/2025,27.63
CUST00386,ORD7D979C61,4/30/2024,96.67
CUST00386,ORDDD2E68E1,3/3/2025,333.11
CUST00386,ORDC3D26685,4/5/2025,391.9
CUST00386,ORD1219CC4D,4/4/2024,443.5
CUST00386,ORDD6C6C30B,12/26/2023,90.43
CUST00386,ORD91FC994E,1/24/2024,221.03
CUST00386,ORD794E80CD,12/11/2024,163.11
CUST00386,ORD80E5510A,1/10/2025,200.65
CUST00387,ORD92C4329E,1/30/2025,288.74
CUST00387,ORD8D2EEF4B,12/3/2024,250.37
CUST00387,ORDE8C935C5,2/22/2024,281.35
CUST00387,ORD6AC65799,3/15/2025,274.3
CUST00388,ORD646BB9C0,4/15/2025,243.2
CUST00388,ORD23284BE3,2/3/2024,428.63
CUST00388,ORDEFE04DFE,12/15/2023,258.28
CUST00388,ORDE0C6A0F8,3/22/2025,201.78
CUST00388,ORD81AB8235,12/31/2023,252.4
CUST00388,ORDDCA8F168,7/21/2023,485.73
CUST00388,ORD8AE8A3D4,4/25/2024,312.3
CUST00388,ORDFAC2E786,12/16/2024,182.85
CUST00388,ORD2B7836C3,11/10/2024,489.11
CUST00388,ORD2AFD84C4,4/3/2025,167.04
CUST00388,ORDC02BEAA9,8/8/2023,23.79
CUST00388,ORDC516F7DB,9/12/2024,32.11
CUST00388,ORD572150EA,6/1/2024,420.1
CUST00388,ORD4C105BB6,4/19/2025,180.95
CUST00388,ORDF5C01DA1,1/18/2024,373.61
CUST00388,ORD5158AD12,12/6/2023,23.18
CUST00389,ORD1BFF2421,4/15/2025,196.48
CUST00389,ORD3378735F,2/12/2025,219.79
CUST00389,ORDEC2B2BE8,11/25/2024,496.05
CUST00389,ORD33E8F927,7/28/2024,211.85
CUST00389,ORD6BF5185C,9/1/2024,37.66
CUST00389,ORDD490DCB5,6/1/2024,129.67
CUST00389,ORDE8F7890F,11/23/2024,124.96
CUST00389,ORDF3D174F9,11/27/2024,162.93
CUST00389,ORDF7202FA4,4/13/2024,51.62
CUST00389,ORD69614CFF,4/1/2024,347.12
CUST00389,ORDC5F3DC7A,3/7/2024,435.78
CUST00390,ORDAC117528,1/14/2024,175.42
CUST00390,ORD1AC48453,9/25/2023,19.66
CUST00390,ORD6CCD5AC6,10/22/2024,169.8
CUST00390,ORD2E6C5F48,4/10/2025,235.85
CUST00391,ORDFBC7DBF1,3/24/2025,288.34
CUST00391,ORD3C8D32FA,2/2/2025,451.69
CUST00391,ORD1E54C1D4,1/12/2024,140.64
CUST00391,ORDE2AD582F,10/19/2024,351.02
CUST00391,ORD6C086F12,12/17/2024,298.11
CUST00391,ORD0C16E2E5,12/19/2023,493.02
CUST00391,ORD30F92E44,7/27/2024,195.09
CUST00391,ORD9F2A9B53,3/13/2024,201.25
CUST00391,ORD620D457D,11/1/2023,290.54
CUST00391,ORD7A6766A6,7/1/2024,406.08
CUST00391,ORDE96599C1,3/24/2025,59.03
CUST00391,ORD62AE21BD,12/2/2024,340.8
CUST00391,ORDCBDE05AE,4/27/2025,174.62
CUST00391,ORD40119B8F,10/5/2023,256.36
CUST00392,ORDF9ED66A1,3/5/2024,91.65
CUST00392,ORD71E1613F,1/12/2025,156.77
CUST00392,ORDC1F64198,10/29/2024,485.02
CUST00392,ORDAC5DE5D5,11/28/2024,108.86
CUST00392,ORDB4A9D246,5/1/2024,321.37
CUST00392,ORDB6D87782,3/17/2024,487.31
CUST00392,ORD100F75D2,3/22/2025,46.91
CUST00392,ORDCEAA8742,10/19/2023,426.66
CUST00392,ORDB9401F06,2/22/2025,114.9
CUST00392,ORD52F8BE53,2/26/2024,139.93
CUST00392,ORD78D6EB80,9/16/2024,155.69
CUST00393,ORDE636AD9E,3/28/2025,206.99
CUST00393,ORDF2327ADF,11/21/2023,120.68
CUST00393,ORD9C6FF4B7,6/16/2024,374.02
CUST00393,ORD0287676C,4/24/2025,55.06
CUST00393,ORD14E1DE73,1/13/2024,423.65
CUST00393,ORD6BA4DC88,11/25/2024,56.42
CUST00393,ORDF4554EF0,2/29/2024,175.05
CUST00393,ORD3A847A3F,3/14/2025,42.96
CUST00393,ORDD2FB8479,5/17/2024,402.58
CUST00393,ORDA0C0D1AD,3/6/2024,242.88
CUST00393,ORD8D86EC32,2/22/2024,112.77
CUST00393,ORDA71099C2,1/3/2025,399.87
CUST00393,ORD5E257AB8,8/22/2024,329.25
CUST00393,ORD73640538,6/20/2024,157.91
CUST00393,ORD49847524,7/4/2024,404.02
CUST00393,ORD11531C32,11/27/2023,222.13
CUST00393,ORD4CBC26E3,7/1/2024,274.57
CUST00393,ORD2D18C628,11/2/2024,108.04
CUST00393,ORD170094FD,10/7/2024,207.13
CUST00394,ORDA8DCB072,3/16/2025,262.53
CUST00394,ORD5406056B,3/2/2025,339.06
CUST00394,ORD853BBD8B,1/9/2025,278.31
CUST00394,ORD0BFC68CD,4/22/2024,441.64
CUST00394,ORD97A351FC,11/18/2024,317.64
CUST00394,ORD3D00CDBB,9/6/2024,262.95
CUST00394,ORD29194824,10/3/2024,101.4
CUST00394,ORD117C720F,7/25/2024,254.61
CUST00394,ORDA3E0BB03,11/5/2024,333.8
CUST00394,ORDF2206146,12/24/2024,413.71
CUST00394,ORDB5B8891B,7/4/2024,469.67
CUST00394,ORD350DAAE5,4/28/2024,141.29
CUST00394,ORD24F5779E,11/30/2024,322.58
CUST00394,ORD2779C4FF,5/28/2024,406.38
CUST00394,ORD57391DCF,4/15/2025,427.86
CUST00394,ORDDF7BA46A,6/19/2024,454.35
CUST00394,ORD98BC7C14,9/17/2024,467.97
CUST00394,ORDA16D8361,6/1/2024,366.04
CUST00394,ORDDBA80ABA,5/4/2024,39.34
CUST00394,ORD04B31238,1/26/2025,108.32
CUST00395,ORD80C91DA2,1/26/2024,82.39
CUST00395,ORD1FB0F250,8/2/2024,83.73
CUST00395,ORDD8E5B269,3/8/2024,345.8
CUST00395,ORD16882E8E,7/15/2024,157.14
CUST00395,ORD7767C962,3/12/2024,223.34
CUST00395,ORD7F11B5E0,3/28/2024,166.14
CUST00395,ORD06B5A208,1/15/2024,416.81
CUST00395,ORD17E42E42,9/23/2024,41.57
CUST00395,ORD21DF1A18,4/26/2024,109.74
CUST00395,ORD4FEB1369,2/1/2025,212.09
CUST00395,ORD29E42D4E,4/24/2024,413.62
CUST00395,ORDDCAF963C,11/11/2024,326.56
CUST00395,ORD9A74E0BB,6/26/2024,135.66
CUST00395,ORDD478F621,11/30/2023,304.6
CUST00395,ORDB06BCF41,1/23/2024,208.87
CUST00396,ORDB9F3A8CE,10/30/2024,83.48
CUST00396,ORDEB29607B,5/4/2024,23.58
CUST00396,ORD5ED7B2DB,7/6/2024,400.55
CUST00396,ORDFF3F8D79,12/11/2024,162.16
CUST00397,ORD4E2CA20D,3/16/2025,284.31
CUST00397,ORDBC215205,2/17/2024,223.71
CUST00397,ORDB30CC5B3,12/13/2024,326.99
CUST00397,ORDAFF8941D,2/4/2025,28.13
CUST00397,ORDAE6B0216,11/23/2024,88.09
CUST00397,ORDFE4E9BB9,4/23/2025,76.85
CUST00397,ORDCD2033EA,2/24/2025,136.61
CUST00397,ORDBBA1EB27,3/8/2025,403.73
CUST00397,ORD23673153,9/8/2024,332.75
CUST00397,ORD8E19C9B5,5/13/2024,96.23
CUST00397,ORD92E64A47,2/8/2024,427.74
CUST00397,ORD24061A76,4/26/2024,482.26
CUST00397,ORD12C8075A,2/24/2024,248.06
CUST00397,ORD0606205A,1/11/2025,19.76
CUST00397,ORD0E929D6F,3/5/2025,431.2
CUST00397,ORD71154772,4/26/2025,51.13
CUST00398,ORD4A560D90,9/3/2024,156.01
CUST00398,ORDCEEB523F,4/10/2025,41.16
CUST00398,ORD6E5D0A91,11/9/2024,477.99
CUST00398,ORDB1C07292,4/17/2025,449.42
CUST00398,ORD97321432,3/21/2025,339.12
CUST00398,ORD479383FF,7/25/2024,444
CUST00398,ORD61A8C595,11/23/2024,204.48
CUST00398,ORD1A0FD5A3,8/8/2024,421.51
CUST00398,ORDB26EAB6D,4/10/2025,422.95
CUST00398,ORD6CED78B6,5/8/2024,125.66
CUST00398,ORDCF3DFF69,5/31/2024,289.78
CUST00398,ORD3A79E5BE,4/18/2024,255.12
CUST00398,ORD19F6570C,8/16/2024,69.11
CUST00398,ORD07E9C4E7,2/24/2025,335.47
CUST00398,ORD15E5B585,10/15/2024,294.41
CUST00398,ORDCFB9D39E,5/16/2024,389.81
CUST00398,ORD4E0AE899,10/31/2024,267.38
CUST00398,ORD07EDEBA5,4/29/2024,253.26
CUST00398,ORD613ACFAC,5/19/2024,54.22
CUST00398,ORDC3CCC908,9/17/2024,303.91
CUST00399,ORD0EBD335D,6/29/2024,171.35
CUST00399,ORD08C51BBA,3/30/2024,296.32
CUST00399,ORDC701BF23,10/10/2023,201.08
CUST00399,ORD16D085BA,8/3/2024,376.7
CUST00399,ORD98BF520A,1/14/2024,125.61
CUST00399,ORD88897581,3/7/2024,217.21
CUST00399,ORDE0BDAAC1,10/31/2024,80.7
CUST00399,ORDA387E1E0,11/10/2023,95.83
CUST00399,ORD2EF830C3,9/11/2024,485.26
CUST00399,ORDEB9D4DA4,11/25/2023,225.34
CUST00399,ORD6CCA01D6,8/23/2023,134.61
CUST00400,ORD0FE8C2D3,2/3/2025,37.4
CUST00400,ORDCCA1FC4D,9/17/2023,271.4
CUST00400,ORDC09A9020,11/4/2024,352.81
CUST00400,ORDBE17EDDB,9/21/2023,65.35
CUST00400,ORDA182729C,3/24/2024,277.42
CUST00400,ORD3919E68B,7/31/2024,242.68
CUST00400,ORD25A322E0,8/28/2024,130.71
CUST00400,ORD40A84BD1,10/20/2024,146.09
CUST00400,ORD6ED19AD5,8/25/2024,394.29
CUST00400,ORDACC7B0C3,1/11/2024,81.01
CUST00400,ORDDF61AB24,2/4/2025,242.86
CUST00400,ORDD946FE04,2/29/2024,190.19
CUST00400,ORDB9A73145,3/31/2024,161
CUST00400,ORDAF20DEEB,11/11/2023,326.24
CUST00400,ORD883DF9D2,12/12/2024,453.56
CUST00400,ORD19DBA600,12/18/2024,27.06
CUST00400,ORDB168EAA1,3/15/2025,372.33
CUST00400,ORDAFAB6EFB,2/6/2025,401.48
CUST00400,ORD67CD6BFA,8/4/2024,36.79
CUST00401,ORDB9DC4EAB,6/25/2023,133.96
CUST00401,ORDD0D714A6,4/29/2025,198.5
CUST00401,ORD65B9A7A5,7/19/2024,323.09
CUST00401,ORD1088A648,1/7/2025,353.3
CUST00401,ORD043368C3,12/31/2024,452.55
CUST00401,ORDBD77C2A8,8/28/2023,345.77
CUST00401,ORD713257AC,7/31/2023,272.11
CUST00401,ORDD1DCC076,11/14/2024,125.83
CUST00402,ORDC0686BFE,12/26/2023,200.35
CUST00402,ORDA184739A,11/29/2023,455.8
CUST00402,ORDB9D4E6E1,1/17/2024,202.56
CUST00402,ORD11366DE6,1/3/2025,489.22
CUST00402,ORD5973CD31,7/4/2024,135.21
CUST00402,ORDF4BC59BB,3/20/2025,54.22
CUST00402,ORD123B9BDD,12/12/2023,413.13
CUST00402,ORD2EE2411B,2/6/2025,125.38
CUST00402,ORD91931044,12/7/2024,113.09
CUST00402,ORD10B62B91,1/20/2024,446.22
CUST00402,ORD4CE06605,2/5/2024,458.79
CUST00402,ORD80E7C45D,5/1/2024,319.36
CUST00402,ORDAA8A95CA,10/16/2024,440.94
CUST00402,ORD89138DE5,6/3/2024,385.7
CUST00402,ORDD7B8DAEF,2/23/2025,209.08
CUST00403,ORD2219A507,11/28/2024,144.28
CUST00403,ORD1B7E9274,8/3/2024,49.25
CUST00404,ORD0FE00328,11/2/2023,240.83
CUST00404,ORDF4E71848,6/29/2024,212.35
CUST00404,ORDD1B7ED36,12/17/2023,422.17
CUST00404,ORD6E8D2CD5,12/17/2023,361.52
CUST00404,ORDDDB9C035,4/11/2024,439.61
CUST00404,ORD1B7A7495,8/31/2024,411.92
CUST00404,ORD789F4908,12/18/2024,413.96
CUST00404,ORD08E533E9,4/3/2025,352.26
CUST00404,ORD4E3B1425,9/23/2024,258.1
CUST00404,ORD5C288776,12/19/2024,182.41
CUST00404,ORDA301FFBF,6/9/2024,305.04
CUST00404,ORD859B3AF7,1/25/2024,408.58
CUST00404,ORD1171CAF8,3/6/2024,371.51
CUST00404,ORD85936393,4/22/2025,232.1
CUST00404,ORDC71FD664,9/21/2024,23.4
CUST00404,ORD8769D10B,3/23/2024,35.53
CUST00405,ORD3713DCD9,8/14/2024,318.78
CUST00405,ORD9C20CB4D,11/19/2023,397.6
CUST00405,ORDD6F14921,9/19/2024,76.69
CUST00405,ORD964210BF,11/19/2023,206.32
CUST00405,ORD90ED758F,9/26/2024,317.87
CUST00405,ORDADA26ADA,7/30/2023,163.72
CUST00406,ORDEF534FD6,1/26/2025,64.31
CUST00406,ORD052E37DB,1/11/2025,132.31
CUST00406,ORDC545862B,12/5/2023,359.65
CUST00407,ORD3C6F6F8A,2/10/2025,425.01
CUST00407,ORDAD758627,10/3/2024,346.02
CUST00407,ORD550C0F3C,6/15/2024,398.39
CUST00407,ORD656FE2FE,8/30/2024,166.51
CUST00407,ORD768F89CD,3/24/2024,244.4
CUST00408,ORD114D41BB,6/21/2024,137.73
CUST00408,ORD67399A77,8/11/2024,346.86
CUST00408,ORDAFE692A0,4/20/2025,415.12
CUST00408,ORD3E972276,4/22/2025,401.77
CUST00408,ORDB9CB4E34,4/17/2024,107.35
CUST00409,ORD65C9C1F5,1/17/2025,190.12
CUST00409,ORDE5C8C8EC,10/20/2024,202.81
CUST00409,ORD1F4C75D4,5/9/2024,194.89
CUST00409,ORD72E1580A,6/19/2024,418.99
CUST00409,ORD8CBC2CF7,8/13/2024,289.49
CUST00409,ORD48815211,2/8/2024,20.16
CUST00409,ORD67D40AF9,11/4/2024,21.26
CUST00409,ORD2B4B4F20,8/30/2024,283.68
CUST00409,ORDEB632094,9/6/2024,309.88
CUST00409,ORD9957AD78,6/9/2024,122.07
CUST00409,ORD09D1082E,6/1/2024,53.6
CUST00409,ORD20B599A8,1/11/2025,236.59
CUST00409,ORD9E7933C4,3/23/2025,138.27
CUST00409,ORD06F40494,2/4/2025,427.4
CUST00410,ORDF53BBC6E,11/28/2023,206.51
CUST00410,ORD225EF0FD,12/31/2023,220.16
CUST00411,ORD2394C741,4/2/2025,83.13
CUST00411,ORDC19E376B,11/6/2024,479.44
CUST00411,ORDD521F989,2/9/2024,93.36
CUST00411,ORDA85FF353,4/12/2024,287.95
CUST00411,ORD4C90DF5C,3/10/2025,16.92
CUST00411,ORDB09FDFBE,8/3/2024,267.66
CUST00411,ORD49EF02F0,9/14/2024,388.95
CUST00411,ORD1F23D3E2,4/10/2024,464.86
CUST00411,ORDE9A04731,4/19/2025,415.36
CUST00412,ORDF7DBB4EF,1/23/2025,68.07
CUST00412,ORD9B38C4C5,2/29/2024,359.65
CUST00412,ORDE3F05A7E,3/7/2024,103.37
CUST00412,ORDB7BD7B6E,2/27/2025,432.35
CUST00412,ORDF20A66E7,3/25/2024,393.24
CUST00412,ORD07BCCBAD,8/12/2024,151.1
CUST00412,ORDABE27ABB,9/22/2023,252.14
CUST00412,ORDA6263317,10/29/2023,73.8
CUST00412,ORD62B64C6E,10/8/2024,429.61
CUST00412,ORDE7824E3A,3/15/2024,304.04
CUST00412,ORDDF18BB49,10/26/2023,497.65
CUST00412,ORD5A459E32,1/22/2025,148.65
CUST00412,ORD0547E4B5,9/12/2023,341.82
CUST00412,ORDF2570CF2,4/29/2024,214.98
CUST00412,ORD09D29BE0,2/2/2025,210.18
CUST00412,ORD472D8402,8/7/2024,81.51
CUST00413,ORDABFA13EA,1/10/2024,488.3
CUST00413,ORDBA70692A,1/1/2025,125.39
CUST00413,ORDBFBE1015,5/13/2024,230.98
CUST00413,ORD8B869AC3,3/30/2024,131.68
CUST00413,ORD764D57B7,12/23/2024,295.62
CUST00413,ORD39AA0201,7/23/2024,327.15
CUST00413,ORDB9AFEDC7,2/29/2024,52.01
CUST00413,ORDA3C822B8,7/20/2024,239.75
CUST00413,ORDCB5E6F8B,12/29/2023,437.01
CUST00413,ORD9D054D82,11/26/2024,487.46
CUST00414,ORD06419AAD,3/7/2025,346.56
CUST00414,ORDF8868E18,9/4/2024,359.53
CUST00414,ORD9BB5367E,6/21/2023,357.14
CUST00414,ORD38BC8546,12/8/2024,370.69
CUST00414,ORD2E32DD29,9/4/2023,135.55
CUST00414,ORDF390F3F1,8/8/2024,56.69
CUST00414,ORD1B172C5F,2/1/2024,38.79
CUST00414,ORDCD41F618,12/29/2023,173.1
CUST00414,ORD49F25AC8,1/3/2024,125.07
CUST00414,ORD47C9271B,6/28/2024,455.03
CUST00414,ORD0E77B8B0,12/9/2024,498.4
CUST00414,ORD24B22A30,8/31/2023,470.27
CUST00414,ORDE246AEE2,7/21/2023,483.93
CUST00415,ORD2CE83A7B,10/19/2024,357.69
CUST00415,ORDEABC6AD1,2/20/2025,406.83
CUST00415,ORDD98A9050,10/19/2024,12.63
CUST00415,ORD2A7DECF8,9/1/2024,257.23
CUST00415,ORD785A29CD,1/25/2025,196.66
CUST00415,ORD6677CA12,5/11/2024,488.99
CUST00415,ORDA0225D9E,10/14/2024,338.92
CUST00415,ORD1C3E5E17,2/5/2025,74.8
CUST00415,ORD37114D82,1/1/2025,447.19
CUST00415,ORD0D27059B,4/24/2024,30.15
CUST00415,ORDDEA27012,4/26/2024,97.89
CUST00415,ORD1A4746CF,11/24/2024,93.23
CUST00415,ORD04706341,10/27/2024,251.49
CUST00415,ORDF3DA6778,9/26/2024,176.2
CUST00415,ORD050C2425,7/19/2024,239.36
CUST00415,ORD2662CCDC,4/3/2025,53.93
CUST00415,ORDB960C090,4/20/2025,358.03
CUST00415,ORD578B0A68,12/12/2024,222.14
CUST00415,ORD9FE309F2,5/15/2024,137.6
CUST00415,ORD26619440,7/10/2024,163.5
CUST00416,ORD47C8101A,11/11/2024,254.61
CUST00416,ORDBF89D552,3/2/2025,486.95
CUST00416,ORDAD64734D,6/29/2024,147.69
CUST00416,ORD2438C3BE,5/23/2024,186.69
CUST00416,ORDE82C0882,2/13/2025,220.74
CUST00417,ORD64EE98A3,3/3/2024,310.34
CUST00417,ORDC4310FA0,4/16/2024,383.17
CUST00417,ORD1B9CC603,8/29/2024,139.24
CUST00417,ORD8124B2F4,9/8/2024,163.38
CUST00417,ORD05A364A4,4/22/2025,447.41
CUST00417,ORD88CFC495,5/30/2024,164.62
CUST00417,ORD9702BB4A,3/9/2025,497.34
CUST00417,ORD363ADA60,11/19/2024,384.2
CUST00417,ORDD3039CAC,4/27/2025,84.12
CUST00418,ORD5E5B4A74,11/7/2024,36.08
CUST00418,ORD6B632F23,10/20/2024,82.82
CUST00418,ORD48D41C01,7/20/2024,122.63
CUST00418,ORD450215B8,2/7/2025,27.57
CUST00418,ORDE7714224,11/11/2024,137.51
CUST00418,ORD0D4B3C56,9/6/2024,355.92
CUST00418,ORD071F7011,2/23/2025,223.85
CUST00418,ORD55AA5A69,2/19/2025,497.65
CUST00418,ORDC76768D0,7/22/2024,464.33
CUST00418,ORDE9079C9C,8/3/2024,29.99
CUST00418,ORD89DEB2F7,12/24/2024,184.69
CUST00418,ORDFFF79416,8/24/2024,357.42
CUST00418,ORDA8DAC168,6/28/2024,247.75
CUST00418,ORD45B9FACE,1/1/2025,251.56
CUST00418,ORD648F7102,9/2/2024,424.46
CUST00419,ORD717B20C3,11/4/2024,70.59
CUST00419,ORD2B724B28,10/21/2024,55.85
CUST00419,ORDBD2932B5,7/30/2024,435.4
CUST00419,ORD22CD669F,4/30/2024,98.52
CUST00419,ORDB9DEA9B8,8/16/2024,92.46
CUST00420,ORDB5192F69,10/7/2024,413.06
CUST00420,ORD2E0814EF,7/21/2024,285.99
CUST00420,ORDE70DD11E,4/11/2024,334.94
CUST00420,ORDF8DDA62D,12/15/2024,114.07
CUST00420,ORDDDB3F281,6/26/2024,499.02
CUST00420,ORD06E0D745,4/13/2024,12.02
CUST00420,ORD63BF6EF2,11/30/2024,385.76
CUST00420,ORDAA173D64,9/24/2024,98.48
CUST00420,ORD8960578A,8/27/2024,461
CUST00420,ORD8C2BD1EE,7/16/2024,130.62
CUST00420,ORDE3264CB2,2/5/2025,254.07
CUST00420,ORD90718354,8/18/2024,56.21
CUST00420,ORD9C62843A,12/17/2024,171.04
CUST00420,ORD6103916E,6/26/2024,149.3
CUST00420,ORD83395459,8/25/2024,490.85
CUST00420,ORD79DE09B3,11/17/2024,69.78
CUST00420,ORDA7823DBE,3/16/2025,193.04
CUST00421,ORD3E7D1396,2/3/2025,420.12
CUST00421,ORD82B26A96,12/24/2023,85.35
CUST00421,ORD8F97B60B,3/24/2025,49.72
CUST00421,ORD5E8D4735,11/15/2024,417.04
CUST00422,ORD9FFF7932,12/6/2023,232.49
CUST00422,ORD68B466AB,3/18/2025,478.05
CUST00422,ORD71C7C35E,1/18/2024,301.16
CUST00422,ORD2613EBA5,12/21/2023,12.84
CUST00422,ORDC46DDBD5,12/6/2024,485.19
CUST00422,ORDA0E6553E,1/28/2025,331.52
CUST00422,ORD00DF9662,3/6/2024,475.94
CUST00422,ORD144A1F6F,2/2/2024,169.21
CUST00422,ORDDDA3045C,10/22/2024,368.46
CUST00422,ORD4FBB4B01,12/14/2024,369.82
CUST00422,ORDC03E5884,6/4/2024,479.13
CUST00422,ORD164A5777,5/4/2024,288.89
CUST00422,ORDDF7891F8,6/18/2024,113.57
CUST00422,ORDCC084531,12/20/2023,33.85
CUST00422,ORD10E3F145,6/28/2024,325.39
CUST00422,ORDC0926D33,4/1/2024,168.35
CUST00423,ORD0EF193D7,9/2/2024,374.46
CUST00423,ORD1359FD61,12/28/2024,278.11
CUST00424,ORD45089582,9/20/2024,196.88
CUST00424,ORDAA4DA375,4/29/2025,205.44
CUST00424,ORD1C4B0101,1/6/2025,97.23
CUST00424,ORDC7DB7B2B,2/28/2025,482.87
CUST00424,ORDB9D16978,11/25/2024,434.1
CUST00424,ORDD149BCBD,5/13/2024,53.7
CUST00424,ORDFACD1998,10/3/2024,427.65
CUST00424,ORD9F558845,5/29/2024,89.84
CUST00424,ORD1CB483CA,2/2/2025,391.95
CUST00424,ORDC299A15E,2/29/2024,149.62
CUST00424,ORDB5DE0C0E,4/4/2025,378.75
CUST00424,ORD354EF676,10/5/2024,330.49
CUST00424,ORD8162FEEC,1/4/2025,69.09
CUST00424,ORDF161AAC5,3/31/2025,250.51
CUST00424,ORD669D5094,4/3/2024,221.86
CUST00424,ORD036770E5,8/31/2024,405.11
CUST00424,ORD0694CF73,2/9/2025,161.95
CUST00424,ORDE2054D4B,8/8/2024,345.63
CUST00424,ORDCE2F39A9,8/29/2024,74.33
CUST00424,ORDF3F169F5,2/28/2025,336.1
CUST00425,ORD8F1192C9,1/25/2025,261.2
CUST00425,ORD46E6155E,9/26/2024,249.92
CUST00425,ORDDA52A809,9/4/2023,443.85
CUST00425,ORD046365E6,1/5/2025,243.46
CUST00425,ORDF5702513,11/2/2023,285.9
CUST00425,ORDEF1F14DA,9/4/2023,217.3
CUST00425,ORDD878D093,3/25/2024,380.68
CUST00425,ORDE2A903FF,9/8/2024,407.39
CUST00425,ORD3D5844B2,10/30/2024,310.8
CUST00425,ORD19F1AED8,3/10/2024,222.71
CUST00425,ORDE4D07E9B,4/3/2024,218.75
CUST00425,ORD6CB03789,11/2/2024,29.81
CUST00426,ORDE5538F13,4/26/2024,486.9
CUST00426,ORD260A5545,7/12/2024,341.46
CUST00426,ORD46AF422F,5/5/2024,327.33
CUST00426,ORD011EFC2B,7/21/2024,359.68
CUST00426,ORDE2715EA6,10/18/2024,466.03
CUST00426,ORD7D48362E,4/3/2025,268.37
CUST00426,ORDB59DDA6A,2/16/2025,327.14
CUST00426,ORD3D3622A8,5/29/2024,51.15
CUST00426,ORD884644E8,2/18/2025,239.43
CUST00426,ORD046C0DDD,6/2/2024,48.8
CUST00426,ORD8369A87B,2/22/2025,402.76
CUST00427,ORD6E227137,10/4/2024,82.82
CUST00427,ORDCB022EE0,12/5/2024,72.62
CUST00427,ORD4B3D8040,3/23/2024,452.42
CUST00427,ORDB3CC2F27,4/24/2025,422.35
CUST00427,ORDD8961744,10/8/2023,266.32
CUST00427,ORD27E28799,3/4/2024,154.79
CUST00427,ORD382B32A2,11/10/2023,33.39
CUST00427,ORD6829D8AB,7/22/2024,47.5
CUST00427,ORD4ECA0713,9/23/2024,32.1
CUST00427,ORD6408336A,2/25/2025,62.74
CUST00428,ORD84A939C7,8/13/2024,212.38
CUST00428,ORDBFD2D3AA,2/14/2025,237.68
CUST00428,ORDA9298D81,11/14/2023,362.95
CUST00428,ORD2CE48175,2/5/2025,408.28
CUST00428,ORD88188153,6/30/2024,184.17
CUST00428,ORD33D755AC,3/20/2024,296.93
CUST00428,ORDB93EBF63,3/30/2024,386.64
CUST00428,ORDE13631AA,10/12/2024,17.97
CUST00428,ORDDA09BAEA,9/9/2024,372.85
CUST00428,ORD7836DBFF,7/5/2024,236.81
CUST00428,ORDE9A4A233,11/19/2023,395.23
CUST00428,ORDBE6F468C,10/10/2024,423.03
CUST00428,ORD5EE6A431,8/1/2024,32.18
CUST00428,ORD133542D1,2/18/2025,213.96
CUST00429,ORD2D59578C,6/28/2024,163.83
CUST00429,ORD49F1F7FA,3/8/2025,364.81
CUST00429,ORD2FF5B49D,7/1/2024,381.1
CUST00429,ORD55F0EC56,11/2/2024,230.47
CUST00429,ORDAF0CC47B,2/9/2024,405.84
CUST00429,ORD07AEFAC5,10/27/2024,177.25
CUST00429,ORD9A87B26B,10/13/2024,459.87
CUST00429,ORD39818021,11/4/2023,406.9
CUST00429,ORD134B39DB,11/23/2024,113.42
CUST00429,ORD2F0CB7C1,5/4/2024,48.33
CUST00430,ORDA7EF5395,6/12/2024,137.07
CUST00430,ORD736DC5A6,2/4/2024,339.97
CUST00430,ORDE4CD93F5,3/11/2025,222.56
CUST00430,ORD30E9EC04,4/14/2024,18.78
CUST00430,ORDC843E616,4/26/2024,203.52
CUST00430,ORD0D49684E,2/22/2025,16.52
CUST00430,ORD34893250,4/14/2024,331.34
CUST00430,ORD8ED9DF94,10/28/2024,235.48
CUST00430,ORD778A3F1B,3/28/2024,208.49
CUST00430,ORDA2819E5D,9/8/2024,332.28
CUST00430,ORDA84F4D97,7/11/2024,374.68
CUST00430,ORDF2ACC872,12/19/2024,365.7
CUST00430,ORD9F237FA0,2/4/2024,158.37
CUST00430,ORD4EE04389,7/1/2024,408.43
CUST00430,ORD819AE5ED,2/7/2024,312.2
CUST00430,ORD54E5273D,3/30/2024,348.42
CUST00430,ORDFCB67CD2,10/26/2024,481.94
CUST00430,ORD37A57CE5,2/21/2025,340.8
CUST00430,ORD2F291FA7,3/25/2025,404.27
CUST00430,ORDC1C96EC5,5/24/2024,52.94
CUST00431,ORD871604F6,11/10/2024,16.8
CUST00431,ORD62850F52,9/13/2023,64.84
CUST00431,ORDE9F4E215,2/10/2024,17.78
CUST00431,ORD0F920B3F,6/11/2023,485.55
CUST00431,ORD2036A4D3,4/9/2025,430.92
CUST00432,ORD44670D8D,8/2/2024,245.75
CUST00432,ORD04A745E7,3/19/2025,81.13
CUST00432,ORDBFD76A4D,8/2/2024,128.47
CUST00432,ORD7DE5423F,3/7/2025,422.62
CUST00432,ORD7CB4DD23,12/17/2024,430.51
CUST00432,ORD4252A935,12/29/2024,273.91
CUST00432,ORD04B36B70,9/1/2024,52.19
CUST00433,ORD08CF3831,2/20/2024,82.6
CUST00433,ORD35B2DD36,2/24/2024,216.72
CUST00433,ORDC050B47B,2/7/2025,67.06
CUST00433,ORD7EDEE4EF,6/1/2024,452.18
CUST00433,ORD41C1D4BA,1/9/2024,372
CUST00433,ORD2BAA532C,1/26/2024,228.18
CUST00433,ORDE97C1BB3,4/10/2025,247.67
CUST00433,ORD83C1098E,1/27/2024,19.62
CUST00433,ORDB0C86C19,6/7/2024,230.26
CUST00433,ORD5163E264,11/14/2023,128.89
CUST00433,ORD0093E953,10/4/2024,154.47
CUST00433,ORD792F744D,2/4/2024,416.43
CUST00433,ORDC1F02C62,2/17/2025,201.95
CUST00433,ORDC2433D07,12/10/2023,173.59
CUST00433,ORD69221593,5/14/2024,60.31
CUST00434,ORDB049D936,2/11/2025,489.95
CUST00434,ORD18636B9B,9/5/2024,425.82
CUST00434,ORD748A321F,10/15/2024,371.17
CUST00434,ORD793A4C9D,4/27/2025,301.96
CUST00434,ORDCC84A192,11/13/2023,281.61
CUST00434,ORDFE398513,12/11/2024,152.48
CUST00434,ORD80F09F23,3/2/2024,248.87
CUST00434,ORDD6D60B1E,3/12/2024,248.19
CUST00434,ORD12DCC84B,11/14/2023,299.61
CUST00434,ORDC464A4EA,6/20/2024,309.63
CUST00434,ORD9AF4E0AB,11/23/2023,342.55
CUST00434,ORD185255EC,2/8/2025,410.18
CUST00434,ORDF42CDA2A,11/23/2023,249.07
CUST00434,ORD39A9A125,4/29/2025,360
CUST00435,ORDFEF1A77B,12/20/2024,19.32
CUST00435,ORDC65A8E26,11/16/2024,292.44
CUST00435,ORD5F02A057,9/4/2024,281.1
CUST00435,ORD9121D568,8/12/2024,141.25
CUST00435,ORDE42BCE35,11/27/2024,327.67
CUST00435,ORD3DFE5B1F,4/16/2024,445.68
CUST00435,ORD78A0C2E8,4/20/2024,67.3
CUST00435,ORD6C21D3E1,8/16/2024,315.12
CUST00435,ORDBD1D09E9,3/27/2025,326.63
CUST00435,ORDA894EF93,2/8/2025,229.68
CUST00435,ORD0E47132D,2/15/2025,223.75
CUST00435,ORDB9088323,9/24/2024,89.05
CUST00435,ORDCE1ADB9D,3/10/2025,365.84
CUST00435,ORD57704F95,3/17/2025,239.93
CUST00435,ORD740F105F,8/14/2024,224.67
CUST00435,ORD77A6EC47,12/4/2024,258.74
CUST00435,ORD9643123C,8/22/2024,297.95
CUST00436,ORD14A5582E,1/8/2024,461.65
CUST00436,ORD909AE0E6,6/25/2024,428.19
CUST00436,ORDA1A40A8E,10/21/2024,360.45
CUST00436,ORDE31A2479,3/6/2025,239.55
CUST00436,ORD7D4CDF80,1/14/2025,442.75
CUST00436,ORDB7ABE72B,2/16/2025,364.27
CUST00436,ORDE1D50570,1/25/2024,201.28
CUST00436,ORD5EFA3C81,1/31/2025,214.26
CUST00436,ORDA8FAC6D8,6/20/2024,471.19
CUST00436,ORD5862B8F9,11/29/2024,329.73
CUST00436,ORDCEAF90E8,12/5/2023,186.53
CUST00437,ORD67EF2538,3/16/2025,401.88
CUST00437,ORD6E702879,2/28/2024,423.82
CUST00437,ORD27669237,5/28/2024,314.7
CUST00437,ORD5627BCE2,4/6/2025,148.4
CUST00437,ORD24EC175C,3/19/2024,377.13
CUST00437,ORDBC13D059,5/21/2024,336.86
CUST00437,ORDCC3F197E,1/2/2025,73.26
CUST00437,ORDCCC50442,8/13/2024,107.75
CUST00437,ORD65F03CED,5/12/2024,306.82
CUST00437,ORDB53DDCB6,2/21/2024,59.44
CUST00437,ORD4177C3B4,10/29/2024,213.83
CUST00437,ORD13CFC289,3/8/2024,496.95
CUST00437,ORD5E31BA21,10/11/2024,158.79
CUST00437,ORD953F55B0,5/18/2024,112.62
CUST00437,ORD486AA32E,3/28/2025,33.05
CUST00437,ORDE5A5AB3B,5/26/2024,18.88
CUST00438,ORDFF52FCA6,11/29/2024,184.95
CUST00438,ORDBD5929E2,11/21/2023,87.72
CUST00438,ORD0344774F,3/2/2025,415.69
CUST00438,ORD35030D12,10/21/2023,448.28
CUST00438,ORDBF92E93A,3/19/2024,25.67
CUST00438,ORD606689A9,4/12/2024,41.2
CUST00438,ORDE917E02E,3/11/2024,221
CUST00438,ORD219DEFC1,5/22/2023,312.61
CUST00438,ORD84862340,9/24/2023,69.14
CUST00439,ORD5679C015,6/1/2024,248.32
CUST00439,ORD50277C76,12/1/2024,496.89
CUST00439,ORDF60FCD53,2/16/2025,394.59
CUST00439,ORDF16213AA,5/3/2024,386.99
CUST00439,ORD76B0FE5E,10/15/2024,387.35
CUST00439,ORD51FD90BB,12/22/2024,282.94
CUST00439,ORDE3BCAA0E,12/10/2024,449.2
CUST00439,ORDA9A1B492,1/23/2025,428.17
CUST00440,ORDACB3B064,12/22/2024,306.1
CUST00440,ORD65A14B48,1/7/2025,61.03
CUST00440,ORD71F93E11,6/1/2024,34.71
CUST00440,ORD40A12975,4/13/2025,473.67
CUST00440,ORD0BF82FB6,5/30/2024,401.5
CUST00440,ORDDA00A028,6/4/2024,481.7
CUST00440,ORD4F7B9615,2/16/2025,380.32
CUST00440,ORD8FDFB5A0,9/11/2024,487.58
CUST00440,ORDC231ABBD,3/7/2025,393.01
CUST00440,ORDBF5179AD,11/10/2024,308.73
CUST00440,ORD3DAE6A99,2/27/2025,430.61
CUST00440,ORDEF1BE657,11/13/2024,59.92
CUST00440,ORDBB14436A,2/12/2025,285.61
CUST00440,ORD6C1E4855,2/18/2025,258.58
CUST00440,ORDB61A46F3,1/26/2025,91.85
CUST00440,ORD77301168,1/2/2024,67.85
CUST00440,ORDE808FECB,4/24/2024,110.64
CUST00441,ORDEC6CD682,2/1/2025,86.95
CUST00441,ORD876BBD38,2/10/2025,153.14
CUST00441,ORD5B8E8DFB,3/2/2024,226.34
CUST00441,ORD9D94430A,10/28/2024,257.89
CUST00441,ORDE63BFDDD,4/28/2024,368.95
CUST00441,ORD7AA462A0,5/8/2024,58.65
CUST00441,ORD1F7E5255,9/4/2024,327.08
CUST00441,ORD68AF9AB9,2/23/2024,173.96
CUST00441,ORD90556198,3/3/2024,77.51
CUST00441,ORD84C9C0B6,7/18/2024,425.81
CUST00441,ORD3013F623,11/5/2024,225.16
CUST00441,ORDFED52D96,4/5/2024,213.72
CUST00442,ORD522A9B88,3/13/2025,130.2
CUST00443,ORDD8172562,4/4/2024,177.25
CUST00443,ORD005FAFC7,1/29/2024,257.46
CUST00443,ORD337B748B,12/12/2023,51.76
CUST00443,ORD30A2CD16,7/28/2024,192.49
CUST00443,ORDA837D51A,3/27/2024,379.87
CUST00443,ORD250AA5DF,7/2/2023,186.72
CUST00443,ORD4E8BD3F6,6/19/2023,335.85
CUST00443,ORDEF39285A,1/2/2025,84.29
CUST00443,ORDB7AD5877,3/12/2025,379.22
CUST00443,ORD32774078,9/2/2024,216.64
CUST00443,ORD4F63B330,6/8/2024,121.81
CUST00443,ORD747BF720,2/23/2024,402.87
CUST00443,ORD4BCA7E34,8/22/2024,212.57
CUST00443,ORDF27956EB,12/1/2023,210.56
CUST00443,ORD7BC2E8D7,3/26/2024,234.79
CUST00443,ORD138F54CC,2/18/2025,427.67
CUST00444,ORDF8193C1B,1/3/2025,472.43
CUST00444,ORDBEC4DED7,8/24/2024,226.86
CUST00444,ORDB92E2252,6/1/2024,387.37
CUST00444,ORD90113DF2,12/1/2023,361.64
CUST00444,ORDA4695303,4/2/2025,263.5
CUST00444,ORDA9871489,6/17/2024,44.09
CUST00444,ORD9FAFB11F,1/12/2025,175.77
CUST00444,ORDE8A7D1B0,6/30/2024,206.81
CUST00444,ORD0442DFFC,9/18/2024,388.46
CUST00444,ORD997EA452,5/9/2024,222.7
CUST00444,ORD7725210C,11/21/2024,202.7
CUST00444,ORD46179295,11/27/2024,28.18
CUST00445,ORDB9DF9FF6,12/5/2024,452.23
CUST00445,ORDD46F89F1,5/28/2024,38.33
CUST00445,ORDAFC305CE,4/19/2024,319.49
CUST00445,ORD9891685B,6/28/2024,359.55
CUST00445,ORD44CFAB2B,1/4/2025,333.58
CUST00446,ORDC0B318FB,11/13/2024,486.6
CUST00446,ORD1AB36C81,1/17/2025,215.46
CUST00446,ORD07541E37,10/12/2023,444.03
CUST00446,ORD7C3986C6,3/11/2025,353.39
CUST00446,ORDA854697C,5/27/2024,438.04
CUST00446,ORD61B26577,9/10/2023,363.56
CUST00446,ORD771E11FF,7/29/2023,163.71
CUST00446,ORD7837248F,1/22/2024,178.64
CUST00446,ORD4D7E0B40,5/20/2024,415.23
CUST00446,ORD92013579,5/4/2024,451.1
CUST00446,ORDF66F190E,12/16/2024,309.1
CUST00446,ORD0F5F462B,11/13/2023,81.96
CUST00446,ORD22D4A164,11/25/2024,207.93
CUST00446,ORD48372E57,1/6/2024,325.5
CUST00446,ORDF3FF68BA,8/11/2023,444.91
CUST00446,ORDC4EA8FAE,3/2/2024,315.94
CUST00446,ORD8BD70D43,5/6/2024,312.91
CUST00447,ORDA7611FF7,7/15/2024,351.76
CUST00447,ORD04079B36,12/20/2024,444.96
CUST00447,ORDFD23D06D,2/26/2025,392.97
CUST00447,ORDB1C93313,3/2/2025,208.21
CUST00447,ORD7610DEF7,10/1/2023,106.67
CUST00447,ORD01EAC61D,2/15/2025,157.75
CUST00447,ORDCF717487,2/2/2025,28.12
CUST00447,ORD48CF8775,1/4/2024,173.9
CUST00447,ORD7821323C,10/14/2023,365.3
CUST00447,ORD1A5F685E,4/28/2025,372.63
CUST00447,ORD860784EF,10/10/2024,71.74
CUST00447,ORD8DDB655E,3/22/2025,496.04
CUST00447,ORD566BA007,10/21/2023,149.12
CUST00447,ORDF3133458,2/23/2025,55.48
CUST00447,ORD5D3F427C,12/20/2024,280.38
CUST00448,ORD63FF71C6,5/23/2024,176.95
CUST00448,ORDF58482B4,11/5/2024,321.49
CUST00448,ORD040103F5,1/26/2025,21.48
CUST00448,ORD5335A313,9/16/2024,446.26
CUST00448,ORDE17E63A5,5/6/2024,274.57
CUST00448,ORD2202E0DB,12/8/2024,136.76
CUST00448,ORD557C11DC,4/11/2024,417.79
CUST00448,ORDB8F0D6C5,1/22/2025,158.93
CUST00448,ORD3CB5E17A,1/9/2025,217.15
CUST00448,ORD5332130C,1/14/2025,257.58
CUST00448,ORDF1022925,8/9/2024,368.67
CUST00448,ORD1E905A46,4/28/2024,422.38
CUST00448,ORDAA3805A8,10/10/2024,137.28
CUST00448,ORD7567B75A,8/30/2024,258.67
CUST00448,ORDFB563E6E,11/17/2024,70.67
CUST00448,ORD8BBB92E5,12/11/2024,380.71
CUST00448,ORD4B9F312B,11/17/2024,471.26
CUST00449,ORDABF65FEC,2/2/2025,156
CUST00449,ORD6C4197A1,6/20/2024,371.06
CUST00449,ORD05E15AFA,11/9/2024,232.04
CUST00449,ORD0331F05C,1/17/2025,491.65
CUST00449,ORDD5882D4F,6/3/2024,404.64
CUST00449,ORDF0337F58,12/2/2024,494.61
CUST00449,ORD703FF684,11/7/2024,287.14
CUST00449,ORD29A75377,11/18/2024,448.23
CUST00449,ORD04B6984B,1/18/2025,317.59
CUST00449,ORD958C8E32,7/19/2024,271.31
CUST00449,ORDB03FC276,10/15/2024,301.82
CUST00449,ORD47F2688D,4/1/2025,181.67
CUST00449,ORDFF28E7AC,1/22/2025,149.42
CUST00449,ORD68B9A211,2/6/2025,394.55
CUST00449,ORD677AA802,11/25/2024,360.28
CUST00450,ORD34FFA0AE,2/1/2025,360.03
CUST00450,ORD470220A8,5/18/2024,264.64
CUST00450,ORD51FE2C74,6/15/2024,131.34
CUST00450,ORDAECF5AF4,7/23/2024,170.65
CUST00450,ORD68C4BF1D,2/26/2024,295.36
CUST00451,ORDC93CA09A,8/24/2024,232.61
CUST00451,ORD196DFA3F,12/21/2024,81.81
CUST00451,ORDED31FA92,7/10/2024,218.59
CUST00451,ORDD05C3DD7,2/13/2025,211.91
CUST00451,ORD20803FA0,4/25/2024,55.2
CUST00451,ORDD81E92EE,9/22/2024,218.19
CUST00451,ORD055C52B0,8/12/2024,73.73
CUST00451,ORDE9A4F2E1,1/14/2024,115.24
CUST00451,ORD3CDFA4B8,9/22/2024,48.26
CUST00451,ORD200C69DC,3/2/2024,341.64
CUST00451,ORD9F9F420A,8/21/2024,207.35
CUST00451,ORDECD2B3D3,11/22/2024,283.89
CUST00452,ORDE8024C7C,2/26/2025,437.29
CUST00452,ORD99432093,5/21/2024,296.31
CUST00452,ORD74DB74A1,4/23/2025,321.87
CUST00452,ORD3CE93EFB,10/17/2024,498.29
CUST00452,ORDAB04568F,9/24/2024,347.62
CUST00452,ORDAB71F486,11/14/2024,474.43
CUST00452,ORDAC0ED546,1/13/2025,368.54
CUST00452,ORD3501B36B,2/8/2025,214.29
CUST00452,ORD6C88C3E2,4/21/2025,89.79
CUST00452,ORD6C873B9C,9/10/2024,257.84
CUST00452,ORD05EBCAD5,8/6/2024,247.53
CUST00452,ORDD0669CDF,1/20/2025,234.28
CUST00452,ORDE27FB626,11/25/2024,484.34
CUST00453,ORD36D3C77A,2/4/2024,433
CUST00453,ORD6361CD4E,1/23/2024,67.85
CUST00453,ORD91E19E38,12/14/2023,114.19
CUST00453,ORDB1B313F6,10/19/2024,241.94
CUST00453,ORD50D675EF,4/25/2024,375.78
CUST00453,ORD80A30D29,6/1/2023,472.59
CUST00453,ORD9CC644CE,7/3/2024,190.97
CUST00453,ORD7EE9E86F,7/2/2023,476.39
CUST00453,ORD7CF35E6B,1/28/2025,304.78
CUST00453,ORD9195D2C4,4/9/2025,210.22
CUST00453,ORDA7D1172C,1/28/2024,69.22
CUST00453,ORDF8F4E5A5,4/14/2024,290.16
CUST00453,ORD0B4095D0,1/26/2024,29.74
CUST00453,ORDDE9D2549,8/6/2024,85.12
CUST00453,ORD5C178DBF,7/18/2023,192.02
CUST00453,ORD8A163981,12/3/2024,495.6
CUST00453,ORD15566E53,3/7/2024,158.6
CUST00454,ORD0CF9BA94,12/17/2024,23.71
CUST00454,ORD1A595E17,7/25/2024,80.01
CUST00454,ORD123004B0,11/27/2024,394.06
CUST00454,ORD4AE6EA4D,7/11/2024,216.66
CUST00454,ORDEEF827B2,4/27/2024,469.04
CUST00454,ORD98870A7B,1/14/2025,159.53
CUST00454,ORD3CD2312E,3/15/2024,148.91
CUST00454,ORDAB109ADF,2/2/2025,99.71
CUST00454,ORDF90372DC,1/21/2025,372.43
CUST00454,ORD3FEFD732,2/6/2025,11.02
CUST00454,ORDC66600C2,5/10/2024,278.29
CUST00454,ORDE33860F9,1/6/2024,43.11
CUST00454,ORD1E8F78FF,9/28/2024,31.89
CUST00454,ORD0CDF4A4B,7/30/2024,245.78
CUST00454,ORD2D0CBA4A,4/5/2025,161.75
CUST00454,ORDE7C130AE,9/13/2024,231.66
CUST00455,ORDFCA174F6,12/9/2024,392.86
CUST00455,ORD6A46EB70,12/3/2023,242.86
CUST00455,ORD4BD7913C,10/25/2024,362.82
CUST00455,ORDF88407B4,12/27/2023,306.8
CUST00455,ORDF44F5DCB,1/28/2024,383.36
CUST00455,ORDC76E0F1A,4/20/2025,257.33
CUST00455,ORDA5F0FC87,9/10/2024,235.86
CUST00455,ORD4B043CEC,2/26/2025,230.47
CUST00455,ORD2C8B759E,4/21/2025,230.05
CUST00455,ORDD1524F53,12/1/2023,434.51
CUST00455,ORD27141079,3/22/2024,169.36
CUST00456,ORD93BA3432,1/19/2024,335.61
CUST00456,ORD751B74E4,4/28/2025,210.72
CUST00456,ORDFF1CE131,3/21/2024,124.08
CUST00456,ORDB7894068,3/17/2024,203.74
CUST00456,ORD82193848,9/17/2024,275.09
CUST00456,ORD97963AD5,5/11/2024,479.46
CUST00456,ORD840AE28E,1/23/2025,446.12
CUST00456,ORDBA55B2AD,2/11/2025,370.6
CUST00456,ORD12C2FA8C,1/17/2025,326.5
CUST00456,ORD45C35862,12/13/2023,434.32
CUST00456,ORDBC7A9BC9,5/24/2024,356.53
CUST00456,ORD5D296F49,3/27/2024,290.28
CUST00456,ORD0747C513,11/30/2024,400.12
CUST00456,ORD2E8D6D6F,4/8/2025,356.63
CUST00456,ORDCC7A25F6,8/5/2024,284.91
CUST00456,ORDD17718C3,11/30/2023,70.65
CUST00456,ORDB989DDFC,3/1/2025,284.08
CUST00456,ORDE547DC3A,11/28/2023,104.29
CUST00456,ORD250FA2C0,12/4/2023,313.16
CUST00456,ORD0DBBBEB8,1/31/2025,292.66
CUST00457,ORDD8C5F5B9,9/14/2024,479.07
CUST00457,ORD34BC8B35,2/15/2025,265.66
CUST00458,ORD02D6CD23,12/22/2024,256.29
CUST00458,ORD36C99F12,3/25/2025,19.15
CUST00458,ORD96B3696A,6/3/2024,332.54
CUST00458,ORD7DBF2BE5,1/2/2024,270.61
CUST00458,ORDC85874F2,9/5/2024,481.56
CUST00458,ORD6AE054FE,1/16/2024,144.73
CUST00458,ORD8878FC06,7/13/2024,110.84
CUST00458,ORDE51240D2,11/27/2023,416.55
CUST00458,ORD06289CBC,4/6/2024,421.07
CUST00458,ORD7886508B,10/28/2023,293.98
CUST00458,ORD60E1E197,9/15/2024,51.48
CUST00458,ORDEFBE331D,6/20/2024,271.44
CUST00458,ORD3628A51C,10/22/2023,167.01
CUST00458,ORD84A1E9E4,12/19/2024,298.56
CUST00458,ORDE21DDB16,9/2/2024,250.82
CUST00458,ORDBAFD2474,12/28/2024,467.59
CUST00459,ORD82ABF545,10/6/2024,224.14
CUST00459,ORD30F403B0,4/27/2025,213.32
CUST00459,ORD9BBD1D6F,4/4/2025,431.23
CUST00459,ORD07DD9D2C,2/1/2025,165.52
CUST00459,ORD195D25D4,10/27/2024,136.02
CUST00459,ORD6296E455,8/9/2024,66.18
CUST00459,ORDA42CFB23,4/5/2025,58.67
CUST00459,ORD7A805F96,4/23/2024,92.4
CUST00459,ORD5A6C4776,6/12/2024,80.58
CUST00459,ORDD1327C9B,6/26/2024,135.22
CUST00459,ORDCA0D9E57,9/29/2024,53.92
CUST00460,ORD7AC12128,1/22/2025,476.56
CUST00460,ORD17F5AB6F,5/7/2024,342.52
CUST00460,ORD5FD1173B,6/15/2024,38.87
CUST00460,ORDC242D8A5,9/15/2024,480.95
CUST00460,ORD445B1B84,10/15/2024,98.91
CUST00460,ORDA6F91BD4,2/14/2025,359.52
CUST00460,ORD24DFE081,3/10/2025,156.03
CUST00460,ORD0AFDDD15,12/1/2024,58.38
CUST00460,ORDED4D303B,4/29/2025,79.81
CUST00460,ORD1F5EDCFA,3/25/2024,447.58
CUST00461,ORD93FE8444,3/18/2025,194
CUST00461,ORD820116D8,12/27/2024,415.59
CUST00461,ORD440BFD5C,4/22/2024,69.27
CUST00461,ORD6BCB5B51,12/18/2024,109.25
CUST00461,ORD230F5F84,5/17/2024,378.55
CUST00461,ORD22B214CF,5/17/2024,297.15
CUST00461,ORD20C12F68,6/15/2024,251.56
CUST00461,ORDF4A524BD,5/5/2024,378.67
CUST00461,ORD3A4D7EB8,1/11/2025,198.67
CUST00462,ORD955F744E,12/17/2024,141.95
CUST00462,ORD6D943CBE,5/9/2024,165.98
CUST00462,ORD4BC9E050,8/4/2024,281.03
CUST00462,ORD68001258,2/10/2025,42.07
CUST00463,ORD626C2B79,2/8/2025,209.67
CUST00464,ORD9CAC464D,3/16/2024,457.73
CUST00464,ORDD874A141,4/24/2025,19.13
CUST00464,ORD845A22F9,7/21/2023,281.5
CUST00464,ORDF1E50EFC,12/8/2024,297.22
CUST00464,ORD9CFF5159,3/25/2024,59.74
CUST00464,ORDA8CEE168,11/19/2023,383.86
CUST00464,ORDFA98D812,1/25/2024,329.26
CUST00464,ORD9B108120,11/2/2023,71.53
CUST00465,ORDEF318F9C,12/27/2024,209.31
CUST00465,ORD74D92811,8/16/2024,51.12
CUST00465,ORD7FF5BB01,6/22/2024,321.54
CUST00465,ORD0BC7832C,6/25/2024,109.69
CUST00465,ORD4A7509F7,4/1/2025,484.28
CUST00465,ORD2655C59A,3/11/2025,192.92
CUST00465,ORD8B0F75C0,8/29/2024,492.8
CUST00465,ORD0385F978,6/13/2024,393.19
CUST00465,ORD369AE8BF,11/14/2024,273.39
CUST00465,ORD0742F944,10/25/2024,217.64
CUST00465,ORD2523F7F7,3/21/2025,456.63
CUST00465,ORD91A02CDC,4/24/2024,231.35
CUST00465,ORDA84E35D0,1/24/2025,10.49
CUST00465,ORD52679A18,11/9/2024,237.68
CUST00465,ORD15E6A90E,1/5/2025,416.39
CUST00465,ORD2C5D4BEB,1/17/2025,151.73
CUST00465,ORDD5A22625,11/16/2024,486.32
CUST00465,ORDB2D3039F,1/5/2024,10.27
CUST00465,ORD123B40A3,5/28/2024,467.42
CUST00466,ORDEC5D9097,11/17/2023,143.92
CUST00466,ORD36365738,5/13/2024,132.94
CUST00466,ORD4B593182,5/14/2024,343.2
CUST00466,ORDD507E5F9,11/2/2024,499.63
CUST00466,ORD2D08F823,3/25/2024,422.79
CUST00466,ORD68228C32,8/4/2023,114.25
CUST00466,ORDEC5203D6,3/30/2025,421.94
CUST00466,ORD82190DEE,10/6/2023,147.84
CUST00466,ORDD7CF7AEC,9/24/2023,89.09
CUST00466,ORD890104EF,3/24/2024,271.7
CUST00466,ORDDB7B3224,8/16/2024,44.27
CUST00466,ORD0811E98C,5/16/2024,53.96
CUST00466,ORD3CFEEBC7,12/1/2024,352.23
CUST00466,ORD1C4D0AC3,10/11/2023,416.94
CUST00466,ORD7C9E78DA,9/12/2024,365.29
CUST00466,ORDF17E4031,5/29/2024,499.42
CUST00467,ORD9CB51784,7/2/2024,113.32
CUST00467,ORD33E6322B,5/24/2024,257.36
CUST00467,ORDCCE7D4E6,2/15/2024,403.01
CUST00467,ORDEBD27E25,8/5/2024,443.13
CUST00467,ORDDA71601D,1/28/2024,473.25
CUST00467,ORD7A9BAD71,4/12/2025,321.23
CUST00467,ORDAAE39AD9,4/25/2025,490.02
CUST00467,ORD0D617B52,12/15/2023,356.8
CUST00467,ORD31807574,3/28/2024,143.78
CUST00467,ORDBB54290D,8/2/2024,334.52
CUST00467,ORD461DD726,1/18/2025,167.6
CUST00467,ORD4F5E9D79,5/30/2024,113.21
CUST00467,ORDEB937B75,2/4/2025,479.91
CUST00467,ORD423B160A,3/23/2024,170.94
CUST00468,ORDC276CCD8,12/3/2023,326.76
CUST00468,ORDE4833CFD,12/31/2023,11
CUST00468,ORD6448BC43,4/6/2025,243.5
CUST00468,ORDB6487E6D,9/5/2023,451.71
CUST00468,ORD1F528F30,2/25/2025,339.63
CUST00469,ORD0F924CDD,9/18/2024,282.34
CUST00469,ORD81F2F8AD,9/30/2024,351.28
CUST00469,ORDEEAD582F,12/15/2024,249.6
CUST00469,ORDD559BC7C,3/6/2024,202.47
CUST00469,ORDDEFCD32D,10/15/2024,49.76
CUST00469,ORDE80E0507,3/20/2024,439.59
CUST00469,ORDD35666F0,2/23/2024,329.12
CUST00469,ORD8DDE8836,5/28/2024,273.94
CUST00469,ORDC5D07FF6,3/25/2025,447.36
CUST00469,ORD32EB1A45,5/30/2024,409.87
CUST00469,ORDA292373F,1/26/2025,228.14
CUST00469,ORDF0567819,5/5/2024,70.47
CUST00469,ORD69385EB1,9/12/2024,486.3
CUST00469,ORD5E757CDC,6/26/2024,194.42
CUST00470,ORD8C16490B,12/13/2024,185.4
CUST00470,ORD93AC258A,3/5/2025,96.82
CUST00470,ORD4638E13D,11/16/2023,386.3
CUST00470,ORD206809DF,5/17/2024,351.54
CUST00470,ORDA9C9684A,7/16/2024,14.13
CUST00470,ORDB1D3FCF0,3/21/2024,236.72
CUST00470,ORD94300272,10/17/2023,468.76
CUST00470,ORD5C4CB2A8,1/1/2024,227.84
CUST00470,ORDDBAFD56E,9/7/2024,118.55
CUST00470,ORDB5903B8C,4/21/2025,19.69
CUST00470,ORD135C9BAA,4/2/2025,147.76
CUST00470,ORDD5182859,4/9/2024,461.49
CUST00470,ORD3EE4E115,1/15/2024,185.33
CUST00470,ORDDAB22FD1,5/21/2024,54.08
CUST00470,ORDBF563490,11/5/2023,310.59
CUST00470,ORD2B04C923,1/16/2024,158.56
CUST00470,ORD342EEF3C,2/9/2025,361.73
CUST00470,ORD76C01517,12/8/2024,124.79
CUST00470,ORDE85EAF57,12/18/2024,251.97
CUST00470,ORD4575F059,5/15/2024,187.87
CUST00471,ORD30CE7F3C,3/27/2024,251.49
CUST00471,ORD59BE8A01,3/31/2025,354.98
CUST00471,ORD3B7B4F85,1/20/2025,306.95
CUST00471,ORD685BF157,9/7/2024,13.5
CUST00471,ORDCC92EE2A,10/3/2024,492.29
CUST00471,ORD0104217C,8/20/2024,322.83
CUST00471,ORDC823F1D8,7/22/2024,64.36
CUST00471,ORD16B44155,10/17/2023,145.9
CUST00471,ORD5A1D45BC,3/9/2024,255.16
CUST00472,ORDD8AA190D,9/2/2024,280.37
CUST00472,ORD86AA9035,2/14/2025,333.32
CUST00472,ORD83EEE276,7/9/2024,287.2
CUST00472,ORD4011B740,10/24/2024,344.37
CUST00472,ORDEDD02364,2/21/2025,286.92
CUST00472,ORDE64BE348,5/28/2024,42.03
CUST00473,ORD8324A760,4/30/2024,375.53
CUST00473,ORD73228624,12/19/2024,72.44
CUST00473,ORD3BC9AB11,2/8/2025,467.45
CUST00473,ORD245480E5,4/22/2025,429.18
CUST00473,ORD567A3EAF,8/4/2024,441.69
CUST00474,ORD0AFBC50E,11/23/2023,104.01
CUST00474,ORDDE05AE52,12/23/2024,342.21
CUST00474,ORD2405C93B,3/31/2024,496.06
CUST00474,ORD186096D2,6/10/2024,349.56
CUST00474,ORD48523C9E,5/31/2024,271.14
CUST00474,ORD33E9DA90,1/2/2025,133.93
CUST00474,ORD3DCA298F,4/6/2024,284.46
CUST00474,ORD568E4672,1/1/2024,232.42
CUST00474,ORD1078E068,8/21/2024,469.57
CUST00475,ORD9B1C5B7B,2/7/2024,428.39
CUST00475,ORDCB2377EE,1/1/2024,168.27
CUST00476,ORDBE4C2B46,11/19/2024,144.28
CUST00476,ORDB34A6AB4,7/28/2024,343.29
CUST00476,ORD66B0447F,4/8/2025,238.63
CUST00476,ORDC63CBBE0,3/21/2024,187.12
CUST00476,ORD9E91CC7D,4/26/2024,381.92
CUST00476,ORDC87FCBD8,1/7/2024,443.06
CUST00476,ORD12B43586,5/17/2024,120.03
CUST00476,ORD2B49E569,6/6/2024,146.19
CUST00476,ORD8A9FD26B,10/26/2023,215.83
CUST00476,ORD90D28663,1/28/2024,229.94
CUST00476,ORDD9630084,10/29/2024,12.53
CUST00476,ORD31EE153F,4/11/2025,105.36
CUST00476,ORD75243BBF,1/24/2024,50.09
CUST00476,ORDC2946331,1/14/2025,290.19
CUST00477,ORD3C58C854,2/14/2025,495.23
CUST00478,ORD4BA87CFD,5/4/2024,489.27
CUST00478,ORD3E92EAEB,4/3/2024,217.67
CUST00478,ORD9B1E45EE,2/1/2025,46.48
CUST00478,ORD690D0B1C,10/29/2024,132.49
CUST00478,ORD33299561,4/20/2025,90.6
CUST00478,ORD0691FA3A,11/10/2024,162.29
CUST00478,ORD04194E88,5/7/2024,316.74
CUST00478,ORD7C98CCDF,5/20/2024,57.4
CUST00479,ORDE6CB8172,1/1/2024,221.65
CUST00479,ORDAE4031F3,4/25/2025,21.77
CUST00479,ORD3CAB4BF3,5/9/2024,400.64
CUST00479,ORD1A2318D1,2/12/2024,468.18
CUST00479,ORDAFF38E2F,10/24/2024,421.85
CUST00479,ORDAD1E5887,4/24/2024,131.11
CUST00479,ORD91F70203,1/5/2024,242.05
CUST00479,ORD9A715163,1/5/2024,479.81
CUST00479,ORD86AD03F0,5/10/2024,417.93
CUST00479,ORDEB354268,12/30/2023,412.6
CUST00479,ORD3E4BE9B7,8/2/2024,264.64
CUST00479,ORD32A80DF8,4/30/2024,126
CUST00479,ORDA3C17026,3/8/2024,45.73
CUST00479,ORD48D7804F,9/25/2024,303.98
CUST00479,ORD83BE292D,5/26/2024,224.88
CUST00479,ORDF5498812,1/21/2024,56.88
CUST00480,ORD2BC303B8,10/12/2024,293.68
CUST00480,ORDAC8D89B9,9/30/2024,51.91
CUST00480,ORD8658191D,1/31/2025,39.74
CUST00480,ORDFD0B86DB,10/22/2024,26.34
CUST00480,ORD162AC260,9/1/2024,163.51
CUST00480,ORDA7FDFA5E,6/18/2024,425.37
CUST00480,ORD0E7B3139,1/3/2025,41.86
CUST00480,ORD8CC6272B,7/9/2024,72.49
CUST00480,ORD14CB34FB,4/29/2024,460.37
CUST00480,ORDBF493C58,1/27/2025,226.54
CUST00480,ORD9C010EFD,6/10/2024,157.72
CUST00480,ORDB76E5C8B,12/24/2024,316.83
CUST00480,ORDB9B467B6,7/1/2024,42.24
CUST00480,ORD49B575CA,7/12/2024,342.01
CUST00480,ORD1137CAF4,3/25/2025,284.04
CUST00481,ORDC171EC63,10/3/2024,426.47
CUST00481,ORDA78FAABF,4/28/2025,206.82
CUST00481,ORDA2411444,10/28/2024,312.48
CUST00481,ORDD2881FD7,2/10/2024,211.44
CUST00481,ORD09F0F848,3/25/2024,433.65
CUST00481,ORDBE3A067C,8/23/2024,395.86
CUST00481,ORD55551234,2/15/2024,315.76
CUST00481,ORD9C04F6E2,2/6/2024,232.17
CUST00481,ORD8B0D05C8,9/19/2024,237.46
CUST00481,ORD9F6D6D7A,10/2/2024,219.77
CUST00482,ORD955ED91F,3/10/2024,313.42
CUST00482,ORD6F9B389A,1/27/2025,176.41
CUST00482,ORDDA8508A1,5/4/2024,469.42
CUST00482,ORD039BF8BE,3/22/2025,393.64
CUST00482,ORD37CF31D5,8/31/2024,232.5
CUST00482,ORD8872A857,11/16/2024,170.81
CUST00482,ORD5D6B1C1F,12/2/2024,104.32
CUST00482,ORD974B464C,2/21/2025,60.32
CUST00482,ORDACDBB5AF,3/6/2025,301.64
CUST00482,ORDD71C9EA7,12/12/2024,43.1
CUST00482,ORD8D5263F1,4/21/2024,396.81
CUST00482,ORD23237542,9/15/2024,104.87
CUST00482,ORDB838C785,8/8/2024,290.87
CUST00482,ORD78B79306,9/8/2024,322.31
CUST00482,ORDE4BD7C62,3/7/2025,135.58
CUST00482,ORDE30AC2E3,9/9/2024,216.29
CUST00482,ORDAB101EE4,3/26/2025,365.07
CUST00482,ORD50E363E2,4/12/2025,227.87
CUST00482,ORD32ECCFD4,7/26/2024,129.14
CUST00482,ORD0366ADF0,3/15/2024,400.54
CUST00483,ORDAFBFCE67,9/30/2024,72.56
CUST00483,ORD531B851C,3/4/2024,296.42
CUST00484,ORD91E7CF3E,6/28/2024,480.27
CUST00484,ORD5B5BD204,3/16/2025,379.64
CUST00484,ORDAEC49FD2,6/23/2024,162.48
CUST00484,ORDC761FE67,11/1/2024,443.76
CUST00484,ORDC0581FAB,3/10/2025,389.99
CUST00484,ORDF2C32202,7/30/2024,82.23
CUST00484,ORDAF6F333B,4/3/2025,161.25
CUST00484,ORD910E19F1,4/8/2024,178.02
CUST00484,ORD883A77D3,10/12/2024,190.73
CUST00484,ORD984479B8,1/29/2024,13.96
CUST00484,ORD9AC4D6A2,1/23/2024,297.36
CUST00484,ORDCD285DDF,11/6/2024,342.37
CUST00484,ORDF8A91D12,4/9/2024,38.09
CUST00484,ORD339157CB,1/28/2025,258.48
CUST00484,ORDABF8540E,5/7/2024,419.24
CUST00484,ORD2261905E,3/1/2024,430.76
CUST00484,ORDE330495E,4/6/2025,216.81
CUST00485,ORD0DDEACD0,4/28/2024,488.49
CUST00485,ORD386882E2,5/22/2024,323.87
CUST00485,ORD884445B4,4/4/2025,108.62
CUST00485,ORD15B78176,11/2/2024,43.52
CUST00485,ORD2F406787,12/9/2024,102.78
CUST00485,ORD44584521,4/13/2024,243.11
CUST00485,ORD641E79E0,7/15/2024,349
CUST00486,ORDB0B4D4C9,4/15/2024,303.88
CUST00486,ORD49BCDF7B,11/12/2024,172.26
CUST00486,ORDE18C74F6,11/13/2024,293.42
CUST00486,ORDC7CEA691,7/23/2024,481.9
CUST00486,ORDF571DC57,1/7/2025,311.89
CUST00486,ORDDEB2DF34,2/16/2025,215.16
CUST00486,ORD003A299B,3/29/2024,89.52
CUST00486,ORD900DF6A5,5/15/2024,232.61
CUST00486,ORD344178C8,7/21/2024,396.7
CUST00486,ORDED7B6A60,2/18/2025,30.67
CUST00486,ORDD1160B72,7/22/2024,117.51
CUST00486,ORD6B12751C,7/30/2024,11.81
CUST00486,ORD0FC7AEF9,10/27/2024,119.28
CUST00486,ORD57D8A849,3/22/2024,122.83
CUST00486,ORDA512AC4E,5/2/2024,315.72
CUST00487,ORD732F89DC,7/30/2024,245.57
CUST00487,ORD6B176801,4/18/2025,386.49
CUST00487,ORD40D3375E,10/25/2024,409.18
CUST00487,ORDBAD60F38,10/15/2024,405.56
CUST00487,ORD8A869D9F,3/28/2024,194.2
CUST00487,ORDE0E0A1C1,5/12/2024,206.15
CUST00487,ORD3E02A7E7,6/12/2024,414.78
CUST00487,ORDD34C2729,1/25/2025,13.3
CUST00488,ORD7A858FF3,1/19/2024,46.13
CUST00489,ORD12B0ED4A,1/19/2025,281.8
CUST00490,ORD02EB5CFE,12/16/2024,152.38
CUST00490,ORDC14609C5,12/23/2024,105.26
CUST00490,ORDE9598340,3/9/2024,296.99
CUST00490,ORD83F639B1,3/3/2025,385.11
CUST00490,ORD7E8CB62E,7/9/2024,31.51
CUST00491,ORD394A5D6D,2/17/2024,107.57
CUST00492,ORD7955AE06,8/14/2024,95.33
CUST00492,ORDE30CC114,3/7/2025,443.84
CUST00492,ORDBEF0FDA0,5/8/2024,362.23
CUST00492,ORDBA8E22A6,11/11/2023,176.51
CUST00492,ORD0AD4945B,12/30/2024,281.71
CUST00492,ORDDD5817A3,10/10/2023,97.49
CUST00492,ORD617C5D12,1/1/2024,20.53
CUST00492,ORDA42B013C,12/11/2024,423.01
CUST00492,ORD5B9F4C4F,10/3/2024,456.22
CUST00492,ORDAC26AE6F,12/5/2024,20.29
CUST00493,ORD67510F45,4/20/2025,195.67
CUST00493,ORD88AF732E,3/28/2025,395.83
CUST00493,ORDA12A05C0,2/12/2024,64.37
CUST00493,ORD9F6BAFBC,2/17/2024,468.7
CUST00493,ORDBBB14AFD,12/6/2023,159.49
CUST00494,ORD20B4DF5B,3/4/2025,191.12
CUST00494,ORD632FB894,1/9/2025,192.45
CUST00494,ORD99E60B75,6/30/2024,93.97
CUST00494,ORD3106651C,5/17/2024,268.19
CUST00494,ORD22395DEE,5/25/2024,401.52
CUST00494,ORD52C5D09D,8/15/2023,315.37
CUST00494,ORD918EB80C,11/27/2023,222.52
CUST00494,ORD34287678,2/17/2025,358.36
CUST00495,ORD74BA90DD,4/3/2024,80.77
CUST00495,ORD057709DF,12/8/2024,462.84
CUST00495,ORD9813EF77,4/16/2024,399.5
CUST00495,ORD976C8D28,5/14/2024,103.92
CUST00496,ORD656E370E,4/30/2024,350.23
CUST00496,ORD7B8DEF95,1/22/2025,165.8
CUST00496,ORDB55BB5C6,10/1/2024,220.47
CUST00496,ORD758F551D,6/7/2024,321.71
CUST00496,ORDDB845018,4/23/2025,461.3
CUST00496,ORD667FC3AE,3/12/2025,383.91
CUST00496,ORD1FD069A9,9/9/2024,297.79
CUST00496,ORDC50C4ACC,7/21/2024,428.67
CUST00496,ORDE5A28088,11/15/2024,154.15
CUST00496,ORDC7DC3B64,3/11/2025,82.8
CUST00496,ORD5C26CC3F,4/15/2024,131.11
CUST00496,ORD2D366B1B,3/19/2025,318.43
CUST00496,ORD0D461705,10/26/2024,147.24
CUST00497,ORD9A3C2C32,2/14/2025,427.24
CUST00497,ORDB0DB18FF,1/24/2025,484.51
CUST00497,ORDF220EF99,6/10/2024,444.06
CUST00497,ORDEB3270AB,5/2/2024,112.53
CUST00497,ORDB3040139,5/30/2024,49.89
CUST00498,ORD7658D67B,8/23/2024,397.59
CUST00498,ORD22828E56,10/1/2024,311.29
CUST00498,ORD6A98ED78,2/28/2024,92.04
CUST00498,ORDE11EAEC4,1/18/2025,200.18
CUST00498,ORD1DB7BBDE,6/14/2024,442.39
CUST00498,ORD63093365,1/31/2025,378.06
CUST00498,ORD77D1BA03,4/13/2025,193.39
CUST00498,ORD100EF21E,7/16/2024,264.26
CUST00498,ORDDD137EAA,4/17/2024,97.71
CUST00498,ORD0D042C48,8/3/2024,359.12
CUST00498,ORD4EABCDD5,4/11/2024,267.48
CUST00498,ORDC7003E4B,12/2/2024,246.82
CUST00498,ORD0A39F2F8,11/11/2024,478.32
CUST00498,ORD30AAED92,7/3/2024,242.14
CUST00498,ORDE9D476B4,7/4/2024,294.78
CUST00498,ORDDE64B15E,5/26/2024,322.67
CUST00499,ORD57C2007F,1/31/2025,328.37
CUST00499,ORD2911D032,12/22/2024,111.53
CUST00499,ORDF61AB5C0,4/7/2025,448.49
CUST00499,ORD7C1D9905,10/29/2024,231.52
CUST00499,ORD07510A15,7/22/2024,124.85
CUST00499,ORD8A161A78,1/2/2024,117.11
CUST00499,ORD985DB61C,2/27/2024,218.26
CUST00499,ORD3FB891F2,4/12/2024,194.77
CUST00499,ORD64EA6075,12/28/2024,87.03
CUST00499,ORD5F48C67C,5/7/2024,422.79
CUST00499,ORD6DAD35D6,2/10/2025,134.72
CUST00499,ORDB843F382,2/16/2025,51.53
CUST00499,ORD321F81F3,9/23/2024,378.3
CUST00499,ORDCB788034,2/14/2025,154.57
CUST00499,ORD6E2E01ED,2/16/2025,264.22
CUST00499,ORD6885D593,4/20/2025,122.79
CUST00499,ORDCD822434,1/13/2025,30.16
CUST00499,ORDDCC6BB6D,9/30/2024,261.01
CUST00499,ORDF490590D,4/14/2025,174.82
CUST00500,ORDE15E352E,3/20/2025,239.1
CUST00500,ORD9B1F57EA,12/2/2024,210.39
CUST00500,ORDB1BE1399,7/31/2023,404.21
CUST00500,ORD1D72F061,5/24/2024,165.34
CUST00500,ORDB355A54D,11/25/2024,197.36
CUST00500,ORD37085CC3,3/10/2024,97.99
CUST00500,ORD4966114B,6/22/2024,124.56
CUST00500,ORDF709C214,2/22/2025,326.22
CUST00500,ORD75060286,4/12/2024,185.96
CUST00500,ORDDDD99EF8,1/19/2025,50.39
CUST00500,ORDD3450A07,12/25/2023,422.88
CUST00500,ORD1E73C4FB,4/7/2024,261.27
CUST00500,ORD87C640B4,3/28/2024,325.39
CUST00500,ORD380AE59B,7/6/2024,395.08
CUST00500,ORD5B871035,5/15/2024,464.04
CUST00501,ORD396ADE8D,4/25/2025,68.11
CUST00501,ORDB107B129,3/31/2025,186.52
CUST00501,ORD49ADB132,10/27/2024,277.55
CUST00501,ORDD8A82814,6/23/2024,173.54
CUST00502,ORDB3A319A0,11/4/2024,132.51
CUST00502,ORDC9258845,12/22/2023,375.15
CUST00502,ORD58E3E433,7/16/2023,386.56
CUST00502,ORD186D1235,4/10/2025,424.27
CUST00502,ORD661E440D,5/20/2024,103.41
CUST00502,ORD531A3AA2,11/19/2024,305.98
CUST00502,ORD7D25958A,3/20/2025,77.55
CUST00502,ORD3786D641,5/2/2024,428.95
CUST00502,ORDE997A628,10/1/2023,360.93
CUST00502,ORDD5EA7874,4/5/2024,276.13
CUST00502,ORDBDDEF7FA,11/16/2023,137.96
CUST00503,ORD5D8A2A72,4/2/2025,148.1
CUST00503,ORD9FEB94D1,9/27/2023,179.85
CUST00503,ORDEA601345,3/5/2025,498.45
CUST00503,ORD88D6CD5D,8/1/2024,473.45
CUST00503,ORD54A63E59,9/11/2024,412.71
CUST00503,ORD44D552F0,6/26/2024,381.32
CUST00503,ORD7D9D4B07,7/8/2023,15.83
CUST00503,ORD8E490DF5,11/21/2024,330.5
CUST00503,ORD3966EDF6,2/8/2024,494.74
CUST00503,ORD1C2FBA1D,1/27/2025,476.23
CUST00504,ORD726E3710,4/27/2024,121.51
CUST00504,ORDBABBA70C,4/15/2025,364.43
CUST00504,ORDD1F6B7E4,3/31/2025,112.84
CUST00504,ORD63743607,1/30/2024,124.52
CUST00504,ORD262A4C3C,3/7/2025,297.63
CUST00504,ORDF5D4A83B,10/19/2024,280.78
CUST00504,ORD15294232,10/14/2024,239.68
CUST00504,ORD9E1CB5C7,1/14/2025,409.05
CUST00504,ORD9DA9546D,12/29/2024,176.92
CUST00504,ORD2FBB26FE,6/3/2024,52.08
CUST00504,ORD25532F73,11/30/2024,424.44
CUST00504,ORD412E0D7A,3/17/2024,220.11
CUST00504,ORD188945BE,8/15/2024,471.55
CUST00505,ORD48B8081F,8/23/2023,112.7
CUST00505,ORDBAA23B69,8/13/2024,230.49
CUST00505,ORD18FB85EA,7/4/2023,283.64
CUST00505,ORD5213801C,8/17/2023,193.6
CUST00505,ORD94167A45,3/10/2024,292.98
CUST00505,ORD2D22A255,4/27/2024,72.89
CUST00505,ORDC13FC3AA,12/1/2023,472.24
CUST00505,ORD991928D8,6/14/2024,14.74
CUST00505,ORD50E91BA4,12/6/2023,407.1
CUST00505,ORD40E10A1C,11/23/2024,418.81
CUST00505,ORD5D1E1957,2/25/2025,176.51
CUST00505,ORD260F1C9A,12/14/2023,215.38
CUST00505,ORD17E998F7,9/3/2023,346.02
CUST00505,ORDE4696257,4/26/2024,207.65
CUST00506,ORD89F2C85F,4/26/2024,156.82
CUST00506,ORD85FE1A6C,1/6/2025,297.61
CUST00506,ORD0DDE5D30,5/11/2024,288.11
CUST00506,ORDC2D11253,4/1/2024,25.78
CUST00506,ORDBA70A171,5/15/2024,78.18
CUST00506,ORD1E4DD35F,6/30/2024,488.85
CUST00506,ORD9F46FC34,3/8/2024,497.19
CUST00506,ORD1E689D9E,1/31/2024,288.41
CUST00506,ORDCFDEC31A,2/19/2025,401.58
CUST00506,ORDE4DED0C0,3/11/2025,457.74
CUST00506,ORDDD55339C,11/30/2024,291.2
CUST00506,ORD9404C91F,12/29/2024,201.53
CUST00506,ORDA6C32B60,9/27/2024,196.85
CUST00506,ORD7296893E,10/12/2024,474.86
CUST00506,ORDF818A265,1/30/2024,41.22
CUST00506,ORDDDA2C5E9,11/25/2023,199.35
CUST00506,ORDA0CCFDE1,2/28/2025,242.64
CUST00506,ORD7A331498,6/12/2024,171.13
CUST00507,ORD4F806F37,9/30/2023,323.11
CUST00507,ORDFDB1D43E,11/30/2024,159.28
CUST00507,ORDDA6CFDED,12/17/2024,94
CUST00507,ORD3171AB27,12/15/2024,340.69
CUST00507,ORD2E619162,2/12/2025,97.04
CUST00507,ORDE007FF32,2/23/2024,414.97
CUST00507,ORD2BEC3AB3,12/13/2024,305.65
CUST00507,ORD093380AC,9/6/2024,23.15
CUST00507,ORDEA4D6BF2,9/23/2024,107.51
CUST00507,ORDA3B2F6CE,4/26/2025,456.56
CUST00507,ORD8DDAED98,4/7/2024,199.09
CUST00507,ORD3B4450DB,9/30/2023,110.89
CUST00507,ORDE6D80D0A,2/6/2024,152.64
CUST00507,ORD7ACF5E53,4/27/2025,266.95
CUST00507,ORDB19EC81E,2/3/2025,232.79
CUST00508,ORD5AB2336F,10/8/2023,264.08
CUST00508,ORD5BEC9B72,3/17/2025,94.19
CUST00508,ORDB0B885E6,5/24/2024,431.26
CUST00508,ORDDAFC042C,4/27/2025,211.32
CUST00508,ORD9825D3D7,7/4/2024,86.95
CUST00508,ORD32482408,4/19/2024,64.26
CUST00508,ORD9EA374B2,7/28/2023,272.86
CUST00508,ORD4ACD53AB,5/10/2024,244.34
CUST00508,ORDA8CDC8B9,6/15/2024,43.69
CUST00508,ORD915A0628,7/16/2024,478
CUST00508,ORDF562ADCD,12/10/2024,434.19
CUST00508,ORD0B18CDE7,12/23/2024,73.67
CUST00509,ORD933E2F5A,11/15/2024,161.78
CUST00509,ORDB50AA998,2/19/2024,410.77
CUST00509,ORD5E87D39A,11/23/2023,335.75
CUST00509,ORD2C02E9EE,10/31/2023,87.8
CUST00509,ORDFDA96C29,4/19/2024,291.79
CUST00509,ORD78CF81B3,1/2/2025,162.05
CUST00509,ORDFE99F23D,4/21/2025,109.46
CUST00510,ORD5A42D731,9/22/2024,144.97
CUST00510,ORD79D3A8AA,9/9/2024,13.65
CUST00510,ORD0FBCF5AB,5/29/2024,79.92
CUST00510,ORD4475DB32,9/10/2024,41.35
CUST00510,ORD42741546,7/1/2024,205.63
CUST00510,ORDC39D4DB6,7/12/2024,405.71
CUST00510,ORD7FA02F7D,1/20/2024,267.67
CUST00510,ORDDB377AE7,1/18/2025,456.05
CUST00510,ORD41695A0E,6/20/2024,440.83
CUST00510,ORDAEB0CF42,8/30/2024,235.5
CUST00510,ORD5A2DB7C8,4/24/2025,292.31
CUST00510,ORD5BF490C1,4/4/2025,371.27
CUST00510,ORD1D196552,8/31/2024,151.08
CUST00510,ORD8DBB727A,12/18/2024,441.69
CUST00510,ORDA101EF38,2/19/2024,233.59
CUST00511,ORD995876AE,2/22/2025,201.63
CUST00511,ORD80427ADF,6/23/2024,413.48
CUST00511,ORD6F2318A3,12/18/2024,426.42
CUST00511,ORD2AC8BAF1,1/8/2024,213.38
CUST00511,ORDAEF7C194,2/23/2025,97.99
CUST00511,ORD56DBC91D,6/15/2024,312.69
CUST00511,ORDE68079A8,4/1/2024,221.72
CUST00511,ORDCEDFD21E,8/31/2024,198.49
CUST00511,ORD0FA82F6E,1/19/2024,332.95
CUST00511,ORDC33355EA,4/28/2025,352.28
CUST00512,ORD3C44B736,1/3/2025,202.84
CUST00512,ORD76EC57F9,5/28/2024,473.39
CUST00512,ORD5631A78B,4/7/2024,127.45
CUST00512,ORD85596234,5/4/2024,436.56
CUST00513,ORDA1A4D669,2/13/2024,442.45
CUST00513,ORD17C8AB0A,11/27/2024,273.49
CUST00513,ORD3832BA56,2/28/2025,336.66
CUST00513,ORD7E02E3E7,11/14/2024,42.7
CUST00513,ORD4A7E451B,5/31/2024,366
CUST00513,ORDA8ED5072,4/25/2024,452.1
CUST00513,ORDDCFED055,3/7/2025,455.28
CUST00513,ORD91814702,2/9/2025,211.53
CUST00513,ORDB6C5B856,12/23/2024,383.31
CUST00514,ORDD691FD8E,2/23/2025,497.71
CUST00514,ORD4947B9FB,10/30/2024,47.5
CUST00514,ORDAFEC1498,9/1/2024,61.56
CUST00514,ORDE4231786,10/17/2024,385.6
CUST00515,ORDE321C1A5,12/21/2024,210.95
CUST00515,ORD54DC50D6,4/13/2025,90.77
CUST00515,ORDE0DB409F,2/15/2024,111.61
CUST00515,ORD5AB89D71,6/19/2024,31.87
CUST00515,ORD7FA7EFCF,4/20/2025,23.09
CUST00515,ORDCC664231,6/1/2024,323.04
CUST00515,ORD0941BC1E,4/17/2025,341.05
CUST00515,ORD3EC51A18,12/30/2024,236.33
CUST00515,ORD5DFEAA46,2/9/2025,178.39
CUST00515,ORDB524CFA3,6/21/2024,205.68
CUST00515,ORD52B66910,10/6/2024,105.26
CUST00516,ORD2CD7800A,2/19/2025,15.26
CUST00516,ORD94919760,6/8/2024,66.19
CUST00517,ORD8DECAF54,3/25/2025,170.28
CUST00517,ORD3928C17E,8/29/2024,376.85
CUST00517,ORDCFC59650,6/2/2024,247.53
CUST00517,ORD5BEBA1E3,9/4/2024,43.44
CUST00517,ORD39ADBF99,12/23/2023,278.73
CUST00518,ORD8C9B9638,3/9/2024,359.65
CUST00518,ORDB674C88A,7/28/2023,224.48
CUST00518,ORD9F3A6A34,3/16/2024,240.69
CUST00518,ORD2D742A97,2/21/2024,146.78
CUST00518,ORDB8723A69,10/28/2023,89.07
CUST00518,ORDF029D1BC,3/5/2025,420.86
CUST00518,ORDD3CDC555,3/2/2024,307.42
CUST00518,ORD0629FFB2,8/26/2024,96.85
CUST00519,ORDFE7CE692,5/31/2024,271.98
CUST00519,ORD5D55E6C9,12/4/2024,201.52
CUST00519,ORD801D6CD8,12/22/2023,48.02
CUST00519,ORDFEAE970E,1/9/2024,384.16
CUST00520,ORDC0822B93,9/16/2024,85.21
CUST00520,ORD51136FE5,2/16/2025,185.46
CUST00520,ORDE1F9EDBE,10/21/2024,116.17
CUST00520,ORDD4925E2A,10/29/2024,26.88
CUST00520,ORD87775386,4/7/2025,340.77
CUST00520,ORD3FD3487E,9/30/2023,115.92
CUST00520,ORD0EB785AA,12/22/2023,351.4
CUST00520,ORDC297A7E3,1/28/2024,419.89
CUST00520,ORDC931D68C,9/8/2023,407.64
CUST00521,ORD6E987606,10/10/2023,201.4
CUST00521,ORDED7FC126,12/25/2023,161.08
CUST00521,ORDB9256B82,3/18/2025,35.68
CUST00521,ORD45CB365F,12/10/2023,12.29
CUST00522,ORD3265B88E,6/19/2024,385.89
CUST00522,ORDA35CC305,10/10/2023,465.12
CUST00522,ORD809E7B08,8/5/2023,193.58
CUST00522,ORD30256010,3/22/2025,126.88
CUST00522,ORD617A45DB,8/22/2024,54.78
CUST00522,ORD45916DD7,9/27/2023,216.62
CUST00522,ORDA506EEF2,9/6/2023,494.75
CUST00522,ORDD5E503C4,12/16/2023,175.19
CUST00522,ORDE0D16FEF,9/2/2024,104.15
CUST00522,ORDEF6C8C58,12/6/2024,337.79
CUST00522,ORDEF6C42E8,1/25/2024,118.08
CUST00522,ORD12D52874,3/22/2025,442.32
CUST00522,ORD950B7A3F,9/17/2024,400.49
CUST00523,ORD38B98B34,12/10/2024,364.77
CUST00523,ORDCBB56552,11/2/2023,31.57
CUST00523,ORD588D8042,10/22/2024,261.13
CUST00523,ORD51CD0E86,6/26/2024,409.66
CUST00523,ORD6ACEE120,7/10/2023,168.11
CUST00523,ORDFF65B338,9/14/2023,317.13
CUST00524,ORDBC2A234E,6/25/2024,111.49
CUST00524,ORDBBD9477B,7/8/2024,275.43
CUST00524,ORDA0CF1248,7/11/2024,470.07
CUST00524,ORD00574684,2/10/2025,69.19
CUST00524,ORDFDCCB3AC,11/25/2024,114.75
CUST00524,ORD69162635,10/10/2024,184.72
CUST00524,ORD02C35565,10/20/2024,95.07
CUST00524,ORDFDEA805C,7/30/2024,207.05
CUST00524,ORD1C1EA483,4/6/2025,164.96
CUST00524,ORDB8D0A8EC,2/17/2025,200.7
CUST00524,ORDEEE5086D,10/1/2024,234.8
CUST00524,ORD4CC3E440,12/23/2024,42.35
CUST00524,ORD04C16E5B,3/10/2025,409.39
CUST00524,ORD49572D50,8/12/2024,328.47
CUST00524,ORDFDB764D6,3/28/2025,190.8
CUST00524,ORD5D414C63,4/7/2025,42.99
CUST00524,ORDEEBCF230,6/4/2024,117.09
CUST00524,ORDE68BBEF8,6/4/2024,157.75
CUST00524,ORD05849C2A,6/15/2024,303.45
CUST00524,ORD60AD9DE0,7/9/2024,491.72
CUST00525,ORD7BE183D3,4/15/2024,359.14
CUST00525,ORD43719A02,5/15/2024,397.72
CUST00525,ORD22A35568,11/6/2024,461.89
CUST00525,ORD5B5C9C35,2/18/2024,288.91
CUST00526,ORDE206C37B,11/14/2023,479.93
CUST00526,ORD18DAEA12,2/16/2025,303.93
CUST00526,ORDF7F049A2,3/17/2025,490.89
CUST00526,ORDA824FF5C,6/13/2024,351.19
CUST00526,ORD9FE3BF35,5/10/2024,342.17
CUST00526,ORD87734E1B,12/7/2023,486.46
CUST00526,ORD95865F44,4/16/2025,349.92
CUST00526,ORD49D9F421,4/1/2024,172.7
CUST00526,ORD2C156B34,1/20/2024,321.32
CUST00527,ORDE38582A8,3/10/2024,489.23
CUST00527,ORDFDFD6E81,3/15/2025,336.52
CUST00527,ORDB6C8A5A0,12/16/2024,43.08
CUST00527,ORD06BF7EAF,2/15/2025,18.65
CUST00527,ORD3809A8EE,4/13/2025,456.93
CUST00527,ORDF41EE55C,9/2/2023,229.97
CUST00527,ORDF4C12E90,9/20/2024,260.4
CUST00527,ORD1C01B85E,6/30/2024,373.49
CUST00527,ORDD428F629,1/4/2025,256.68
CUST00527,ORD84B720AA,9/13/2024,355.27
CUST00527,ORD03425DD8,3/26/2024,16.51
CUST00528,ORDA374F179,5/29/2024,312.01
CUST00529,ORD4BA88077,2/9/2025,161.34
CUST00529,ORD9350219A,5/6/2024,371.58
CUST00529,ORD661B3D79,3/23/2024,381.05
CUST00529,ORDF5863D60,12/9/2024,313.69
CUST00530,ORD5D5A9ECE,3/12/2024,77.4
CUST00530,ORDD981EC96,8/15/2024,254.38
CUST00531,ORDE4FA3A65,3/12/2025,84.32
CUST00531,ORD8AC8A64A,3/7/2025,110.15
CUST00531,ORD2B8A8989,9/9/2023,28.57
CUST00531,ORDF6207458,1/4/2025,462.47
CUST00531,ORDA3788E3C,8/17/2023,303.06
CUST00531,ORD0DB7D3AC,5/15/2024,473.48
CUST00531,ORD87DAE492,1/1/2024,372.24
CUST00532,ORD7CC43D4F,8/11/2024,75.79
CUST00532,ORDE61C6453,6/30/2024,165.59
CUST00532,ORD1DBC070C,4/21/2025,395.62
CUST00532,ORDF91AA7E8,3/26/2024,29.41
CUST00532,ORD32861442,3/21/2024,397.97
CUST00532,ORD69CFCB23,2/4/2024,213.3
CUST00532,ORD90F73F69,1/6/2025,408.23
CUST00532,ORD75BB0179,7/7/2024,377.77
CUST00532,ORDB7C9CEEA,12/26/2023,122.21
CUST00532,ORDFF535448,3/16/2025,369.11
CUST00532,ORD19CCC56F,8/19/2024,177.94
CUST00533,ORD3C8398A2,12/6/2024,274.26
CUST00533,ORD0CAD0741,12/17/2024,454.25
CUST00533,ORDBBADD8C3,10/4/2024,335.85
CUST00533,ORD4382124D,8/24/2024,131.69
CUST00533,ORD1A2C817C,12/17/2024,346.8
CUST00533,ORD6BD414AE,10/19/2024,362.56
CUST00533,ORD33EB12BE,1/13/2025,307.95
CUST00534,ORD27F9CF25,6/25/2024,265.52
CUST00534,ORDEE66AFB7,1/6/2025,99.94
CUST00534,ORD3BB9A7AC,1/4/2024,318.59
CUST00534,ORDE3DE8DC3,12/16/2023,41.66
CUST00534,ORD067E6392,5/15/2024,250.9
CUST00534,ORDC2A69B1C,4/24/2025,477.29
CUST00534,ORD50E50BED,3/2/2025,35.53
CUST00534,ORD4BC745DE,11/4/2024,496.09
CUST00534,ORDE07651F2,3/22/2025,469.75
CUST00534,ORD691181C6,10/23/2024,71.52
CUST00534,ORD8BF362A2,6/4/2024,95.1
CUST00534,ORD0B6AAD45,4/14/2024,278.94
CUST00534,ORD8BFEAD76,9/1/2023,399.66
CUST00535,ORDA6C32D8D,12/31/2024,125.79
CUST00535,ORD996DBA5F,8/2/2024,48.3
CUST00535,ORDB361ED1B,3/6/2024,365.24
CUST00535,ORDB08675CD,7/5/2024,162.62
CUST00535,ORD33E9177B,1/3/2024,363.62
CUST00535,ORDFAF52ACF,3/14/2025,130.01
CUST00535,ORDD876872C,8/6/2024,96.45
CUST00536,ORD974928B9,3/15/2024,158.52
CUST00536,ORD9B04F6F0,2/9/2024,292.45
CUST00536,ORD9BDAD41D,1/12/2025,484.19
CUST00536,ORD13DF6177,11/13/2024,108.69
CUST00536,ORDDF901484,3/30/2024,432.59
CUST00536,ORDAC0268A1,9/10/2023,245.77
CUST00536,ORD0F54CD41,7/20/2024,476
CUST00536,ORD1FFC6017,9/27/2024,186.2
CUST00537,ORD96E8FDB6,10/17/2023,92.21
CUST00537,ORD47E71161,1/27/2024,226.27
CUST00537,ORD3B11EF6D,4/2/2024,257.59
CUST00537,ORDFACBDD10,2/20/2024,370.11
CUST00537,ORDA6BA4969,2/3/2024,382.56
CUST00537,ORD493FEA08,6/2/2024,411.61
CUST00537,ORD6DFBDBB5,8/1/2023,398.84
CUST00537,ORD7967A3AB,12/18/2024,19.71
CUST00537,ORDA54A8938,7/27/2023,196.9
CUST00537,ORDD352D780,12/13/2024,428.48
CUST00537,ORD599030B3,1/31/2025,381.84
CUST00537,ORD06263825,9/26/2024,461.55
CUST00537,ORD917FCD39,5/26/2024,301.64
CUST00538,ORDF80B677C,8/12/2024,280.9
CUST00538,ORDB7135483,1/14/2025,96.09
CUST00538,ORDE9D8ADEB,10/4/2024,196.42
CUST00538,ORDCC371895,7/18/2024,159.87
CUST00538,ORDA94079BE,2/26/2025,148.78
CUST00539,ORD14D2DA43,5/11/2024,306.95
CUST00539,ORD273ED1FF,8/31/2024,45.25
CUST00539,ORD0177C1DF,9/19/2024,76.96
CUST00539,ORD5483914B,1/30/2025,239.94
CUST00539,ORDEA757BD6,9/10/2024,85.81
CUST00539,ORDCE13B5E5,5/10/2024,102.92
CUST00539,ORD3D30A901,11/16/2024,16.29
CUST00539,ORD78721D62,4/2/2025,255.34
CUST00539,ORD5D48C0B3,5/11/2024,365.42
CUST00539,ORD15BA1543,5/15/2024,250.81
CUST00539,ORD35FB653C,2/19/2025,463.59
CUST00539,ORDA3E3D48C,6/3/2024,470.74
CUST00539,ORDF1A57DCC,7/5/2024,485.54
CUST00539,ORD7199B219,5/23/2024,192.84
CUST00539,ORDD5E0B2FC,11/29/2024,249.88
CUST00539,ORDEC4D7E33,5/5/2024,324.11
CUST00539,ORD8B9ED312,1/18/2025,298.27
CUST00539,ORD22E2222C,1/15/2025,210.31
CUST00540,ORD875A5036,3/19/2024,496.31
CUST00540,ORD2C6DF0B8,3/29/2025,70.99
CUST00541,ORDEAF0D979,2/8/2025,89.56
CUST00541,ORDEB85966D,7/24/2023,383.85
CUST00541,ORD3F4D75AF,10/27/2023,478.98
CUST00541,ORD0361E773,4/21/2024,387.92
CUST00541,ORD2C81E304,6/10/2023,378.27
CUST00541,ORD3837579C,2/3/2025,180.8
CUST00541,ORDC6F16008,11/17/2023,357.47
CUST00541,ORD5E848C06,11/19/2024,321.14
CUST00541,ORDB9FF0990,3/8/2025,190.41
CUST00541,ORD6073C6D6,5/20/2024,38.28
CUST00541,ORD0824E410,1/16/2025,198.81
CUST00541,ORDFCDA7A4E,1/31/2024,217.78
CUST00541,ORD0C17CD02,9/4/2023,130.93
CUST00541,ORD808C1D78,11/11/2023,244.09
CUST00541,ORD564DD181,6/8/2023,461.52
CUST00541,ORD0BB9A8CC,12/4/2023,187.09
CUST00541,ORD696274EC,7/14/2024,356.21
CUST00541,ORD50D48F73,1/5/2024,23.85
CUST00541,ORD3B814467,2/13/2024,336.18
CUST00542,ORD2122FC76,3/28/2024,138.05
CUST00542,ORDBB390338,12/29/2023,233.18
CUST00542,ORD3414CE1F,7/8/2024,343.72
CUST00542,ORD70C7567C,6/4/2023,134.6
CUST00542,ORDC3C30583,5/23/2024,305.05
CUST00543,ORD5E8D6AA4,3/21/2024,16.05
CUST00543,ORD7162D69A,3/13/2024,387.78
CUST00543,ORDD4B24D9D,4/10/2024,325.75
CUST00543,ORDBEEE35D4,1/31/2024,459.27
CUST00543,ORD91AAF6E2,3/22/2025,204.86
CUST00543,ORD040370E3,3/14/2024,297.22
CUST00544,ORD54F53385,1/2/2024,264.08
CUST00544,ORD673B91FB,1/29/2024,102.52
CUST00544,ORDBDC97B74,12/16/2023,217.24
CUST00545,ORD96108DDE,10/19/2024,133.91
CUST00545,ORD9DDFF001,4/9/2024,158.09
CUST00545,ORD44632F10,3/9/2024,484.16
CUST00545,ORD4A9FA9D7,7/2/2024,332.66
CUST00545,ORD18F5AE85,4/30/2024,197.57
CUST00545,ORD886B971D,5/27/2024,160.91
CUST00545,ORD500CEAC0,11/17/2024,211.69
CUST00545,ORD822BA47B,7/13/2024,439.44
CUST00545,ORD3D55EB7A,8/18/2024,366.55
CUST00545,ORDD780397B,2/4/2024,53.55
CUST00545,ORDA9983573,12/26/2023,321.73
CUST00545,ORDAE798F95,4/13/2025,390.58
CUST00545,ORD535615DB,8/31/2024,178.75
CUST00545,ORD2B667C55,8/15/2024,79.93
CUST00546,ORD0C60C896,6/4/2024,465.71
CUST00546,ORD918FE578,5/10/2024,205.01
CUST00546,ORDBD777DB7,3/6/2025,160.97
CUST00546,ORD4BBEDD01,4/24/2025,493.64
CUST00546,ORDCF45001A,2/20/2024,410.03
CUST00546,ORDC5217EBD,12/12/2024,10.77
CUST00546,ORD5994761D,1/1/2025,44.22
CUST00547,ORD0E43FF59,1/28/2024,267.23
CUST00547,ORD1CD3210C,1/26/2024,330.72
CUST00547,ORDDAC9986F,5/16/2024,369.19
CUST00547,ORD07C24A58,3/19/2024,93.61
CUST00547,ORDB8ED745F,9/8/2023,193.58
CUST00547,ORDCB5B1FF8,10/17/2024,354.98
CUST00547,ORD3CB8FD94,11/11/2024,107.03
CUST00547,ORD8C1F9E8F,1/2/2025,99.17
CUST00547,ORD807CA117,9/8/2023,474.76
CUST00547,ORD6D2C6DC1,6/27/2024,230.82
CUST00547,ORD1B7B6E3D,3/9/2024,409.04
CUST00547,ORD48903E7D,12/24/2023,100.96
CUST00547,ORD6A079F5D,11/7/2024,38.9
CUST00547,ORD8E0611B9,12/26/2024,99.54
CUST00548,ORDB2C9ED3C,12/10/2024,137.08
CUST00548,ORDD26832E5,7/7/2024,452.11
CUST00548,ORD372643D6,3/31/2025,210.31
CUST00548,ORD2BEA42CF,8/4/2024,317.15
CUST00548,ORD8C87B606,10/20/2024,315.97
CUST00548,ORD4E870587,3/20/2025,435.5
CUST00548,ORD8789865E,4/30/2024,91.4
CUST00549,ORD1A687447,12/8/2024,52
CUST00549,ORD1BBDAAB2,10/23/2023,71.09
CUST00549,ORD102B19CB,9/12/2024,41.49
CUST00549,ORDBC1F009B,9/12/2024,24.54
CUST00549,ORD19EDD3FA,10/12/2023,125.04
CUST00549,ORDC4473858,11/26/2023,247.75
CUST00549,ORD61B81B7E,6/24/2024,382.66
CUST00549,ORD493236B3,7/2/2024,14.66
CUST00549,ORD57BBA420,1/5/2025,140.38
CUST00549,ORD56B21258,2/13/2025,478.05
CUST00550,ORD8DB18327,1/20/2025,396.71
CUST00550,ORD891C5A2E,3/30/2025,30.51
CUST00550,ORDBE9483BF,3/21/2024,113.42
CUST00550,ORD84562797,11/7/2023,397.98
CUST00550,ORDBEE5915E,6/19/2024,194.08
CUST00550,ORDBB76A9C9,4/6/2025,264.84
CUST00550,ORD9FD849E5,2/10/2024,481.41
CUST00550,ORD6472D2A6,4/4/2025,140.26
CUST00550,ORD09B81F58,8/12/2023,248.1
CUST00550,ORD5EC13700,10/3/2024,380.89
CUST00550,ORD7B760052,10/19/2024,306.14
CUST00550,ORDE78D0B8E,10/27/2024,174.91
CUST00550,ORDFA32D45D,12/17/2024,344.11
CUST00550,ORD0FABC514,6/8/2024,178.11
CUST00550,ORD88B709DE,9/17/2023,164.46
CUST00550,ORD864FA5D4,3/13/2024,127.4
CUST00550,ORD11F765AB,3/23/2025,186.99
CUST00550,ORDC7D0DB1C,1/14/2024,205.25
CUST00550,ORD2866ADF8,11/29/2024,309.3
CUST00551,ORD9A391448,3/20/2025,437.81
CUST00551,ORDEE72C7C8,8/5/2024,405.07
CUST00551,ORDFC3FC16F,4/23/2024,11.51
CUST00551,ORDC0BA76BD,2/20/2025,436.57
CUST00551,ORD0D018445,1/27/2025,206.89
CUST00551,ORDCC7A186F,9/21/2024,419.36
CUST00551,ORDD813868F,10/3/2024,463.27
CUST00551,ORD979AAA67,2/10/2024,22.58
CUST00551,ORD8CA493C5,12/20/2024,70.22
CUST00551,ORDD79BE81E,9/23/2024,270.01
CUST00551,ORDA3D2CF2B,11/3/2024,476.02
CUST00551,ORD28586207,6/27/2024,378.21
CUST00552,ORD8F5A11F8,11/21/2023,190.53
CUST00552,ORD33A4A4E3,3/24/2025,312.99
CUST00552,ORDF56AF18A,11/13/2024,332.85
CUST00552,ORD4380C958,11/2/2023,242.85
CUST00552,ORDE2F59356,10/27/2023,212.43
CUST00552,ORD6C78FD0B,11/6/2023,102.09
CUST00552,ORD5FFF83D8,2/8/2024,493.23
CUST00552,ORDC99B3F4B,1/16/2024,479.2
CUST00553,ORD835D63AA,7/13/2024,18.15
CUST00553,ORD9BA7A6CA,2/29/2024,186.5
CUST00553,ORD58ED48B7,12/17/2023,32.42
CUST00553,ORDC976A5C8,9/21/2024,405.7
CUST00553,ORD19328186,9/22/2024,169.51
CUST00553,ORDAD645AAD,12/11/2023,227.71
CUST00553,ORD6D77806A,1/25/2024,307.31
CUST00553,ORD682FC8BB,11/11/2024,206.08
CUST00553,ORD6424BAB6,9/2/2024,310.17
CUST00553,ORDA36BB7C5,2/24/2024,49.87
CUST00553,ORD110B061F,11/2/2024,219.68
CUST00554,ORDFA29C312,8/26/2024,493.57
CUST00554,ORDFF32E6B4,8/8/2023,429.98
CUST00554,ORD4C7F2C98,4/30/2024,453.55
CUST00554,ORD57EF0D3F,2/20/2025,369.8
CUST00554,ORD90E6B2E5,8/29/2024,153.99
CUST00554,ORD3A740734,11/12/2024,105.59
CUST00554,ORD962E3B65,1/14/2025,80.15
CUST00554,ORD2D19ADD8,8/25/2023,264.83
CUST00554,ORDE9482C82,2/22/2024,290.23
CUST00554,ORDA898B91F,8/26/2023,429.83
CUST00554,ORD40E9E890,10/4/2023,257.27
CUST00554,ORDD7BFD50C,6/30/2023,72.65
CUST00554,ORDB84DFE04,2/13/2024,400.44
CUST00554,ORDFD175F49,2/6/2024,157.66
CUST00554,ORD17C9FE46,10/22/2024,339.8
CUST00554,ORD0353A5AB,10/7/2024,278.89
CUST00555,ORD6DD50E3F,11/23/2024,92.35
CUST00555,ORDB4B447E2,1/13/2025,228.68
CUST00555,ORD64F9940E,2/17/2024,66.68
CUST00555,ORDBD2DA102,8/17/2024,334.69
CUST00555,ORD94CB165F,7/17/2024,128.04
CUST00555,ORD8223654D,12/29/2024,113.7
CUST00555,ORDCCCF1CB1,1/1/2024,379.09
CUST00555,ORD8FABC448,12/7/2023,333.28
CUST00555,ORDE66E55E5,1/6/2024,53.82
CUST00555,ORD02768312,12/5/2024,223.1
CUST00555,ORDD0641A0E,1/31/2025,360.72
CUST00555,ORD4C89B037,1/27/2024,88.52
CUST00555,ORDDEC8C410,4/4/2025,465.19
CUST00555,ORD8F064A8A,11/8/2024,452.3
CUST00555,ORD0218E0AE,5/20/2024,385.49
CUST00556,ORD935317E9,4/13/2025,362.4
CUST00556,ORD5F3A6D4D,1/10/2025,336.31
CUST00556,ORDB948162D,9/20/2024,476.24
CUST00556,ORD38D11BE5,4/21/2025,338.59
CUST00556,ORD021C3A0E,12/10/2024,336.08
CUST00556,ORD406FEAF4,3/10/2025,462.14
CUST00556,ORD4E824ECA,8/20/2024,320.44
CUST00556,ORD6B7D8E84,2/9/2025,251.06
CUST00557,ORD8655B695,1/4/2025,437.25
CUST00557,ORD58FC8314,1/16/2025,466.57
CUST00557,ORD752A5162,12/30/2024,385.51
CUST00557,ORD93D1236F,9/25/2024,304.33
CUST00557,ORD2961E880,12/22/2024,325.55
CUST00557,ORDC001C51F,10/28/2024,194.74
CUST00557,ORDFD75F031,4/4/2024,361.55
CUST00557,ORDFD5B7C62,9/23/2024,370.64
CUST00557,ORDFAF7B894,3/18/2025,197.01
CUST00557,ORD1538A800,2/26/2025,324.63
CUST00557,ORDC6C635F3,4/15/2024,285.33
CUST00558,ORD02F80C71,4/4/2024,406.14
CUST00558,ORDDF836775,4/10/2025,119.54
CUST00558,ORD745A9ACC,1/19/2024,66.69
CUST00558,ORDD0803D42,3/10/2024,52.96
CUST00558,ORDAE6B36C6,4/4/2025,53.68
CUST00558,ORD1D52B58A,1/25/2024,372.88
CUST00558,ORDC52D741F,1/12/2024,469.23
CUST00558,ORDDA644DF2,3/17/2024,374.86
CUST00558,ORD4EB7806F,9/6/2024,66.89
CUST00558,ORD1FE99DF3,1/2/2025,190.19
CUST00558,ORD7E49CE3F,3/1/2024,428.13
CUST00558,ORDE09CC0FD,5/25/2024,477.49
CUST00558,ORDCF86AC75,4/11/2025,292.69
CUST00558,ORD03B053B0,10/22/2024,10.82
CUST00559,ORD49C2A5E4,12/23/2024,299.13
CUST00559,ORD0BD5FB23,3/8/2025,103.03
CUST00560,ORD3064C6AF,9/24/2023,490.13
CUST00560,ORDCDE3808A,3/25/2025,166.63
CUST00560,ORD33511B6B,6/27/2024,188.86
CUST00560,ORDFE305A3C,5/31/2024,342.86
CUST00560,ORD9F9E5267,8/8/2024,400.32
CUST00560,ORDA052B90C,1/20/2024,264.68
CUST00560,ORD1A5C0063,4/12/2024,304.79
CUST00560,ORD0CD017B6,5/24/2024,118.85
CUST00560,ORD15D180FC,3/29/2025,203.7
CUST00560,ORD86ABE2AF,1/28/2025,273.76
CUST00560,ORDFFD8FD23,12/6/2024,235.7
CUST00560,ORD5CB11E20,2/21/2025,80.9
CUST00560,ORD3268FFF6,4/21/2024,472.02
CUST00561,ORDAC26C2E5,4/6/2025,254.92
CUST00561,ORDC72134AF,6/13/2024,233.33
CUST00561,ORD30294DEE,9/5/2024,304.72
CUST00561,ORD342A5ADB,12/31/2024,81.48
CUST00561,ORD64B14BF7,3/18/2025,336.02
CUST00561,ORD43665865,10/7/2024,402.63
CUST00561,ORD253AA96F,12/24/2024,354.45
CUST00561,ORDFB2C6648,11/24/2024,303.45
CUST00562,ORD3F901D7E,3/25/2025,256.17
CUST00562,ORDC95DFA31,10/25/2024,347.41
CUST00562,ORD4B4F9A98,12/24/2024,143.99
CUST00562,ORDC07752BE,4/29/2025,425.36
CUST00562,ORD20376479,5/3/2024,291.25
CUST00562,ORD12F0709E,3/7/2025,319.23
CUST00562,ORD8984018F,3/20/2024,115.7
CUST00562,ORD460E5C24,4/14/2025,152.83
CUST00562,ORD902C32E4,12/8/2024,483.58
CUST00562,ORD513F42FF,12/21/2023,38.82
CUST00563,ORDBC9CC891,8/6/2024,84.82
CUST00563,ORDAB8B37CA,7/1/2024,361.22
CUST00563,ORD439EE5FB,4/11/2024,425.55
CUST00563,ORDE329E904,2/15/2025,467.87
CUST00563,ORD529C3892,11/10/2024,120.29
CUST00563,ORD371740BA,4/29/2024,370.51
CUST00563,ORD677090B6,1/19/2025,462.35
CUST00563,ORD746748B7,6/17/2024,390.26
CUST00563,ORDAD55B11E,6/7/2024,429.82
CUST00563,ORDFED6D2B4,2/17/2024,366.42
CUST00563,ORD976C5756,5/6/2024,156.56
CUST00564,ORDCDFF5925,4/11/2024,495.62
CUST00564,ORD9DFE58B4,1/6/2025,278.49
CUST00564,ORDCA921B27,9/8/2024,175.33
CUST00564,ORD3F369380,3/15/2025,342.17
CUST00564,ORDE61D872A,7/23/2024,495.25
CUST00564,ORDDF007CF3,6/1/2024,381.28
CUST00565,ORDACFB33A9,6/5/2024,45.19
CUST00565,ORD3586C9CB,9/6/2023,366.11
CUST00565,ORDF45BB7A8,11/23/2024,148.36
CUST00565,ORDD0F91674,1/6/2024,462.3
CUST00565,ORD02D4A3A4,7/18/2023,353.54
CUST00565,ORDE37901DD,6/25/2023,278.52
CUST00565,ORDD05CF362,9/28/2023,57.69
CUST00565,ORD97EEF7D0,6/26/2023,168.48
CUST00565,ORDBDD06173,11/6/2024,397.73
CUST00565,ORD2934ADBB,3/19/2024,434.27
CUST00565,ORDE8990843,5/22/2024,36.52
CUST00565,ORD4B85D84A,1/25/2024,467.94
CUST00565,ORD2C41C179,2/8/2025,159
CUST00566,ORDF9AED2B5,2/26/2024,292.81
CUST00566,ORD23044883,1/13/2024,226.52
CUST00566,ORDC73D608F,4/28/2025,246.4
CUST00566,ORD02594BAD,1/25/2025,449.64
CUST00566,ORD0C82EFD6,8/25/2024,112.79
CUST00566,ORD6CEF6822,7/23/2024,404.14
CUST00567,ORD5B0D4D06,5/12/2024,370.31
CUST00567,ORDD6940562,10/1/2024,14.47
CUST00567,ORD2B660811,4/26/2024,365.72
CUST00567,ORD37B33712,11/22/2024,292.08
CUST00567,ORD7E98ACA1,3/18/2025,342.38
CUST00567,ORDFE30E691,11/21/2024,494.36
CUST00567,ORDF907E828,10/21/2024,82.33
CUST00568,ORD9A332EC1,9/26/2024,342.93
CUST00568,ORDBA6677A7,11/5/2024,92.43
CUST00568,ORDE4AEC54B,2/5/2024,37.6
CUST00568,ORD4E2E8BE9,5/17/2024,184.24
CUST00568,ORD2225F583,8/1/2024,242.2
CUST00568,ORD7FEC2380,4/4/2024,473.08
CUST00568,ORD56C3F176,11/20/2023,67.5
CUST00568,ORDCC36F190,1/18/2025,262.56
CUST00568,ORDB268FD6B,12/12/2023,175.86
CUST00568,ORD513E596F,10/14/2024,222.57
CUST00568,ORD033A6C63,3/16/2025,82.8
CUST00568,ORD119899D5,7/9/2024,364.05
CUST00568,ORD33741657,6/11/2024,130.05
CUST00568,ORDEFE689C4,3/20/2025,68.21
CUST00569,ORD828A4DE2,1/27/2024,249.43
CUST00569,ORD38FA0F0B,11/25/2024,347.11
CUST00569,ORDCE9069F9,6/17/2024,477.73
CUST00569,ORD1E66D441,1/21/2025,329.87
CUST00569,ORD5F29928E,12/2/2024,193.93
CUST00569,ORD2D7D1A62,3/27/2025,348.98
CUST00569,ORDF79798D1,7/5/2024,399.71
CUST00569,ORD6582545E,9/29/2024,332.67
CUST00569,ORD596862EA,1/15/2025,391.09
CUST00569,ORD6685FDF4,11/13/2024,433.8
CUST00569,ORD610BD819,10/23/2024,328.65
CUST00569,ORDEBE43038,2/5/2025,144.86
CUST00569,ORD46133958,9/16/2024,330.07
CUST00570,ORD01D8F956,7/16/2024,15.69
CUST00570,ORD2AF1352E,4/6/2024,67.15
CUST00570,ORD3BCA610D,12/3/2024,69.81
CUST00570,ORD870BE88B,5/6/2024,324.29
CUST00570,ORDBCB0C73E,3/29/2025,455.15
CUST00570,ORDC2F75A8C,7/14/2024,120.22
CUST00570,ORDD10D87DB,3/10/2025,297.56
CUST00570,ORDC6A63C6F,4/28/2025,493.8
CUST00570,ORD87AE2465,10/30/2024,244.95
CUST00570,ORD549B3064,5/6/2024,349.93
CUST00570,ORDCDAD5015,6/6/2024,56.33
CUST00570,ORD8C6783A0,1/22/2025,300.51
CUST00571,ORDD77F094F,9/6/2024,247.25
CUST00571,ORD3D23E695,4/5/2025,325.85
CUST00571,ORDBA1F856B,10/11/2024,222.49
CUST00571,ORD5942DC01,4/26/2024,290
CUST00571,ORD102A0576,3/21/2024,58.73
CUST00571,ORD23ABA05D,10/12/2023,41.11
CUST00571,ORD3A347C69,1/25/2025,455.35
CUST00571,ORD41981337,5/23/2024,399.66
CUST00571,ORDFAB71D3F,3/31/2024,100.6
CUST00571,ORDF3638877,3/6/2024,408.31
CUST00571,ORDD253ADDF,8/24/2024,19.68
CUST00571,ORD9CFD34CB,4/7/2024,282.47
CUST00571,ORD67AC4914,7/22/2024,272.84
CUST00572,ORDFA91E319,1/7/2024,249.4
CUST00572,ORDB81704EB,8/25/2023,264.26
CUST00572,ORD72705B29,3/12/2024,296.51
CUST00572,ORD414F7390,12/14/2023,359.74
CUST00572,ORDEAFB3250,6/7/2024,397.13
CUST00572,ORDF5C99CD5,8/19/2024,70.8
CUST00572,ORD675503B8,12/4/2024,378.96
CUST00572,ORDCD5A8D34,6/26/2023,483.18
CUST00572,ORD4992BAF0,7/2/2023,449.83
CUST00572,ORD2D4DC62E,2/19/2024,98.53
CUST00572,ORDAEFC4CF9,7/16/2023,303.56
CUST00572,ORD0D8F86C1,11/3/2023,98.17
CUST00572,ORDFC9F3144,12/30/2024,281.81
CUST00572,ORD2CDA8499,8/24/2024,402.25
CUST00572,ORD4EC8E41A,11/1/2024,70.29
CUST00572,ORDE62F9A25,4/23/2025,73.12
CUST00572,ORD39C33E06,10/11/2023,111.05
CUST00573,ORD838616CD,3/28/2025,53.03
CUST00573,ORD9EF5396E,8/14/2024,135.81
CUST00573,ORD16824CC5,12/12/2023,379
CUST00573,ORD5CD1D41B,6/20/2024,51.46
CUST00573,ORD082024A6,6/17/2024,71.11
CUST00573,ORD3F1E1965,4/21/2024,156.3
CUST00574,ORD6CC8E1C3,3/27/2024,94.09
CUST00574,ORD801BDEDC,5/31/2024,488.78
CUST00574,ORDE3BE60AE,5/30/2024,332.5
CUST00574,ORD0A2DE915,7/10/2024,131.69
CUST00574,ORD20B5861C,2/4/2025,32.62
CUST00574,ORD0B8B7FB4,4/8/2025,473.44
CUST00574,ORDE87A69AB,5/24/2024,453.26
CUST00574,ORDAE578204,2/26/2025,153.76
CUST00574,ORDD136E072,12/31/2023,271.71
CUST00574,ORD2B9981CD,11/1/2024,78.53
CUST00574,ORD9DC45AE0,8/7/2024,250.32
CUST00574,ORD3B7B5EE9,4/1/2025,163.34
CUST00574,ORD5EF42EDA,10/9/2024,456.28
CUST00574,ORD782A9470,3/24/2025,498.43
CUST00574,ORDF8019D3E,11/28/2024,307.02
CUST00574,ORDE575BF6A,4/22/2025,260.19
CUST00574,ORDBF7D21B8,3/31/2024,347.09
CUST00574,ORDD663FF2C,1/8/2024,334.68
CUST00575,ORD2DFD432D,3/27/2025,126.18
CUST00575,ORD2B75F978,5/21/2024,102.16
CUST00576,ORDC679D5EB,12/5/2024,429.48
CUST00576,ORDD9479B70,12/10/2024,115.45
CUST00576,ORD745B790F,11/24/2024,75.76
CUST00576,ORD41FBC1DF,4/25/2025,280.51
CUST00576,ORD8A1F0A36,1/4/2024,299.97
CUST00576,ORDBF5358A5,3/5/2025,145.92
CUST00576,ORDE53D13D4,7/30/2024,367.26
CUST00576,ORD55431448,2/25/2024,216.79
CUST00576,ORDE917E6C9,10/16/2024,279.43
CUST00576,ORD2E3EBE39,7/25/2024,137.73
CUST00577,ORD14872F30,2/9/2025,206.03
CUST00577,ORDC0E9CC03,9/12/2023,50.79
CUST00577,ORD3ACB979A,9/15/2024,134.55
CUST00577,ORDA85E4A8D,11/13/2024,218.42
CUST00577,ORDE281D861,11/6/2024,350.31
CUST00577,ORD765DE86D,1/8/2025,272.59
CUST00578,ORD4319C4E4,3/15/2025,318.49
CUST00578,ORD6474261E,1/7/2024,142.01
CUST00578,ORDC0B0E562,1/17/2025,320.23
CUST00579,ORD1DBA09D6,8/16/2024,360.08
CUST00579,ORD7055D0C4,7/22/2023,286.18
CUST00579,ORD25CAC63F,3/21/2025,327.41
CUST00579,ORD9144B945,3/22/2025,260.6
CUST00579,ORDBBDA78B4,4/24/2024,90.38
CUST00579,ORD2EA38438,3/27/2024,412.57
CUST00579,ORD7F0A7002,3/27/2025,165.02
CUST00580,ORD810256D3,4/2/2025,195.68
CUST00580,ORD7A94A52C,12/17/2024,482.37
CUST00580,ORDFD6D5217,2/19/2025,131.27
CUST00580,ORDAA69FBDC,10/6/2024,142.36
CUST00580,ORD07F1A709,5/9/2024,270.42
CUST00580,ORD01E3DAAD,1/11/2025,345.15
CUST00580,ORD22D25EC8,10/28/2024,209.32
CUST00580,ORD0DE7F2F2,3/30/2024,171.39
CUST00580,ORDF517DB63,3/15/2024,53.6
CUST00580,ORDFC859CE8,1/27/2025,455.53
CUST00580,ORDC3F8BACA,3/1/2024,391.25
CUST00580,ORD2638970F,4/24/2024,81.7
CUST00580,ORD6F7A1929,6/7/2024,401.07
CUST00580,ORDE8419633,12/11/2024,144.09
CUST00581,ORDDA9748D5,3/2/2025,194.81
CUST00581,ORDA393F4A9,12/6/2024,484.7
CUST00581,ORDE5A9151E,2/17/2025,195.53
CUST00581,ORDF6D3A495,2/29/2024,61.45
CUST00582,ORD088E0492,1/24/2025,96.11
CUST00582,ORD164B812D,12/24/2024,366.88
CUST00582,ORDC332C982,4/21/2025,160.21
CUST00582,ORD04E3958A,3/1/2024,412.46
CUST00583,ORDD64F6D10,4/11/2024,56.81
CUST00583,ORD565853D4,1/12/2025,180.96
CUST00583,ORD07FDE1A8,10/29/2023,290.36
CUST00583,ORD0F5849E1,10/21/2023,148.18
CUST00583,ORD80B42B37,11/24/2024,142.82
CUST00583,ORD37857E4A,6/3/2024,58.54
CUST00583,ORD3602017E,11/25/2023,33.5
CUST00583,ORD0275FC32,12/15/2024,165.82
CUST00583,ORDE4075FAA,6/9/2024,378.42
CUST00583,ORD098C8F82,7/24/2024,98.53
CUST00583,ORD601B1FB4,11/3/2024,404.98
CUST00583,ORD6D996DBC,3/24/2024,342.13
CUST00583,ORD1017C437,4/12/2025,396.49
CUST00583,ORD95DC06D5,7/13/2024,280.32
CUST00583,ORDD6AC3BEA,6/26/2024,442.19
CUST00583,ORDD8DAA206,3/13/2025,207.3
CUST00584,ORD36F5DA1A,6/22/2024,72.51
CUST00584,ORDB481F359,10/14/2023,14.65
CUST00584,ORD4991458F,12/25/2024,261.65
CUST00584,ORD725E5BF8,4/24/2025,86.19
CUST00584,ORDAD64BED5,12/30/2023,71.92
CUST00584,ORD88266251,9/1/2024,195.61
CUST00584,ORDB9B872C3,6/7/2023,370.36
CUST00584,ORD17D08979,5/18/2024,35.9
CUST00584,ORD2D0041BE,3/10/2025,365.46
CUST00584,ORDF6B89997,7/30/2024,487.5
CUST00584,ORD7F7ED9B6,1/26/2024,356.68
CUST00584,ORD67DD954B,3/4/2025,132.06
CUST00584,ORD42F56819,7/31/2023,308.26
CUST00584,ORD45258487,1/19/2024,356.33
CUST00584,ORD532F061D,1/23/2025,99.72
CUST00584,ORD162CFE5B,4/4/2025,493.26
CUST00584,ORDD53FB6CC,9/1/2023,401.25
CUST00584,ORD6139E02C,8/11/2023,256.09
CUST00584,ORD871BF6A1,3/10/2025,145.15
CUST00585,ORDC4831C83,3/17/2025,265.09
CUST00585,ORDB4B48544,7/28/2024,362.05
CUST00585,ORD13416621,6/16/2024,462.67
CUST00585,ORD22EE5F15,6/8/2024,122.09
CUST00585,ORD02F2FAEA,1/22/2024,321.46
CUST00585,ORDDCA5AB4C,6/23/2024,52.6
CUST00585,ORD28A72860,2/5/2025,159.77
CUST00585,ORD1286B3B7,6/26/2024,387.58
CUST00585,ORDB03ABFD5,2/14/2024,424.17
CUST00585,ORDF1619B0B,12/6/2024,320.99
CUST00585,ORDB96F4276,3/30/2024,47.58
CUST00585,ORD40CF7E76,8/22/2024,127.62
CUST00585,ORDB246E1D0,6/12/2024,55.88
CUST00585,ORD9BF81EB8,4/18/2025,291.91
CUST00586,ORD3AD0381E,11/20/2024,374.27
CUST00586,ORDC2903D76,12/3/2024,281.54
CUST00586,ORD01F4EA02,8/4/2024,251.5
CUST00587,ORD6F6F8A7F,1/2/2025,481.46
CUST00588,ORD389E3DEC,8/11/2024,341.75
CUST00588,ORD81BA96B6,3/26/2024,466.9
CUST00588,ORD0B3229DA,8/17/2024,76.85
CUST00588,ORD436FA3A5,5/31/2024,253.92
CUST00588,ORDA390635C,1/11/2025,345.71
CUST00588,ORD68A92A65,4/4/2024,341.62
CUST00588,ORDBB9CE894,3/21/2025,270.88
CUST00588,ORDE68D9BF5,1/1/2024,71.1
CUST00588,ORD81A363B2,8/30/2024,16.81
CUST00588,ORD08783E72,1/10/2024,103.19
CUST00588,ORD8B3A1E17,3/5/2024,417.38
CUST00588,ORDBAF80BA6,1/30/2025,13.57
CUST00588,ORD3D6AF048,4/23/2024,218.24
CUST00588,ORD76FCBDEF,2/6/2024,271.82
CUST00589,ORD8E46D13F,7/27/2024,129.67
CUST00589,ORD0FAC25BA,11/3/2023,372.1
CUST00589,ORDDC6CC89F,7/3/2024,475.93
CUST00589,ORD76DC5CF1,1/26/2024,413.45
CUST00589,ORD647AC226,8/23/2024,441.36
CUST00589,ORDDC1D6415,3/6/2025,268.77
CUST00589,ORD3FB80B45,4/8/2024,308.5
CUST00589,ORDCFBAC881,6/15/2024,307.61
CUST00589,ORD5E49702F,1/8/2024,482.68
CUST00589,ORDDE3D26AC,6/16/2024,340.52
CUST00589,ORD646B6377,1/17/2024,442.15
CUST00589,ORD47CFAF9A,1/25/2025,266.52
CUST00590,ORD25D10C4F,8/26/2024,95.66
CUST00590,ORD6F3E1A1B,12/18/2023,189.85
CUST00590,ORD338E158D,3/18/2024,75.33
CUST00590,ORD04929512,1/21/2024,183.11
CUST00590,ORD9CA5036D,12/6/2023,34.94
CUST00590,ORD6112F612,12/5/2023,252.8
CUST00590,ORDF3847666,4/15/2025,93.54
CUST00590,ORD84ECD3C2,8/19/2024,485.17
CUST00591,ORD9AE164DA,12/18/2024,457.88
CUST00591,ORDCED5D1E3,5/28/2024,132.38
CUST00591,ORD512E2D1B,9/25/2024,274.17
CUST00591,ORD773E2F86,10/17/2024,385.54
CUST00591,ORDF7EA694F,5/2/2024,67.75
CUST00591,ORD9BA37C53,2/13/2025,156.6
CUST00591,ORD33B7AB95,1/12/2025,153.84
CUST00591,ORD6F86D1F1,1/15/2025,114.4
CUST00591,ORD4168CAF5,7/29/2024,371.63
CUST00591,ORD17BA2EB1,8/13/2024,288.73
CUST00591,ORD046F8A74,8/16/2024,116.56
CUST00592,ORDB693DC45,8/1/2024,465.26
CUST00592,ORD8BA0ED8D,2/6/2024,479.98
CUST00592,ORDFE847F8F,4/14/2025,262.61
CUST00592,ORD91AA0053,4/7/2024,447.77
CUST00592,ORD6D18EAC0,3/12/2025,468.35
CUST00592,ORD4028CFDA,2/5/2025,447.32
CUST00592,ORD0CCC91F5,7/27/2024,425.69
CUST00592,ORDF22E9DEA,3/31/2025,38.17
CUST00592,ORD3105AFDD,4/7/2025,12.89
CUST00592,ORD799D5F96,2/22/2024,235.57
CUST00593,ORDB17376CB,3/16/2025,183.41
CUST00593,ORD6E0D3921,12/5/2024,12.53
CUST00593,ORDE7C32EE1,10/26/2024,446.2
CUST00593,ORD6CEFD7E3,12/12/2024,101.22
CUST00593,ORDC56AD65E,12/16/2024,183.72
CUST00593,ORDD5B51604,4/23/2025,59.66
CUST00593,ORD030EAFEA,3/18/2025,251.1
CUST00593,ORD0EC03F16,6/24/2024,51.52
CUST00593,ORD4C9440EA,5/15/2024,262.02
CUST00593,ORD7F346BD3,9/14/2024,85.32
CUST00594,ORD37684CE1,3/15/2025,457.42
CUST00594,ORD8C2754E4,3/24/2025,13.39
CUST00594,ORD0C67E591,11/7/2023,387.03
CUST00594,ORD9DF9CDB8,2/18/2025,132.57
CUST00595,ORD240A5748,4/11/2025,203.73
CUST00595,ORD33B69055,10/28/2024,156.65
CUST00595,ORDF78B06CB,9/24/2024,219.89
CUST00595,ORD8FF2219F,10/14/2024,99.27
CUST00595,ORDBDA1DF30,1/18/2024,407.66
CUST00595,ORDD434F6A8,2/6/2025,63.26
CUST00595,ORD6C2CEE79,9/8/2024,224.9
CUST00595,ORD0505D025,12/21/2024,421.29
CUST00595,ORDA3B81F29,9/13/2024,89.3
CUST00595,ORDD095CD13,1/26/2025,183.33
CUST00595,ORDE0534D78,1/6/2024,222.64
CUST00595,ORD492870EF,1/16/2025,186.03
CUST00595,ORD89C93857,1/6/2024,436.55
CUST00595,ORD670BE8FC,11/14/2024,107.25
CUST00595,ORDA2FF9452,10/18/2024,102.89
CUST00595,ORDEB0C3295,1/25/2024,29.73
CUST00596,ORD87A9EA9E,11/16/2024,216.32
CUST00596,ORD65F00A9B,1/14/2025,172.29
CUST00596,ORDE496E931,4/28/2025,25.49
CUST00596,ORD599273E3,2/1/2025,336.44
CUST00596,ORDAD444D5B,2/16/2024,474.7
CUST00596,ORDEDCFC1DF,7/5/2023,480.25
CUST00596,ORD6BAE3673,11/24/2024,491.64
CUST00596,ORDEB085EDC,7/24/2024,68.21
CUST00596,ORD4857061F,9/10/2024,249.64
CUST00596,ORD1B8A39EC,4/10/2024,252.83
CUST00596,ORDD8BF4A72,8/1/2023,344.05
CUST00596,ORD6C7E4A67,1/18/2024,72.44
CUST00596,ORD9D5BF878,2/24/2024,378.03
CUST00597,ORDAF385001,7/15/2023,255.91
CUST00597,ORD34281703,9/16/2023,462.55
CUST00597,ORDA540387E,2/17/2024,423.1
CUST00597,ORD2A5F1451,10/31/2024,200.54
CUST00597,ORD117659B4,12/19/2023,63.77
CUST00597,ORDFBFC029E,3/16/2025,62.86
CUST00597,ORDD69D8383,3/2/2025,20.36
CUST00597,ORDBACA576F,4/24/2025,86.22
CUST00597,ORD452E5491,9/21/2024,255
CUST00597,ORD34A57214,4/25/2024,386.02
CUST00597,ORDB7539D5F,1/6/2024,125.89
CUST00597,ORD077BAAAD,12/27/2024,342.37
CUST00597,ORD80715E47,2/1/2024,177.65
CUST00598,ORD4CB7C4CD,6/6/2024,371.34
CUST00598,ORDE837F38E,12/8/2024,222.82
CUST00598,ORD6372BA4D,11/13/2024,151.84
CUST00598,ORD15284182,8/10/2024,248.11
CUST00598,ORD952749D2,4/19/2025,382.84
CUST00598,ORDD6D5536F,3/10/2025,131.4
CUST00598,ORDA5708F57,7/19/2024,84.72
CUST00598,ORD97E5F8C1,12/28/2024,260.51
CUST00598,ORD4EDBFF61,4/30/2024,132.24
CUST00598,ORDB938759A,8/12/2024,385.7
CUST00598,ORDD3B89507,7/18/2024,433.44
CUST00598,ORD3EEAA839,4/21/2025,497.19
CUST00598,ORD702A3233,1/26/2025,131.2
CUST00598,ORD7E37E8D2,1/3/2025,412.1
CUST00598,ORD0F9CD431,3/29/2025,107.22
CUST00598,ORDB71659E2,10/2/2024,356.17
CUST00598,ORD929656EF,1/19/2025,406.88
CUST00598,ORDA850511F,2/26/2025,353.56
CUST00598,ORDF43FAE76,10/20/2024,256.14
CUST00598,ORD9C9FDF75,9/7/2024,98.78
CUST00599,ORD450BCDEA,10/27/2024,318.16
CUST00599,ORDD9BAFDB8,11/27/2023,82.88
CUST00599,ORD8363B176,9/10/2024,69.03
CUST00599,ORD60A1A359,8/7/2024,206.63
CUST00599,ORD0F01A005,7/31/2024,144.19
CUST00599,ORD642DD111,3/8/2024,104.17
CUST00599,ORD75CBC4DF,4/11/2025,81.64
CUST00599,ORD6ED3EC10,10/29/2023,18.65
CUST00599,ORDD2DF67E5,3/23/2024,107.83
CUST00599,ORD66B47AE8,4/18/2024,433.53
CUST00599,ORDA5B528D0,10/28/2023,196.37
CUST00599,ORD14B54F8D,10/17/2024,267.24
CUST00599,ORDAC494014,1/19/2024,353.08
CUST00599,ORDF2D9128B,3/5/2024,490.26
CUST00599,ORD2E873653,11/9/2023,118.67
CUST00599,ORD6A677E45,9/28/2024,218.78
CUST00599,ORD3F1B51F1,11/4/2023,40.06
CUST00599,ORD7D79F327,11/2/2024,219.27
CUST00599,ORDAD87C573,10/27/2023,35.31
CUST00600,ORD54065218,9/9/2024,141.93
CUST00600,ORD040BC87D,5/18/2024,147.47
CUST00600,ORD2433CB5F,1/8/2025,182
CUST00600,ORDF6C7488E,1/9/2025,214.86
CUST00601,ORD5EBDBD8A,6/12/2024,448.6
CUST00601,ORD9E050AAC,1/21/2025,99.06
CUST00601,ORDB7A016ED,1/30/2024,10.26
CUST00601,ORD8DC50BA8,10/24/2024,333.61
CUST00601,ORD3D29EFC9,1/5/2025,167.6
CUST00601,ORD0E72C5F8,12/23/2023,149.81
CUST00601,ORD16B6B1AB,12/5/2023,147.28
CUST00601,ORDD6AC6291,12/7/2024,307.2
CUST00601,ORDFA4102F3,2/1/2024,221.14
CUST00601,ORDF95289FC,4/23/2025,133.61
CUST00601,ORD5C3FF7A6,11/27/2024,250.73
CUST00602,ORD67739A7D,7/2/2024,159.13
CUST00602,ORD8375262D,10/11/2024,57.47
CUST00602,ORDD8A4CBF9,7/30/2024,16.69
CUST00602,ORD52EDA5C5,4/21/2025,280.37
CUST00602,ORD01F552E8,5/6/2024,432.37
CUST00602,ORDD91B9487,1/16/2025,172.29
CUST00602,ORD7DDE6B0A,1/26/2024,373.23
CUST00602,ORDD6101E6C,4/16/2024,187.08
CUST00602,ORD0A8970D6,6/19/2024,391.62
CUST00602,ORDE09A22C8,4/5/2024,269.14
CUST00602,ORD7A12B9DD,8/28/2023,192.08
CUST00603,ORDDB57CDFE,9/15/2023,112.92
CUST00603,ORD20356F53,2/11/2024,198.18
CUST00603,ORDCA300C42,2/8/2024,444.72
CUST00603,ORD2193B17C,4/4/2024,73.94
CUST00603,ORD2CBACC77,2/7/2025,373.87
CUST00603,ORD61FF0447,11/16/2024,68.97
CUST00603,ORD99D1038F,10/21/2024,297.42
CUST00603,ORDB3513C2A,4/14/2024,456.97
CUST00603,ORD6A8C74E1,12/30/2023,330.63
CUST00604,ORD6B06724E,8/26/2023,104.53
CUST00604,ORD07BBA37E,3/19/2025,228.43
CUST00604,ORD1A607743,6/23/2023,58.33
CUST00604,ORDCDCDB914,11/28/2023,471.49
CUST00604,ORD00C0BB57,6/20/2023,313.32
CUST00604,ORDB33818E8,12/23/2024,157.72
CUST00604,ORDB7E2EED6,11/5/2023,242.36
CUST00605,ORDC6B0AF66,1/29/2025,271.44
CUST00605,ORD260B3E74,10/2/2024,85.3
CUST00605,ORDC064E87E,2/17/2025,72.64
CUST00605,ORDA2FAF915,2/13/2024,214.92
CUST00605,ORD353C8159,4/8/2025,358.69
CUST00605,ORD9CA2B510,12/30/2024,446.88
CUST00605,ORDF009D6D1,11/3/2024,382.08
CUST00606,ORDA3DFC3D9,5/1/2024,487.81
CUST00606,ORDFC852692,2/6/2025,448.51
CUST00606,ORD1D94A47C,12/23/2023,229.76
CUST00606,ORD2E38C91E,7/11/2023,361.49
CUST00606,ORD7FA79376,4/4/2025,456.32
CUST00606,ORDF75F8968,12/22/2024,43.18
CUST00606,ORD95CC9457,12/4/2023,215.31
CUST00606,ORD3E20565A,8/3/2023,466.35
CUST00606,ORDFDECA9DD,3/27/2025,256.9
CUST00606,ORDD6BF8DE2,7/18/2023,20.72
CUST00606,ORDAD5A303E,10/4/2023,303.59
CUST00606,ORD5091979F,5/9/2024,351.39
CUST00606,ORDDBDBABAD,5/19/2024,73.18
CUST00606,ORDCF01D777,3/11/2024,32.27
CUST00606,ORDF4C75A0C,2/28/2025,287.43
CUST00606,ORDCD6966E7,3/16/2025,399.25
CUST00606,ORD4FDF9C87,1/31/2024,349.96
CUST00606,ORDDA91F061,1/21/2024,372.95
CUST00607,ORDBBB5B116,7/12/2024,252.56
CUST00607,ORD6EB63518,6/1/2024,270.91
CUST00607,ORDFFA39621,2/21/2025,261.61
CUST00607,ORD77A1E92B,4/9/2025,46.74
CUST00607,ORD8109E133,11/24/2024,224.5
CUST00607,ORDA2293E8F,11/20/2024,259.55
CUST00607,ORDF1A52D72,12/20/2024,285.62
CUST00607,ORDC7897908,11/3/2024,201.22
CUST00607,ORD5A8519F0,2/4/2025,307.54
CUST00607,ORDF3FCF2B7,3/18/2024,111.39
CUST00607,ORD0B0509DA,4/3/2024,11.76
CUST00607,ORD524A3498,7/14/2024,290.23
CUST00607,ORDDF1D3691,10/22/2024,300.14
CUST00608,ORD3D041F88,11/8/2024,440.79
CUST00609,ORD62140679,4/25/2024,233.17
CUST00609,ORDB0E32A3B,4/17/2024,356.8
CUST00609,ORD1D7DF4A7,8/13/2024,267.29
CUST00609,ORDFE9503E4,11/19/2024,158.67
CUST00609,ORD7C171F4F,2/25/2025,117.96
CUST00609,ORD7412A093,9/9/2023,357.04
CUST00609,ORD8C5A44B3,1/28/2025,280.55
CUST00609,ORDA1794B67,1/22/2024,93.84
CUST00609,ORDA271E780,8/26/2023,32.35
CUST00609,ORDFF4A9EBB,11/14/2024,126.73
CUST00609,ORD5705B038,4/9/2024,29.15
CUST00609,ORD7F229EC2,3/31/2025,82.59
CUST00609,ORD2DA5EC37,6/5/2023,442.97
CUST00609,ORD3D031EA3,12/15/2024,464.35
CUST00609,ORDC228DB9C,11/16/2023,142.51
CUST00609,ORD8DC1CC03,2/16/2024,397.4
CUST00609,ORDD4931446,6/28/2024,324.78
CUST00610,ORD86AF028F,11/5/2023,494.87
CUST00610,ORDBD5129AC,10/6/2024,112.89
CUST00610,ORD946A03EF,3/24/2024,66.93
CUST00610,ORDE0AE7104,12/3/2024,327.84
CUST00610,ORDECED1530,2/16/2025,320.01
CUST00610,ORD4481E8A3,7/19/2024,486.39
CUST00610,ORD44C8B10E,1/20/2024,169.04
CUST00610,ORDDC17D3B5,7/1/2024,473.75
CUST00611,ORD87735793,2/5/2025,139.38
CUST00611,ORD8656C92F,8/8/2024,75.47
CUST00611,ORDEC6311D3,1/3/2024,450.18
CUST00611,ORD603EED78,12/23/2024,154.5
CUST00611,ORDF7409192,3/17/2024,492.78
CUST00611,ORD4601B46F,4/3/2025,316.72
CUST00611,ORDF873FCA9,2/13/2025,15.1
CUST00611,ORDA1DBEB10,1/18/2024,184.19
CUST00611,ORDD17F035B,10/16/2024,367.93
CUST00611,ORDD6D7B44F,2/23/2025,147.05
CUST00611,ORD0387E6E3,8/1/2024,135.43
CUST00611,ORD25BA8AB3,2/19/2024,17.66
CUST00611,ORD69C99CB0,12/17/2024,332.09
CUST00611,ORDDC011E6C,9/1/2024,435.31
CUST00611,ORDC2A7C78D,1/25/2024,470.12
CUST00611,ORD5D6FC118,8/28/2024,295.8
CUST00611,ORDE90747BF,4/15/2025,364.08
CUST00611,ORD1A01D2B3,4/22/2024,347.18
CUST00612,ORD0B008118,2/7/2024,436.31
CUST00612,ORD1DD70369,6/4/2024,320.81
CUST00612,ORD203775DE,12/28/2023,279.93
CUST00612,ORD10A8A89D,6/6/2024,410.26
CUST00612,ORD5215F544,1/14/2024,118.11
CUST00612,ORD84784B7C,3/2/2024,141.71
CUST00612,ORD4149EA0D,3/25/2024,295.02
CUST00612,ORD2A1E494B,3/13/2025,405.79
CUST00612,ORDBA6164E3,1/18/2025,378.92
CUST00613,ORD0213F93B,11/5/2024,228.57
CUST00613,ORDFB50B76F,1/19/2025,367.61
CUST00613,ORDA97617D7,11/18/2024,222.61
CUST00613,ORDFA07F0E1,6/12/2024,82.68
CUST00613,ORDF77B831F,3/13/2025,244.71
CUST00614,ORD6CD40851,9/7/2024,98.94
CUST00614,ORD6B22F6B4,12/28/2024,100.66
CUST00614,ORD9259D0D1,8/16/2024,432.55
CUST00614,ORDDF137932,11/23/2024,102.54
CUST00614,ORD2D9E33D2,4/12/2024,250.35
CUST00614,ORDEFC0E787,3/8/2024,367.45
CUST00614,ORDE11579A9,5/25/2024,327.31
CUST00614,ORDA7BA5DE7,2/9/2024,20.31
CUST00614,ORD27859A7B,9/2/2024,89.83
CUST00614,ORD9590A241,5/6/2024,97.09
CUST00614,ORDA67F74F4,8/7/2024,203.16
CUST00614,ORD7BD56EBD,2/28/2024,307.83
CUST00614,ORD477E9EDC,3/31/2024,44.03
CUST00614,ORDF1932942,7/29/2024,45.3
CUST00614,ORD460B9DD7,1/22/2025,130.17
CUST00614,ORDB3FF1F70,4/16/2025,455.47
CUST00615,ORD81500687,7/5/2023,59.11
CUST00615,ORD3FF49963,5/12/2024,268.12
CUST00615,ORD349A2DDB,5/6/2024,366.11
CUST00615,ORDC78FA50E,12/22/2024,405.92
CUST00615,ORD674C1487,5/14/2024,305.61
CUST00615,ORD7EDEF582,1/24/2025,195.16
CUST00615,ORD5B8B5394,11/19/2023,20.15
CUST00615,ORD3F5BC95D,12/5/2023,415.02
CUST00615,ORD175CF99D,9/26/2023,384.09
CUST00615,ORD3320DDA6,6/6/2024,325.8
CUST00615,ORD50F2C455,8/7/2024,31.43
CUST00615,ORD1F67D804,11/25/2024,131.69
CUST00615,ORD5128A65F,2/11/2024,50.96
CUST00616,ORDF2EC98EE,12/6/2024,469.91
CUST00616,ORD84D5FCEB,7/14/2024,303.82
CUST00616,ORDD409382D,5/1/2024,398.28
CUST00616,ORD1D45224B,12/21/2024,14.6
CUST00616,ORD312DFDB9,10/9/2024,397.91
CUST00617,ORD2E016BF0,11/30/2024,370.7
CUST00617,ORD078F2F5C,1/6/2025,175.81
CUST00617,ORD742E7BAF,8/17/2024,356.65
CUST00617,ORD96605318,4/5/2025,109.14
CUST00617,ORDEF1576EF,6/23/2024,245.41
CUST00617,ORD6656E034,4/6/2024,285.8
CUST00617,ORDC862E559,11/23/2024,227.72
CUST00617,ORD191AEC02,3/4/2025,89.94
CUST00617,ORD6384AB68,2/8/2025,172.56
CUST00617,ORD1257E2A3,1/2/2024,85.71
CUST00617,ORD4DDFA68B,1/29/2025,37.38
CUST00617,ORDAD964D3C,3/3/2024,349.1
CUST00617,ORD9CDE5697,4/8/2024,317.47
CUST00617,ORD8CAD184E,2/25/2025,70.31
CUST00617,ORD006D9D81,9/27/2024,414.21
CUST00617,ORD755C286A,9/21/2024,60.38
CUST00617,ORD2FC4F9A8,4/12/2025,155.4
CUST00617,ORD5744ABCE,9/16/2024,260.66
CUST00618,ORD90BB0E61,2/2/2025,79.5
CUST00618,ORD9909B747,2/7/2024,456.96
CUST00618,ORDDF3DAC96,11/29/2024,21.76
CUST00618,ORD1F8A1405,4/12/2025,219.3
CUST00618,ORD1BDC22E7,1/26/2024,82.21
CUST00618,ORDBDB920B3,5/16/2024,331.13
CUST00618,ORD31B0B26A,11/5/2024,120.68
CUST00618,ORD1E0F252B,9/15/2024,440.71
CUST00618,ORDF68B7DDF,8/20/2024,198.52
CUST00618,ORDA166366A,9/3/2024,443.27
CUST00618,ORDF53F1FEC,4/19/2025,413.16
CUST00618,ORDEF469EBC,3/14/2025,65.08
CUST00618,ORD1B4815E5,4/5/2025,93.08
CUST00618,ORD044CC778,8/29/2024,63.97
CUST00619,ORDFBF59CC7,8/6/2023,478.67
CUST00619,ORD0C80FEBD,5/11/2024,148.09
CUST00619,ORDF3F2079F,3/6/2024,47.38
CUST00619,ORD9F08222F,6/21/2023,173.53
CUST00620,ORDD072A049,4/28/2025,462.43
CUST00620,ORD29239468,10/14/2024,460.74
CUST00620,ORD2E03ACDA,2/5/2024,448.84
CUST00620,ORDB4228A74,9/7/2024,306.21
CUST00620,ORD3868956F,8/24/2024,97.25
CUST00620,ORD98C85D47,3/6/2025,269.94
CUST00620,ORD41976D44,11/30/2023,303.81
CUST00620,ORDEC791840,1/15/2025,342.92
CUST00620,ORDBFA0A34E,12/27/2023,83.61
CUST00620,ORD4791BA58,7/29/2024,336.96
CUST00620,ORD35AB9145,5/23/2024,157.77
CUST00620,ORD9C5BE13F,10/3/2024,410.61
CUST00621,ORD8E74D789,9/9/2024,438.95
CUST00621,ORD9E8CBCFA,10/5/2024,142.84
CUST00621,ORDB25C5353,5/1/2024,254.63
CUST00621,ORD38A152FB,11/2/2024,190.87
CUST00621,ORDB0ED4B67,11/29/2024,140.05
CUST00621,ORD2FD751E5,10/18/2024,454.42
CUST00621,ORD4A2E4494,4/28/2025,401.35
CUST00621,ORD6BC488A0,2/27/2024,396.54
CUST00621,ORD72E395F8,5/27/2024,432.24
CUST00621,ORDF7FF3C27,3/17/2025,489.24
CUST00621,ORDC02780FC,3/29/2024,391.11
CUST00621,ORD2F4C4DA6,8/26/2024,81.83
CUST00622,ORD1AEEC418,11/10/2024,201.39
CUST00622,ORDB4753655,9/9/2024,363.46
CUST00622,ORD174EB937,2/9/2025,394.92
CUST00622,ORDE54FBCAE,8/6/2024,244.43
CUST00622,ORD4DC8FDC7,5/10/2024,42.98
CUST00623,ORD128D875D,10/2/2023,219.45
CUST00623,ORD93F71A08,4/21/2024,366.09
CUST00623,ORDCDFE5643,1/30/2025,80.89
CUST00623,ORD43BB9086,9/1/2024,168.3
CUST00623,ORDB7AF3177,6/11/2024,72.49
CUST00623,ORD0DDC7FF9,5/15/2024,386.09
CUST00623,ORDADD5BA06,11/17/2023,182.78
CUST00623,ORD7AC13C64,10/20/2024,252.16
CUST00623,ORD82B32885,1/9/2025,245.83
CUST00623,ORDE6A150B3,7/22/2024,486.7
CUST00623,ORD3AFE9F90,11/9/2024,304.85
CUST00623,ORD85388EC8,1/15/2025,321.94
CUST00623,ORD169C4B2F,12/7/2024,77.73
CUST00623,ORDB389ECB7,7/5/2024,472.57
CUST00623,ORD5DB44C07,4/17/2024,461.59
CUST00623,ORDBE6F49E6,12/8/2024,197.76
CUST00623,ORD07B59958,12/5/2023,279.18
CUST00623,ORD6F81F9DD,1/7/2024,273.99
CUST00623,ORDB4E74CAE,3/28/2025,251.37
CUST00624,ORDB1689528,2/19/2024,412.49
CUST00624,ORDAE618E74,10/17/2023,198.47
CUST00624,ORDE667120A,9/15/2024,294.67
CUST00624,ORD85A761A2,10/11/2024,216.7
CUST00624,ORDE5437AE2,9/15/2024,293.16
CUST00624,ORD3166FC2A,9/28/2024,349.81
CUST00624,ORD8C71BA90,4/11/2024,376.66
CUST00624,ORD63C04DCB,11/23/2024,354.52
CUST00624,ORD11DC5C83,3/19/2024,125.24
CUST00624,ORD5BC823A8,4/16/2025,11.4
CUST00624,ORD85A8840E,10/23/2023,497.01
CUST00624,ORDE3E12530,11/16/2023,18.41
CUST00624,ORD58843A19,9/15/2023,283.6
CUST00624,ORD47907B81,10/22/2023,479.23
CUST00624,ORDC7EEB12C,1/6/2024,461.24
CUST00624,ORD27072CAB,2/22/2024,39.19
CUST00624,ORDFC268E6F,9/29/2024,181.18
CUST00624,ORD6F1F1E26,1/4/2025,425.89
CUST00625,ORDF38399DA,11/8/2023,154.4
CUST00625,ORD9A4C6764,1/25/2025,80.63
CUST00625,ORDE9821F45,1/16/2024,428.12
CUST00625,ORD49718953,11/6/2023,486.19
CUST00625,ORD3BE22D75,11/28/2023,457.35
CUST00626,ORDBDFA0537,2/22/2025,113.26
CUST00626,ORD02973588,2/24/2025,120.05
CUST00626,ORDF94B0F69,2/1/2025,376.03
CUST00626,ORD50720E30,4/29/2025,67.45
CUST00626,ORD9E5764FD,7/19/2024,350.93
CUST00626,ORDA2891E62,3/4/2025,80.11
CUST00626,ORD6EB6DBC4,2/12/2025,369.21
CUST00626,ORD8B85F8BA,7/13/2024,351.1
CUST00627,ORDC5413AE6,6/18/2024,192.13
CUST00627,ORDEA250445,1/26/2024,353.69
CUST00627,ORD1D257D51,1/20/2025,334.75
CUST00627,ORDB4DA9CDA,9/20/2024,46.15
CUST00627,ORD070DC4CE,12/14/2024,420.34
CUST00627,ORDA32450D4,11/13/2024,436.53
CUST00627,ORDF3E48568,3/11/2024,24.79
CUST00627,ORDCBAAABF3,10/4/2024,188.97
CUST00627,ORD4EE80E20,4/14/2025,48.71
CUST00627,ORD355D3ADB,2/24/2024,47.76
CUST00627,ORD11865F81,2/2/2025,288.9
CUST00627,ORD1810594B,12/16/2024,408.72
CUST00627,ORD78AA18F4,10/26/2024,83.36
CUST00627,ORDE4BBF22E,7/16/2024,99.39
CUST00628,ORDC2FF0DD4,12/16/2024,376.57
CUST00628,ORDBF2FE510,11/22/2024,352.3
CUST00628,ORDF043A0A0,9/26/2024,156.76
CUST00628,ORD48FAD1CE,6/3/2024,211.65
CUST00628,ORD60A0CB69,7/2/2024,175.3
CUST00629,ORD2E7E24E0,3/8/2024,150.52
CUST00630,ORDB1A88B98,3/19/2025,39.4
CUST00630,ORD7FAB226F,5/30/2024,324.8
CUST00630,ORDEF979077,7/19/2024,306.05
CUST00630,ORDC6AFBCD4,10/26/2024,95.05
CUST00630,ORDB8929FF0,4/24/2024,88.57
CUST00631,ORD0A6C6AD7,4/27/2024,418.01
CUST00631,ORDA7B50C41,4/26/2024,343.15
CUST00631,ORD9C9C31CF,3/5/2025,439.23
CUST00631,ORD1C887277,12/25/2024,281.54
CUST00631,ORD2F22599B,10/12/2024,416.46
CUST00631,ORD7CF80E6A,9/21/2024,460.38
CUST00631,ORDC466B73E,3/10/2025,255.92
CUST00631,ORDE91FFF5C,6/25/2024,357.58
CUST00631,ORD69C852C1,3/8/2024,217.6
CUST00631,ORDAF91F5BA,3/16/2024,86.83
CUST00631,ORD2D21DC8B,11/13/2024,486.83
CUST00631,ORD38D047B4,4/10/2024,265.54
CUST00631,ORD3D425A8A,3/7/2024,489.18
CUST00632,ORDE5A9F08D,2/20/2024,374.14
CUST00632,ORD21569042,3/19/2024,206.2
CUST00632,ORD59831D31,10/29/2024,37.44
CUST00632,ORDCDA85F1F,1/4/2025,202.22
CUST00632,ORDD57C0324,7/3/2024,413.03
CUST00633,ORD53C821DC,9/23/2024,306.49
CUST00633,ORDF1BBA52B,5/2/2024,47.83
CUST00633,ORD6BA1B122,4/15/2025,349.29
CUST00633,ORDF62100DC,7/30/2024,243.93
CUST00633,ORD7BF64CE9,11/27/2024,329.82
CUST00633,ORD5F8CC825,5/11/2024,208.5
CUST00633,ORD2628970E,11/4/2024,196.43
CUST00633,ORDA0CB02FF,3/24/2025,36.79
CUST00633,ORD17462C2E,10/10/2024,192.02
CUST00633,ORD87CF8246,2/16/2025,217.87
CUST00633,ORD2B2D6B7C,12/19/2024,142.26
CUST00633,ORDE89EC47F,10/19/2024,61.16
CUST00633,ORD26191E04,5/29/2024,187.72
CUST00633,ORD6FCCFFFC,3/28/2025,391.61
CUST00633,ORD7C56C598,9/25/2024,174.38
CUST00633,ORD7B1BC1B4,4/5/2025,127.37
CUST00633,ORD1B2BF84C,7/2/2024,89.75
CUST00633,ORD8CB69D5C,9/25/2024,62.17
CUST00634,ORDC564823C,8/2/2023,302.58
CUST00634,ORDBBE63736,2/25/2025,380.7
CUST00634,ORDED684CC5,5/28/2024,161.47
CUST00634,ORD9AAD9758,10/19/2023,280.33
CUST00634,ORD6724ACAC,3/25/2025,322.81
CUST00634,ORDF33FB1F4,9/1/2024,25.86
CUST00634,ORD9669EDF6,12/22/2024,141.89
CUST00635,ORDDCE0B6FE,9/22/2024,286.75
CUST00635,ORDDF5F8D6B,1/18/2025,286.23
CUST00635,ORD0E81B93B,5/19/2024,397.21
CUST00635,ORDC0A4432D,12/27/2024,32.38
CUST00635,ORD0137275A,11/11/2024,164.14
CUST00635,ORDC7730599,4/16/2025,472.32
CUST00635,ORD415DE966,4/22/2025,14.15
CUST00635,ORDB1E4769D,4/22/2024,184.76
CUST00635,ORD9BFA38D6,4/5/2025,148.38
CUST00635,ORDE9431D5B,4/20/2024,205.09
CUST00635,ORD5A2867D6,6/6/2024,105.49
CUST00635,ORDAF56CF8B,4/2/2025,378.4
CUST00635,ORD29C42639,5/4/2024,365.59
CUST00635,ORD3C57E303,10/11/2024,487.19
CUST00635,ORD242DDED9,5/14/2024,354.3
CUST00635,ORD76ABDAEB,7/7/2024,57.72
CUST00635,ORD21FB9E03,5/16/2024,209.57
CUST00635,ORDF31B626D,12/1/2024,373.31
CUST00635,ORD2ED28D6E,3/31/2024,59.49
CUST00636,ORDBE0B4B60,9/26/2024,21.61
CUST00636,ORDEA29D242,2/21/2024,400.07
CUST00636,ORDA870093C,12/17/2023,243.71
CUST00636,ORDD9D5FB61,1/3/2025,435.72
CUST00636,ORD20413DF2,3/19/2025,28.33
CUST00637,ORDDC02B75B,10/29/2024,84.25
CUST00637,ORDC2B89ED9,8/25/2023,236.92
CUST00637,ORD7F5180AC,7/8/2024,443.75
CUST00637,ORD59862BFF,2/5/2024,55.71
CUST00637,ORDCF081CC6,5/24/2024,362.05
CUST00637,ORD0B2E4A79,12/30/2024,443.36
CUST00638,ORD16D02A8F,11/27/2024,386.72
CUST00638,ORD4C69343E,12/19/2023,88.91
CUST00638,ORD2FE56A3C,3/26/2025,482.2
CUST00638,ORD5FB59B2C,6/2/2024,262.99
CUST00638,ORD6725F227,12/18/2023,367.07
CUST00639,ORD12C8811B,1/18/2024,465.81
CUST00639,ORD6842159A,11/7/2023,177.29
CUST00639,ORDC4287D67,7/20/2024,394.82
CUST00639,ORD867BE478,8/4/2024,176.12
CUST00639,ORDAE321B59,1/15/2025,186.56
CUST00639,ORD18E957BD,12/3/2024,429.42
CUST00639,ORDE0A3E305,2/5/2024,221.14
CUST00639,ORD57579060,6/11/2024,446.43
CUST00639,ORD6B88F9A0,1/10/2024,389.35
CUST00639,ORDB11F22EE,2/8/2024,199.94
CUST00639,ORDE7748282,12/31/2023,112.32
CUST00639,ORD29A6B808,3/10/2024,309.09
CUST00639,ORDBA4B81DE,4/21/2025,46.75
CUST00639,ORD9AE32C7D,11/9/2023,84.68
CUST00639,ORDCD9A5F6D,10/22/2024,317.62
CUST00639,ORD976F22BD,3/13/2024,253.79
CUST00639,ORD6449653E,3/21/2024,404.32
CUST00640,ORD11049731,3/12/2025,385.5
CUST00640,ORDF507F9AC,4/29/2024,161.68
CUST00640,ORD2A58EB65,11/25/2023,435.09
CUST00640,ORD9A3F1556,11/21/2023,400.72
CUST00640,ORDB901631A,2/20/2025,448.62
CUST00641,ORDB6B88AB4,8/25/2024,56.12
CUST00641,ORD881EF605,2/13/2025,163.72
CUST00641,ORD4E0E8473,3/14/2025,467.69
CUST00641,ORD8CDA85A6,4/20/2025,89.12
CUST00641,ORDC335E23B,9/18/2023,147.26
CUST00641,ORD12D544B3,10/7/2023,188.03
CUST00641,ORD2B09D51B,4/14/2025,53.72
CUST00641,ORD76812378,3/9/2024,97.8
CUST00641,ORD920F15A7,10/18/2024,388.25
CUST00641,ORD0EF76C0B,10/19/2023,136.39
CUST00641,ORD0B4EA839,4/7/2025,241.9
CUST00641,ORD6556594D,10/6/2023,135.45
CUST00641,ORDBA44B1A5,10/3/2023,439.56
CUST00641,ORD5C562A30,1/19/2024,328.64
CUST00641,ORD139AAAD9,7/19/2023,78.82
CUST00641,ORD111B20EC,7/6/2024,70.74
CUST00642,ORD534A101A,4/16/2025,249.25
CUST00642,ORD652B5A37,6/1/2024,188.1
CUST00642,ORDFF646025,3/30/2025,150.45
CUST00642,ORD9AB4EAF1,4/29/2024,210.43
CUST00642,ORDE18B53AB,6/24/2024,313.64
CUST00642,ORD289C47F4,7/24/2024,343.49
CUST00642,ORDB25D9B53,2/28/2025,226.01
CUST00642,ORDECE7C70F,7/23/2024,261.11
CUST00642,ORDEC1F86F9,3/30/2025,316.07
CUST00642,ORDD831A38F,1/14/2025,163.69
CUST00642,ORD9A821132,11/20/2024,50.91
CUST00642,ORD4A5A0D12,2/3/2025,212.47
CUST00642,ORD7658EA6D,5/11/2024,230.55
CUST00642,ORDFBE46904,12/4/2024,439.93
CUST00642,ORDD08879D9,12/27/2024,495.71
CUST00642,ORDC738827A,1/15/2025,30.91
CUST00642,ORD64013438,2/5/2025,488.94
CUST00642,ORD3B50945D,11/15/2024,37.96
CUST00642,ORDC2098A06,8/1/2024,397.39
CUST00643,ORDFD7CCDC4,6/14/2024,13.89
CUST00643,ORD5853D2AB,11/12/2023,428
CUST00643,ORDE683FC37,11/16/2024,152.42
CUST00643,ORD635FDB6D,7/14/2023,87.52
CUST00643,ORD03FC918E,6/21/2024,205.65
CUST00643,ORD655DD55F,12/21/2024,45.76
CUST00643,ORD8AC79BD7,12/30/2024,200.23
CUST00643,ORD6E30D1BC,10/17/2023,236.52
CUST00643,ORD482EE6A5,11/12/2023,55.82
CUST00643,ORD8D605F84,10/29/2024,238.28
CUST00643,ORDB916F8E4,10/3/2024,324.82
CUST00643,ORDDA763301,3/27/2024,451.06
CUST00643,ORDDDB6D877,9/22/2024,237.78
CUST00643,ORD26C20A04,12/30/2024,52.05
CUST00643,ORD7AFC3932,6/29/2024,368.57
CUST00643,ORD84149D76,9/10/2023,459.56
CUST00643,ORD4BA30FC4,9/24/2023,462.02
CUST00643,ORD8F4F78FA,3/15/2024,386.43
CUST00644,ORD6362E540,3/4/2025,206.75
CUST00644,ORD6D1767DB,9/28/2024,41.59
CUST00644,ORDDCA80475,2/25/2024,177.79
CUST00644,ORD582040C3,11/1/2024,306.14
CUST00644,ORDC30C4033,1/17/2024,114.19
CUST00644,ORD3E53A3CB,4/26/2024,373.23
CUST00644,ORD29BED48C,8/29/2024,66.02
CUST00645,ORDACF847A9,5/9/2024,28.76
CUST00645,ORD8E355EA0,2/15/2025,86.31
CUST00645,ORD3FD4F788,1/25/2025,240.28
CUST00645,ORD27EAFAB3,6/16/2024,323.71
CUST00645,ORDD94ED375,5/21/2024,166.89
CUST00645,ORD0EA7F3A3,11/11/2024,25.35
CUST00645,ORD8B729011,12/8/2024,304.53
CUST00645,ORD0D15F218,8/27/2024,196.34
CUST00645,ORDEED99571,12/11/2024,468.87
CUST00645,ORD746E3FEE,4/19/2024,187.13
CUST00645,ORD3C07BA6C,4/17/2024,220.75
CUST00645,ORD3CFE26E8,3/3/2024,241.97
CUST00645,ORD23A38024,5/8/2024,36.5
CUST00645,ORD15860D98,7/8/2024,435.33
CUST00645,ORDA61E2EF9,10/18/2024,476.8
CUST00646,ORD49D5FDDD,5/7/2024,142.23
CUST00646,ORDC0B1B6DD,6/13/2023,321.49
CUST00646,ORDA2F168D8,8/13/2024,50.96
CUST00646,ORD20ABB15C,6/27/2023,43.94
CUST00646,ORD31380F6F,11/29/2023,208.48
CUST00646,ORD4A30DAE1,8/12/2024,156.19
CUST00646,ORD1A9E4244,5/30/2024,358.98
CUST00646,ORD8EDF029D,11/8/2023,436.93
CUST00646,ORD46C83960,3/29/2024,267.14
CUST00646,ORD31C2FBBF,9/13/2023,338.13
CUST00646,ORD7498A2B2,1/19/2024,137.13
CUST00646,ORDA3C94D3A,9/18/2024,416.97
CUST00646,ORDDC28697F,7/9/2023,55.3
CUST00646,ORD17293D34,3/26/2025,451.8
CUST00647,ORD9EE297B3,10/20/2024,482.05
CUST00647,ORD4F6732DA,8/11/2023,155.48
CUST00647,ORDB1B9FFF2,4/19/2024,107.32
CUST00647,ORD895A6A40,7/7/2023,471.55
CUST00647,ORDA65F01E6,12/7/2023,246
CUST00647,ORDF0C816C2,6/25/2023,272.4
CUST00647,ORDA55864F7,4/5/2025,394.09
CUST00647,ORDC9F8BC8F,5/14/2024,483.14
CUST00647,ORD2B013C38,4/11/2025,224.02
CUST00647,ORDA6AEF343,8/17/2023,457.17
CUST00647,ORD1452C883,8/2/2024,289.46
CUST00648,ORD584615C6,2/9/2024,284.85
CUST00649,ORDA1488CE4,4/1/2024,107.29
CUST00649,ORDE65E5D1B,3/24/2024,364.13
CUST00649,ORD5FF0CE95,5/3/2024,293.46
CUST00649,ORD2CA76F85,3/9/2024,80.86
CUST00649,ORD5D9C6663,2/14/2025,335.39
CUST00649,ORD36A8EB65,5/5/2024,413.52
CUST00649,ORD1334A7F7,10/27/2024,369.83
CUST00649,ORD8483A545,2/17/2025,414.37
CUST00649,ORDA3A133FE,4/27/2025,369.23
CUST00649,ORDB500827A,9/6/2024,16.95
CUST00649,ORD4962C58D,9/4/2024,449.29
CUST00649,ORD1DC76E66,8/19/2024,467.57
CUST00649,ORDF745510E,10/28/2024,254.73
CUST00649,ORD50837949,6/7/2024,165.04
CUST00649,ORD2125EA8C,6/5/2024,398.09
CUST00649,ORD4B17C62F,3/24/2024,340.23
CUST00649,ORDE3E7C120,12/16/2024,138.77
CUST00649,ORDB398D894,10/22/2024,363.92
CUST00649,ORD6C56EF91,3/1/2025,494.24
CUST00649,ORD352A57FE,7/7/2024,472.23
CUST00650,ORD0C708969,8/10/2024,320.8
CUST00650,ORD84F30441,11/8/2024,323.07
CUST00650,ORDFBD8433A,1/6/2024,293.4
CUST00650,ORD71C19CCF,12/27/2024,27.88
CUST00650,ORD5DE5422D,6/26/2023,375.4
CUST00651,ORD542B8D97,12/15/2024,215.89
CUST00651,ORDC2250436,3/23/2025,277.58
CUST00651,ORD3A35629C,4/3/2025,91.39
CUST00651,ORDA0A61960,3/24/2025,195
CUST00651,ORDC6775E7D,1/11/2025,180.56
CUST00651,ORDBA192314,9/30/2024,476.66
CUST00651,ORDB6FA94F0,10/9/2023,486.15
CUST00652,ORD799A1D82,4/4/2024,478
CUST00652,ORD80CBD440,11/22/2024,191.43
CUST00652,ORDB0EFAB6D,10/15/2024,188.26
CUST00652,ORDA6F6C500,5/26/2024,157.95
CUST00652,ORD463899DD,11/28/2024,160.41
CUST00652,ORD242B36CB,7/1/2024,411.34
CUST00652,ORD8EABC319,11/25/2024,71.13
CUST00652,ORD28DEF448,9/4/2024,254.57
CUST00652,ORD014B9487,2/25/2025,499.53
CUST00652,ORD16850847,10/2/2024,212.89
CUST00652,ORD2FDB3062,4/19/2025,182.35
CUST00652,ORD9844E3B2,4/1/2025,415.81
CUST00652,ORD7C7E5A56,8/21/2024,218.67
CUST00652,ORD3337D6E7,4/30/2024,487.29
CUST00652,ORD4B25B9F7,3/29/2025,174.56
CUST00652,ORD5D5BE70D,2/26/2025,463.91
CUST00652,ORD54C54EDA,7/4/2024,234.82
CUST00652,ORDEF12E302,3/8/2025,192.83
CUST00652,ORDEF929D57,10/19/2024,280.85
CUST00653,ORDAC620BB6,5/24/2024,275.95
CUST00653,ORD4ED2530B,1/15/2024,196.97
CUST00653,ORDB3DCDCB7,1/10/2024,424.09
CUST00653,ORD4201C78A,1/28/2025,347.39
CUST00653,ORD7D9B8A93,4/16/2025,224.37
CUST00653,ORDCC4EFBD6,4/8/2025,148.79
CUST00654,ORDF5370C28,9/3/2023,469.57
CUST00654,ORD48C1C446,8/17/2023,453.88
CUST00654,ORDFBDBEDB9,1/17/2024,58.62
CUST00654,ORD3F18B503,4/19/2025,52.93
CUST00654,ORD65DDFDD0,11/28/2023,420.24
CUST00654,ORD69FFA8E2,10/29/2023,53.92
CUST00654,ORD1C0A0289,3/23/2025,18.05
CUST00654,ORDB0323016,10/16/2023,466.92
CUST00654,ORD2C24A1D0,7/23/2024,60.8
CUST00654,ORD9DE22E53,3/8/2024,377.47
CUST00654,ORDF68EE2A2,3/2/2025,315.67
CUST00654,ORDEA14F8E0,4/19/2024,276.92
CUST00654,ORD45A7D71F,9/10/2024,320.43
CUST00654,ORD9CC10D55,12/5/2024,256.65
CUST00654,ORD517665D6,4/24/2024,404.88
CUST00654,ORDB69ED031,7/16/2024,337.18
CUST00654,ORD50645EEA,11/23/2024,427.34
CUST00654,ORD32BDBF86,2/16/2024,113.82
CUST00654,ORDC0F03E3D,9/10/2024,390.67
CUST00654,ORD68DD1E6F,8/30/2023,280.28
CUST00655,ORDD29630D9,1/29/2025,105.82
CUST00655,ORDFC6FDED4,5/8/2024,240.09
CUST00655,ORD1022237D,5/26/2024,70.98
CUST00655,ORDEFC2CCE9,9/23/2023,484.13
CUST00656,ORD72CF4DD6,9/20/2024,212.34
CUST00656,ORD158DB6E3,8/22/2024,412
CUST00656,ORD0A5A34F4,9/7/2024,354.88
CUST00656,ORDB6532DC2,5/1/2024,373.16
CUST00656,ORD6C87F3D8,4/29/2025,13.73
CUST00656,ORD2B30FB1E,7/18/2024,193.58
CUST00656,ORD28DA4022,6/9/2024,119.73
CUST00656,ORDEED3FCF1,8/21/2024,148.97
CUST00656,ORDD27E90B6,5/19/2024,441.01
CUST00656,ORDD2D6D3C7,4/25/2025,139.6
CUST00656,ORD0A1E9ABA,11/12/2024,420.86
CUST00656,ORD09099495,8/3/2024,399.62
CUST00656,ORD2AA2A147,9/27/2024,213.21
CUST00656,ORD9C015832,8/27/2024,128.36
CUST00656,ORDECB1C7F0,4/18/2025,451.09
CUST00657,ORDA95FEF98,12/17/2023,26.01
CUST00657,ORD4C757AE8,10/3/2024,22.86
CUST00657,ORD66FB69A8,2/10/2024,397.35
CUST00657,ORDDD5325F8,2/13/2024,421.98
CUST00657,ORD0F8571C8,3/8/2025,264.29
CUST00657,ORDEAE15874,12/20/2023,373.21
CUST00657,ORD4AC43FD8,6/23/2023,165.56
CUST00657,ORD223353FA,11/2/2024,93.5
CUST00657,ORD54FEFDF2,7/18/2023,290.37
CUST00657,ORDE9AC248F,8/30/2024,220.71
CUST00657,ORDC13F0288,8/15/2024,282.31
CUST00657,ORDDD128EA0,11/17/2024,201.77
CUST00657,ORD63FDD05A,3/28/2025,311.97
CUST00657,ORD9177057C,11/25/2023,202.73
CUST00658,ORD7D9E3D60,2/17/2024,402.65
CUST00658,ORDBA087B78,6/4/2024,293.15
CUST00659,ORD1976DEF0,7/30/2023,470.3
CUST00659,ORD1081CAF0,4/5/2025,201.3
CUST00659,ORDBA3F962F,1/26/2025,366.78
CUST00659,ORDFD4514AF,11/21/2024,207.53
CUST00659,ORDA9B93CAC,10/25/2024,165.88
CUST00660,ORDF62B760C,11/14/2023,224.33
CUST00660,ORD4CE58438,12/10/2024,58.79
CUST00660,ORDD7C223A8,8/10/2023,402.57
CUST00660,ORD0D0A318C,3/19/2025,257.09
CUST00660,ORD6D8E3852,9/19/2024,319.41
CUST00660,ORD0D177C26,10/14/2024,394.3
CUST00661,ORDCA286E40,2/7/2025,420.3
CUST00661,ORD35465B1A,11/7/2024,87.94
CUST00661,ORD81BCA347,11/4/2024,167.98
CUST00661,ORD4A1BA420,6/4/2024,55.69
CUST00661,ORDDC60BF6E,4/19/2024,22.56
CUST00661,ORD3FFE694D,11/30/2024,15.65
CUST00661,ORD9FE69991,3/29/2024,387.32
CUST00661,ORD31C122C8,3/25/2025,84.99
CUST00661,ORDF28313C9,12/11/2024,312.87
CUST00662,ORD3791D547,5/6/2024,461.09
CUST00662,ORDD09F7E1E,4/17/2025,48.6
CUST00662,ORDD4F7AC2F,2/16/2025,197.38
CUST00662,ORDAFFBEFA8,2/11/2025,373.75
CUST00662,ORD0EC74443,11/26/2024,73.97
CUST00662,ORDD085DC2C,10/1/2024,232.32
CUST00662,ORD0C38CA16,4/28/2025,319.44
CUST00662,ORD6B32DE29,7/14/2024,185.48
CUST00662,ORDF230D451,11/12/2024,127.46
CUST00662,ORD7C575898,11/28/2024,449.98
CUST00662,ORDF40D2419,9/17/2024,155.49
CUST00662,ORD782082F8,4/9/2025,272.35
CUST00662,ORD803C9078,4/28/2025,130.17
CUST00662,ORDA07A2FCD,4/27/2025,392.21
CUST00662,ORD67C426BD,4/22/2024,395.16
CUST00662,ORDA9A1C7B2,2/28/2025,387.49
CUST00662,ORD3CFEF2EA,11/10/2024,333.04
CUST00662,ORD2B96CD42,2/9/2025,144.73
CUST00663,ORDDA4FA9CA,10/30/2024,317.44
CUST00663,ORD5FA70152,5/1/2024,322.81
CUST00663,ORD06E1295A,7/22/2024,293.88
CUST00663,ORDE4BE01C1,8/23/2024,60.68
CUST00663,ORDD7E4B326,3/28/2025,234.97
CUST00664,ORDD769608C,1/22/2025,70.12
CUST00664,ORDE809807D,11/28/2023,79.5
CUST00664,ORD6B9932A8,3/28/2024,138.38
CUST00664,ORDED778FC6,12/7/2024,98.51
CUST00664,ORD56DB3A73,7/25/2023,47.92
CUST00664,ORD041ADEA0,7/24/2023,423.87
CUST00664,ORD02A6EE86,11/13/2023,457.23
CUST00664,ORD7D280A84,12/26/2024,111.91
CUST00664,ORDBB605140,5/15/2024,59.33
CUST00664,ORD6DC7240D,1/24/2025,399.77
CUST00664,ORDF3DABB95,8/2/2024,212.74
CUST00664,ORDD41BE463,1/21/2024,248.39
CUST00664,ORD14075D3D,2/28/2025,316.58
CUST00664,ORD3925028D,12/23/2023,113.05
CUST00664,ORD199C2A3C,9/19/2023,215.75
CUST00664,ORD6972BCCF,8/1/2023,445.96
CUST00664,ORDAD804431,4/22/2025,320.44
CUST00664,ORD1DC74C44,8/21/2023,230.93
CUST00664,ORDB76FF0E1,6/7/2024,88.94
CUST00664,ORDCFBB9689,11/5/2024,156.39
CUST00665,ORD271B279D,11/19/2024,333.24
CUST00665,ORD15BEDBD4,12/30/2024,319.29
CUST00665,ORDFCBB53FE,8/14/2024,428.86
CUST00665,ORD83C8B3C2,4/23/2024,67.43
CUST00665,ORDDAFFFF79,12/26/2024,177.98
CUST00665,ORD10196782,5/23/2024,179.92
CUST00666,ORD9DA82ECE,1/26/2025,304
CUST00666,ORDF350EAE6,2/18/2025,12.46
CUST00666,ORD713A0AA1,7/24/2024,265.66
CUST00666,ORDCFBC0E19,4/28/2025,134.71
CUST00666,ORDBE8B61C1,1/6/2025,69.58
CUST00666,ORD6170C9D4,9/4/2024,306.99
CUST00666,ORD1739512D,8/13/2024,272.62
CUST00666,ORD68469574,2/14/2025,263.82
CUST00666,ORDAB83A195,11/26/2024,382.87
CUST00666,ORD3468E690,12/1/2024,115.99
CUST00666,ORD4952478A,10/2/2024,188.8
CUST00666,ORD9FD0B104,3/22/2024,450.3
CUST00666,ORD1D1BF16E,1/14/2025,24.45
CUST00666,ORD2ADA97EF,12/23/2024,77.9
CUST00666,ORD61109249,3/29/2024,50.89
CUST00666,ORDFAB49C4D,2/11/2025,348.88
CUST00666,ORD2804F9EC,6/15/2024,72.02
CUST00666,ORD4C415B9B,5/6/2024,144.1
CUST00666,ORDD0EAD844,12/16/2024,107.63
CUST00666,ORD1A77DEC1,9/7/2024,55.07
CUST00667,ORD91B591C2,5/29/2024,329.44
CUST00667,ORDDD57535E,5/18/2024,238.85
CUST00667,ORD81D0B4BF,3/12/2025,406.42
CUST00667,ORDB55511F4,10/29/2024,223.67
CUST00667,ORDF6EFBF03,2/24/2025,473.71
CUST00667,ORD450289C1,4/13/2025,461.95
CUST00667,ORDC119B761,8/5/2024,132.55
CUST00667,ORD0B3D05DA,3/24/2024,106.96
CUST00667,ORDE8BEA4AE,10/27/2024,424.56
CUST00667,ORD204495DB,4/19/2024,361.52
CUST00667,ORDD01BCEE7,4/21/2025,481.32
CUST00667,ORD14C66172,1/13/2025,60.42
CUST00667,ORD220B4A42,2/1/2025,398.65
CUST00667,ORD4C73712C,8/22/2024,297.91
CUST00667,ORD9A39981B,10/7/2024,91.17
CUST00667,ORDF9515B52,8/19/2024,110.86
CUST00667,ORD2DB59A04,4/19/2024,363.81
CUST00667,ORDBE0B4AB0,8/27/2024,222.4
CUST00668,ORD5FF5658F,8/18/2023,217.63
CUST00668,ORD33EE6AAB,8/21/2024,376.07
CUST00668,ORD32F4F2C1,9/28/2023,409.79
CUST00668,ORDDB0ACD41,12/20/2023,315.23
CUST00668,ORD0D004F97,8/24/2023,307.57
CUST00668,ORD52F96E5C,9/16/2024,220.36
CUST00668,ORD75F28E2B,4/23/2024,287.9
CUST00668,ORD9F914C4C,9/16/2023,193.24
CUST00668,ORDBF78702E,4/9/2024,320.02
CUST00668,ORDB7CD7F99,7/16/2023,41.49
CUST00668,ORDD0B130C0,11/14/2023,91.95
CUST00668,ORD291C5A7F,9/26/2023,26.54
CUST00668,ORD44FB2CC3,8/7/2024,260.56
CUST00668,ORDFE470511,12/20/2023,297.57
CUST00668,ORDA95C07AF,7/28/2024,153.8
CUST00669,ORD62A10ED1,9/22/2024,182.6
CUST00669,ORDF85ED8AE,3/31/2025,24.67
CUST00669,ORDECC30D79,3/22/2024,98.15
CUST00669,ORD03B16F66,4/2/2024,168.11
CUST00669,ORD5BE5517E,3/13/2024,397.54
CUST00669,ORD5E8477EE,3/31/2025,185.29
CUST00669,ORD9BEFBD88,8/24/2024,45.59
CUST00669,ORD3E2D94FB,11/11/2024,331.91
CUST00669,ORD5A5DBFFE,1/31/2025,192.26
CUST00669,ORDD7613DD2,4/25/2025,391.96
CUST00669,ORD551D00A3,4/28/2025,69.93
CUST00669,ORD3476AF03,4/14/2024,166.11
CUST00669,ORD55A01ED1,4/4/2024,15.34
CUST00669,ORD05FFE9E9,7/19/2024,171.15
CUST00669,ORD2BB815CF,4/26/2025,238.03
CUST00669,ORDF5B2E500,2/28/2025,399.67
CUST00669,ORDE1D90B4C,4/19/2024,450.38
CUST00670,ORD6DFDEAC2,11/22/2024,42.46
CUST00670,ORD53AC9DC0,3/4/2024,148.97
CUST00670,ORDF659E135,8/8/2024,113.97
CUST00670,ORD170F5A27,3/11/2024,116.56
CUST00670,ORDD99774E8,3/25/2024,284.87
CUST00670,ORD0EE9F65D,2/16/2024,360.97
CUST00670,ORD26A2B840,2/22/2024,473.67
CUST00670,ORDC8863A2A,3/13/2025,405.64
CUST00670,ORDC382CE8F,10/10/2024,338.96
CUST00670,ORDF315651D,3/23/2024,291.23
CUST00670,ORD01F44C3E,9/12/2023,326.67
CUST00670,ORDF33E9CD7,3/18/2025,344.24
CUST00670,ORD86FD31D7,4/9/2024,223.25
CUST00670,ORD9B289763,3/25/2025,408.56
CUST00670,ORD5A6D16AF,4/1/2024,107.09
CUST00670,ORDC3036622,11/22/2024,34.33
CUST00670,ORD5A7716B7,12/19/2023,252.03
CUST00670,ORD9733FB1F,12/7/2024,32.93
CUST00671,ORD8EA9CC54,5/14/2024,216.41
CUST00671,ORDDBDF78D4,7/13/2024,70.81
CUST00671,ORD1B9ECFF7,10/19/2024,93.86
CUST00671,ORD4B58A9D6,9/18/2023,170.17
CUST00671,ORDD949BBB1,12/21/2024,197.6
CUST00671,ORD4BBA3B94,1/28/2024,292.44
CUST00671,ORD0A6F45D9,7/29/2024,149.67
CUST00671,ORD4CE87278,1/31/2025,325.4
CUST00671,ORDEEF3FBB5,8/15/2024,429.49
CUST00672,ORD37701876,4/22/2024,456.71
CUST00673,ORDFFBCD589,11/7/2023,74.22
CUST00673,ORD542426DE,3/31/2025,483.76
CUST00673,ORD3E41A805,11/2/2023,28.13
CUST00673,ORDB58520F7,4/25/2024,271.4
CUST00673,ORD87F68A1C,9/6/2024,268.48
CUST00673,ORD89C52DD8,11/30/2023,175.32
CUST00673,ORD68AA08B3,9/6/2024,17.97
CUST00673,ORD43A68F82,11/8/2023,240.25
CUST00673,ORD50EA9BEB,12/27/2023,416.63
CUST00673,ORDF6D00DF0,7/20/2024,213.39
CUST00674,ORD36836DA8,1/16/2025,144.59
CUST00674,ORDCAE793B1,2/13/2025,379.31
CUST00674,ORDF1D3188C,11/8/2024,206.17
CUST00674,ORD1A799CDD,1/30/2024,282.66
CUST00674,ORD1DEE2F8B,4/16/2024,163.46
CUST00674,ORD76B65EA7,12/11/2023,310.04
CUST00674,ORD4EC0F1AF,12/19/2023,202.73
CUST00674,ORD40AF9BE4,10/27/2023,351.26
CUST00674,ORDBDB16E00,1/14/2025,232.75
CUST00674,ORDDCE5FADB,10/7/2024,425.85
CUST00675,ORDA32CB038,5/20/2024,423.11
CUST00675,ORD1D5F6307,1/30/2025,469.47
CUST00675,ORD1E393562,3/16/2024,60.34
CUST00675,ORD1D4B08E0,12/28/2024,119.77
CUST00676,ORD7B8FC7A8,6/10/2024,77.98
CUST00677,ORD6F1A4C05,6/24/2024,432.08
CUST00677,ORDDC7CE1D0,2/16/2024,364.88
CUST00677,ORD5B508E34,4/7/2025,120.91
CUST00677,ORD5E40485C,12/22/2023,53.13
CUST00677,ORDE27553BF,1/11/2024,364.81
CUST00677,ORD28D7F7E3,2/10/2025,408.02
CUST00677,ORDADFA1755,5/25/2024,409.91
CUST00677,ORDB035E6A8,3/12/2025,273.4
CUST00677,ORD20862574,8/16/2024,12.42
CUST00677,ORD80BE54CF,6/12/2024,347.24
CUST00677,ORDDC21C809,1/8/2024,35.72
CUST00678,ORD55740039,12/9/2023,64.29
CUST00678,ORDFC0F1FA3,7/10/2024,474.1
CUST00679,ORDF45CEDDD,9/3/2024,139.23
CUST00679,ORDD6BC3F0A,1/17/2024,347.08
CUST00679,ORD84BA49AD,7/31/2024,397.9
CUST00680,ORD13F8E72D,12/2/2024,142.26
CUST00680,ORDA65088D9,4/3/2024,93.47
CUST00680,ORDDE452177,12/7/2024,77.5
CUST00680,ORD3ACE5884,11/14/2024,235.74
CUST00680,ORD253246A9,3/26/2024,71.88
CUST00680,ORD09DFACA1,6/13/2024,432.33
CUST00680,ORD6E9DDEC3,4/12/2024,378.99
CUST00680,ORDEDA108D2,9/11/2023,445.02
CUST00680,ORDCA0E8D9B,9/26/2023,483.26
CUST00680,ORD6585CA2C,12/20/2023,212.51
CUST00680,ORDD69CD438,2/18/2025,228.92
CUST00680,ORDF511342F,7/25/2024,69.96
CUST00680,ORD3CF9934C,9/29/2023,268.52
CUST00681,ORD06BE97E4,6/21/2024,244.18
CUST00681,ORD3A99E733,8/1/2024,250.15
CUST00681,ORD74DA85F4,10/12/2024,147.47
CUST00681,ORD122F2F71,3/9/2025,388.6
CUST00681,ORD381F90A1,1/20/2025,246.53
CUST00681,ORD25DF4683,9/28/2024,54.98
CUST00681,ORDE77B8BD2,11/1/2024,385.44
CUST00681,ORDA4A24F7B,4/10/2025,358.58
CUST00681,ORDFFD4430D,9/4/2024,182.97
CUST00681,ORD3AEDCC91,5/20/2024,419.42
CUST00681,ORD55D05342,4/13/2024,128.76
CUST00681,ORD2086CA95,8/27/2024,327.1
CUST00681,ORDC65467BF,9/21/2024,429.37
CUST00681,ORD0E9F5AA8,3/20/2024,350.53
CUST00681,ORD3EA93C2E,9/15/2024,46.82
CUST00681,ORD33FA8477,4/17/2025,252.36
CUST00681,ORDA24594F1,4/5/2025,114.11
CUST00681,ORDDEDEEFA9,4/25/2024,338.54
CUST00681,ORD16834A65,4/9/2024,239.39
CUST00682,ORDE5BAE359,9/29/2024,102.08
CUST00682,ORDCFD6C1CD,4/16/2025,61.22
CUST00682,ORD3F1C46A8,6/28/2024,112.24
CUST00682,ORD65F6D151,11/11/2024,299.36
CUST00682,ORDD0571017,10/5/2024,268.55
CUST00682,ORD0CF51457,2/23/2025,430.64
CUST00682,ORDA40A17E4,5/2/2024,382.64
CUST00682,ORDAC193FE1,5/27/2024,162.79
CUST00682,ORD653DED86,4/2/2024,232.47
CUST00682,ORD6D98A957,10/31/2024,85.46
CUST00682,ORD7D16156D,5/30/2024,257.21
CUST00682,ORD9854E61D,11/5/2024,457.92
CUST00682,ORDFFB7DF17,2/15/2025,117.2
CUST00683,ORD138FD881,1/28/2024,198.93
CUST00683,ORD4BFD6A5C,10/3/2023,231.69
CUST00683,ORDF2208326,6/24/2024,314.03
CUST00683,ORD62908897,3/22/2025,109.48
CUST00683,ORDA976956A,4/3/2025,206.1
CUST00683,ORD12E360CA,10/3/2024,43.63
CUST00683,ORD64FDDB64,9/9/2024,217.32
CUST00683,ORDB9852D20,9/25/2023,346.27
CUST00683,ORD60DCF516,3/22/2025,476.23
CUST00683,ORDC8AF4B19,6/8/2023,292.85
CUST00683,ORDF6A7C2F6,8/26/2023,60.01
CUST00683,ORD0400C25F,5/15/2023,235.87
CUST00684,ORDA85282D0,7/2/2024,375.06
CUST00684,ORD9187205F,10/12/2024,127.88
CUST00684,ORDD53A7F68,2/7/2024,448.11
CUST00684,ORDE35A7398,5/2/2024,101.64
CUST00685,ORD3021F0D5,6/6/2024,243.36
CUST00686,ORD16814236,5/3/2024,231.79
CUST00686,ORDE9540DD0,7/15/2024,140.13
CUST00686,ORD97DC9485,10/25/2023,464.19
CUST00686,ORD5F97D54B,7/18/2023,51.19
CUST00686,ORD15BE57DC,1/25/2024,221.42
CUST00686,ORD0971BC3E,6/20/2023,83.8
CUST00686,ORD1A6809EA,12/23/2024,256.07
CUST00686,ORD14D50C9D,4/18/2024,258.88
CUST00686,ORD9BBE4AD9,10/10/2023,36.05
CUST00686,ORD68F25BC6,12/24/2023,143.57
CUST00686,ORD4D8DA24A,1/12/2025,57.93
CUST00686,ORD5535B478,10/18/2024,327.82
CUST00686,ORDBB495950,7/10/2023,368.68
CUST00686,ORD3B7AF4AA,7/20/2024,217.07
CUST00686,ORD6DA024A4,5/17/2024,154.06
CUST00686,ORD65C51BD8,2/12/2024,207.32
CUST00686,ORD39E05047,6/4/2024,301.08
CUST00687,ORD6B7D371F,2/19/2024,307.65
CUST00687,ORD87D32FEC,7/4/2024,264.12
CUST00687,ORD47C4ACC4,6/27/2024,63.5
CUST00687,ORDFA1E17E2,3/30/2024,34.44
CUST00687,ORD87040BD0,8/12/2023,131.98
CUST00687,ORD2CD1CE82,12/12/2023,64.43
CUST00687,ORD77DE7CFC,11/3/2024,66.44
CUST00687,ORDF051A8D3,3/27/2024,448.58
CUST00687,ORDB01263D8,9/23/2023,291.86
CUST00687,ORD2682DD78,5/10/2024,127
CUST00687,ORD409CA128,2/24/2024,270.74
CUST00687,ORD9D89D517,3/19/2025,144.98
CUST00687,ORDC56F0B05,1/5/2025,442.47
CUST00687,ORD18ADD190,8/15/2023,352.76
CUST00687,ORD743FC920,12/11/2023,208.23
CUST00687,ORDFB36866B,8/4/2023,202.51
CUST00687,ORD94606524,4/15/2025,117.75
CUST00688,ORDAD1618A4,1/13/2025,252.63
CUST00688,ORD6A57221F,7/5/2024,93.8
CUST00688,ORD1DB56EB4,3/6/2024,109.75
CUST00688,ORDEF09B6A5,12/5/2023,322.08
CUST00688,ORD71A11F69,7/28/2024,355.87
CUST00688,ORD1A9A79DC,4/21/2025,151.11
CUST00688,ORD7A6C4133,2/2/2024,11.52
CUST00688,ORD11403DCD,1/30/2024,100.69
CUST00688,ORD3DF0B72F,2/5/2025,454.81
CUST00689,ORD4D29D12C,12/9/2024,243.61
CUST00689,ORD8D75D0FB,6/7/2024,159.61
CUST00689,ORD556A572E,3/27/2025,454.27
CUST00689,ORD051BE93C,2/6/2024,126.92
CUST00689,ORD707386E6,7/6/2024,164.41
CUST00689,ORD3020BF52,11/9/2023,44.03
CUST00689,ORD0C9A2B4A,6/24/2024,101.8
CUST00689,ORDA15B6071,9/28/2023,450.94
CUST00689,ORDA7FB9F9D,10/8/2023,79.5
CUST00689,ORD7FF89BEC,1/13/2025,16.24
CUST00689,ORDE54ECBB6,9/5/2024,242.55
CUST00689,ORDFDDE7E91,5/29/2024,173.69
CUST00689,ORD57F8DAA6,4/22/2024,96.98
CUST00689,ORDB09130D6,11/11/2023,139.28
CUST00689,ORDDC608987,2/16/2025,47.72
CUST00689,ORD030E2DAF,4/20/2024,342.81
CUST00689,ORD6B3A5B93,10/7/2023,428.01
CUST00689,ORDBAEDD809,3/18/2024,301.06
CUST00689,ORDF74DDC31,2/6/2025,485.08
CUST00689,ORD27DB91AF,12/22/2023,295.75
CUST00690,ORDD5933550,3/7/2025,437.88
CUST00690,ORDEE9E6404,1/24/2025,241.56
CUST00690,ORD968838AE,5/23/2024,32.14
CUST00690,ORD24F8B361,4/1/2024,18.52
CUST00690,ORD8BC84846,9/14/2024,343.22
CUST00690,ORD851F0426,3/21/2024,152.42
CUST00690,ORD0BDED21C,10/8/2024,121.86
CUST00690,ORDA6F2AAA1,4/26/2024,256.54
CUST00690,ORDB05914CE,3/2/2025,379.95
CUST00690,ORDCE0C77C5,12/4/2024,389.88
CUST00690,ORDDFDE9E36,12/2/2023,59
CUST00690,ORDF255F291,11/14/2024,403.91
CUST00690,ORD377957D8,5/19/2024,174.48
CUST00690,ORDB09FDEFD,1/25/2024,250.42
CUST00690,ORD29C198AB,2/26/2025,181.88
CUST00690,ORDEF319F52,2/14/2024,277.4
CUST00691,ORDA58D917E,4/8/2024,134.23
CUST00691,ORDF08DDCB4,7/26/2024,234.79
CUST00691,ORD16644CC5,2/19/2024,415.6
CUST00691,ORDEC1FCF3B,10/4/2024,157.56
CUST00691,ORDEEF4C26C,9/28/2023,173.53
CUST00691,ORDB452DA81,4/26/2025,263.74
CUST00691,ORD388F7297,11/7/2024,335.33
CUST00691,ORDEBB0943D,3/29/2025,433.91
CUST00691,ORD12F5E9C2,9/24/2023,423.41
CUST00691,ORDC915A8F8,11/9/2024,247.33
CUST00691,ORD4C93EC87,6/28/2024,142.27
CUST00691,ORD65AEAA1B,1/30/2024,264.46
CUST00691,ORDC2BD9FDC,8/28/2023,323.5
CUST00691,ORDCF5AFF08,2/6/2024,82.47
CUST00691,ORD5ACFBD4F,8/30/2023,211.06
CUST00691,ORD17A8F42B,3/21/2024,117.93
CUST00692,ORD4D0B41C0,8/21/2023,185.03
CUST00692,ORDD1059670,4/23/2025,25.14
CUST00692,ORD16F07A95,12/21/2024,293.02
CUST00692,ORD2FAE5B82,7/29/2024,350.94
CUST00692,ORD01A31AFF,11/13/2024,221.05
CUST00693,ORDC09138F2,4/2/2025,374.74
CUST00693,ORD3FA459E3,8/31/2024,104.98
CUST00693,ORD9A732BB8,5/22/2024,477.86
CUST00693,ORDF670712B,10/21/2024,322.98
CUST00693,ORD7C8D0E73,12/18/2023,483.07
CUST00693,ORDEB81EF39,11/26/2023,439.8
CUST00693,ORD61C0C9A5,11/22/2023,342.61
CUST00694,ORD7F9CDECA,4/21/2025,493.79
CUST00694,ORD58DFFE21,12/27/2024,439.29
CUST00694,ORDBEDECF30,1/1/2025,95.73
CUST00694,ORDFA8FD869,1/19/2025,456.06
CUST00694,ORDDC403F5C,2/25/2025,180.93
CUST00694,ORD8E9A8845,7/18/2024,172.29
CUST00694,ORD70F213C1,12/28/2024,298.68
CUST00694,ORDE72FBE74,8/17/2024,473.18
CUST00694,ORDBDF870DA,3/31/2024,145.36
CUST00694,ORDCF03579D,2/8/2024,103.38
CUST00694,ORD1E1D2B94,12/29/2024,293.96
CUST00694,ORD41EAD7E5,4/26/2024,353.9
CUST00694,ORDE689106A,5/9/2024,418.74
CUST00694,ORD1B9E90D3,4/26/2025,70.25
CUST00694,ORDE0E1139D,7/15/2024,399.71
CUST00695,ORD8365CC73,4/16/2025,484.39
CUST00695,ORD58619443,4/16/2024,398.25
CUST00695,ORD93D852DB,7/17/2023,151.32
CUST00695,ORD8D0944CC,11/15/2023,485.04
CUST00695,ORD3941D032,8/27/2024,254.47
CUST00695,ORD84869E01,4/30/2024,345.91
CUST00695,ORDB0F374D6,12/21/2023,238.5
CUST00695,ORDF299B954,6/24/2023,83.61
CUST00695,ORD9B85FD28,5/27/2023,483.67
CUST00695,ORDF1364763,2/12/2025,315.66
CUST00695,ORD9E719780,1/25/2025,335.52
CUST00695,ORD4A7F2D38,9/15/2023,158.79
CUST00695,ORD38CCA98F,9/30/2024,151.25
CUST00695,ORD37E46714,10/28/2024,401.89
CUST00695,ORD5C5734FE,3/9/2024,17.64
CUST00695,ORD4CE3FB6D,6/4/2023,30.07
CUST00695,ORD05DCB721,12/8/2024,148.68
CUST00695,ORDF29D69B8,5/26/2023,300.61
CUST00695,ORD7225440F,11/29/2024,36.06
CUST00696,ORD3A4420CE,1/20/2025,12.49
CUST00696,ORD4B4FE216,2/10/2025,182.61
CUST00696,ORD91232DAC,7/4/2024,418.71
CUST00696,ORD9D4D556B,2/2/2025,34.45
CUST00696,ORD1F2483AF,4/22/2024,77.48
CUST00696,ORD4E56F900,3/18/2025,440.57
CUST00696,ORDA69D6EF0,7/27/2024,394.78
CUST00696,ORD5055ED1D,9/29/2024,255.98
CUST00696,ORDB5E85A4B,11/22/2024,479.68
CUST00696,ORD7F976CA3,12/2/2024,284.77
CUST00697,ORD484D8A89,8/23/2024,359.47
CUST00697,ORDC6FBF4EB,7/6/2024,79.9
CUST00697,ORDF82B361F,4/29/2024,369.2
CUST00698,ORDCF1067F1,1/2/2024,296.76
CUST00698,ORD49E84893,12/23/2023,49.55
CUST00698,ORDD6017F80,9/27/2023,117.24
CUST00698,ORD24C28CF1,2/2/2024,241.86
CUST00698,ORD90F12CAF,3/7/2024,183.77
CUST00698,ORDAE08D914,2/26/2025,407.74
CUST00698,ORD22564B8E,7/20/2024,322.15
CUST00698,ORDA12E6D15,12/29/2023,217.06
CUST00698,ORD78EFEE6C,6/7/2024,483.78
CUST00698,ORDB31A7C25,10/25/2023,58.09
CUST00698,ORD94EF9AA4,4/26/2025,138.02
CUST00698,ORD362832B4,12/7/2024,157.99
CUST00698,ORD2BE0E04A,4/19/2025,162.26
CUST00698,ORD101B5A90,8/31/2024,286.31
CUST00699,ORD14D560CA,3/15/2025,404.15
CUST00699,ORD184CC81B,4/6/2024,78.2
CUST00699,ORDD7BC03E5,6/15/2024,386.15
CUST00699,ORD06142F3D,11/28/2023,132.51
CUST00699,ORDD84CC275,5/2/2024,213.99
CUST00699,ORD1A6FF836,7/13/2024,107.77
CUST00699,ORD4EAAE35E,12/31/2023,159.45
CUST00699,ORD6F880E26,10/13/2024,155.69
CUST00699,ORD5D78BD56,8/10/2024,464.29
CUST00699,ORD311BDC35,6/29/2024,235.97
CUST00699,ORD2CAD7690,12/14/2023,99.85
CUST00700,ORD0DD6171F,2/7/2025,57.06
CUST00700,ORD108018A0,12/2/2024,268.02
CUST00700,ORD95BE121F,12/1/2024,350.13
CUST00700,ORDCA395849,2/29/2024,256.87
CUST00700,ORD627EE348,3/20/2024,345.73
CUST00700,ORD9AC7A388,5/22/2024,185.2
CUST00700,ORDD1081ED6,10/29/2023,183.55
CUST00700,ORD3941E2AF,8/22/2024,238.61
CUST00700,ORD7B875F82,12/8/2023,481.11
CUST00700,ORDCEF1DCC3,5/24/2024,236.03
CUST00700,ORD49787732,2/14/2025,457.15
CUST00700,ORDD976236F,9/27/2024,22.95
CUST00700,ORDE30C2F7C,9/13/2024,385.72
CUST00700,ORD12FBD7C9,6/21/2024,53.33
CUST00701,ORD80BEDEFB,4/16/2025,311.45
CUST00701,ORDA09851B3,7/16/2024,158.17
CUST00701,ORD2D5D7D6D,4/17/2025,128.9
CUST00701,ORDFB381B16,3/11/2025,260.98
CUST00701,ORDFD4495D3,11/6/2023,72.36
CUST00702,ORD344489B4,9/2/2024,450.96
CUST00702,ORD6566FEDB,1/13/2025,440.12
CUST00702,ORD84B3949C,8/28/2024,36.23
CUST00702,ORD6449AF4F,12/31/2023,424.1
CUST00702,ORDBA086B36,12/14/2024,71.71
CUST00702,ORD61EBC5BD,5/5/2024,338.34
CUST00702,ORD3D4D0BEE,7/1/2024,236.78
CUST00702,ORDDC131F8E,10/27/2024,383.87
CUST00702,ORD7A30BDEA,3/4/2024,263.82
CUST00702,ORDAEBBF4D8,3/30/2025,421.21
CUST00702,ORD06B5F69B,8/24/2024,51.48
CUST00702,ORD14F5732B,6/21/2024,142.39
CUST00702,ORD81176EB2,8/30/2024,493.23
CUST00702,ORD7588744A,9/29/2024,62.45
CUST00702,ORD967D738A,7/20/2024,301.23
CUST00702,ORDFED40A50,3/29/2025,412.75
CUST00702,ORDDC5D7F93,8/29/2024,287.07
CUST00702,ORD730EC6B2,12/14/2024,348.39
CUST00703,ORDD29F852D,10/8/2024,69.51
CUST00703,ORD82356219,1/19/2025,296.46
CUST00704,ORD26EACD42,4/22/2024,372.29
CUST00704,ORD421017F3,9/12/2024,35.98
CUST00704,ORDBB22ED1D,2/10/2024,110.48
CUST00704,ORDF5CF8D61,8/3/2024,80.63
CUST00704,ORD3D48ABD2,3/9/2024,372.81
CUST00704,ORDFE200848,7/24/2023,252.7
CUST00704,ORD1259DBF9,11/6/2023,119.54
CUST00704,ORD7356F4C1,3/19/2025,341.08
CUST00704,ORD5199F3FF,7/15/2024,427.61
CUST00704,ORDD5C16647,3/2/2025,157.44
CUST00704,ORDBE5668F1,1/18/2025,162.34
CUST00704,ORD9E30D17B,7/7/2023,494.69
CUST00704,ORD57E552EC,7/13/2024,13.16
CUST00704,ORDF332DC0B,7/28/2023,247.63
CUST00704,ORD3D329406,2/27/2025,347.01
CUST00704,ORD377A0A7A,9/10/2024,66.21
CUST00704,ORD950BC2F6,10/8/2024,10.02
CUST00705,ORD90680DC2,11/27/2024,441.15
CUST00705,ORDD2ECAC34,10/15/2024,264.71
CUST00705,ORD01217BB1,3/13/2025,131.13
CUST00705,ORDD0E62FEB,6/19/2024,60.77
CUST00705,ORDF4B42D1E,12/17/2024,22.08
CUST00705,ORD71641A9E,11/20/2024,257.84
CUST00705,ORD30F375FF,7/22/2024,201.45
CUST00705,ORD919E153D,11/3/2024,463.76
CUST00705,ORD8CB11A59,9/23/2024,156.96
CUST00705,ORD56FE3734,4/7/2024,247.02
CUST00705,ORD9A7A5808,2/27/2025,100.18
CUST00705,ORD83942F02,4/1/2024,125.11
CUST00705,ORD013D4625,7/1/2024,425.39
CUST00705,ORD7811EFC4,1/23/2025,137.53
CUST00705,ORD9D56B3E8,4/28/2024,310.25
CUST00705,ORD1EB197BD,11/3/2024,225.17
CUST00705,ORD43C66C46,1/14/2025,332.5
CUST00705,ORDE6979816,12/2/2024,70.37
CUST00705,ORD948A9079,4/21/2024,81.66
CUST00705,ORD2A56784E,2/18/2025,20.61
CUST00706,ORDB7FDE90F,3/8/2025,411.09
CUST00706,ORD25BF858F,3/18/2025,332.16
CUST00706,ORDA73C282D,9/5/2024,93.68
CUST00706,ORDAD2A5E05,12/30/2024,373.42
CUST00706,ORDDC8C6FC1,2/4/2025,277.87
CUST00707,ORD8C2FC132,11/16/2023,245.43
CUST00707,ORDDC1305A5,7/9/2023,151.83
CUST00707,ORDA463F701,8/19/2023,59.01
CUST00707,ORDB0A5472B,12/21/2023,298.49
CUST00707,ORDD89FBF34,3/15/2025,190
CUST00707,ORDDFEE419F,9/11/2023,144.84
CUST00707,ORD738D3E68,2/6/2024,199.05
CUST00707,ORD6D728439,8/13/2023,401.93
CUST00707,ORDC99FB8EC,11/20/2023,237.34
CUST00707,ORD90031171,1/27/2024,408.61
CUST00707,ORD58E7AD21,2/24/2024,82.6
CUST00707,ORD7712937B,2/17/2024,148.88
CUST00707,ORD9189DE33,10/3/2023,68.86
CUST00707,ORDAB25513E,6/7/2024,200.82
CUST00707,ORD40003FC1,2/26/2025,294.46
CUST00707,ORD2E355782,6/2/2024,26.7
CUST00708,ORD7BD5B210,12/31/2024,227.79
CUST00708,ORD48311CB2,1/20/2025,454.97
CUST00708,ORD5EF1F6A2,3/5/2025,183.82
CUST00708,ORD6431EFA1,12/6/2024,78.26
CUST00708,ORDD1997102,5/2/2024,442.39
CUST00708,ORD36BB91D0,7/3/2024,234.59
CUST00708,ORD60193EBA,11/3/2024,14.47
CUST00708,ORDCBAAA0B2,12/27/2023,87.57
CUST00708,ORD842A3C1D,7/5/2024,255.31
CUST00708,ORDD700DD12,10/1/2023,431.9
CUST00708,ORD17B26FCA,11/4/2024,113.28
CUST00708,ORDAB32F0F8,4/25/2025,452.25
CUST00708,ORDE5408698,11/6/2023,267.28
CUST00708,ORD7C3A0E8A,8/8/2024,261.39
CUST00708,ORD652A559E,3/30/2025,95.5
CUST00708,ORDE98E2DD3,3/24/2025,84.19
CUST00708,ORDBC6E588C,3/23/2024,331.41
CUST00708,ORD224BFA1F,10/3/2024,285.94
CUST00708,ORD5982A3DC,3/28/2025,235.15
CUST00708,ORD0B8EBF9A,2/2/2025,430.75
CUST00709,ORD63053753,10/20/2024,146.39
CUST00709,ORD2E1EE548,6/28/2024,383.68
CUST00709,ORDE5DCC77E,1/2/2025,158.44
CUST00709,ORD6C0ED542,4/28/2024,203.03
CUST00709,ORDFCBBD7AB,11/7/2024,458.92
CUST00710,ORD164C6FEA,7/28/2024,194.5
CUST00710,ORDC93FBCC5,1/2/2025,241.16
CUST00710,ORDE05D090C,10/27/2024,332.9
CUST00710,ORD9453B8E1,3/30/2025,292.26
CUST00710,ORD3E2C8B08,6/29/2024,464.43
CUST00710,ORD19DDC0F6,2/23/2025,389.95
CUST00710,ORD1DDFE517,4/8/2025,267.46
CUST00710,ORDB7B91D77,6/18/2024,73.42
CUST00710,ORD79FA1DE1,7/19/2024,168.8
CUST00710,ORDA97F34C7,4/13/2024,478.05
CUST00710,ORD25A10B21,10/20/2024,180.57
CUST00710,ORD100574D9,8/2/2024,312.56
CUST00710,ORDFD46B45D,2/24/2024,207.85
CUST00710,ORD434D3A79,8/6/2024,32.02
CUST00710,ORD708FCAE8,6/9/2024,427.5
CUST00710,ORDA9A5FFD1,5/7/2024,88
CUST00711,ORD8A8CB5DC,6/19/2024,335.98
CUST00711,ORD5D75B6CC,12/29/2023,254.72
CUST00711,ORD417AF1B1,12/27/2023,342.87
CUST00711,ORD5C3A2737,4/9/2025,168.59
CUST00712,ORDE1B11B8F,12/30/2024,490.85
CUST00712,ORD47AA4D4B,5/2/2024,406.19
CUST00712,ORD2CFE7671,12/20/2023,369
CUST00712,ORD8AF0F3C0,9/15/2024,125.94
CUST00712,ORD8C3F30F6,9/21/2024,450.9
CUST00712,ORDE9FB551E,10/28/2024,95.26
CUST00712,ORDD2C28900,1/6/2025,447.31
CUST00712,ORD16934488,5/31/2024,380.35
CUST00713,ORD0BA8E6E9,11/9/2024,461.96
CUST00713,ORD9969988F,1/29/2024,40.34
CUST00713,ORD9AD37CCC,2/26/2024,132.74
CUST00713,ORD1C0608C1,2/28/2025,28.33
CUST00713,ORD5DC7030B,6/10/2024,377.47
CUST00713,ORD5D0053C5,12/22/2024,226.35
CUST00713,ORD85E119AB,11/8/2024,193.42
CUST00713,ORD81DF3142,1/11/2025,319.33
CUST00713,ORD9902B985,1/17/2024,24.44
CUST00713,ORD20044184,3/12/2024,95.29
CUST00713,ORD41FBC299,4/16/2024,62.75
CUST00713,ORD521EB7E8,9/29/2024,230.26
CUST00713,ORDBA16FF2F,1/14/2024,75.28
CUST00713,ORD05872EAE,6/3/2024,322.32
CUST00714,ORD77BEA909,7/19/2024,107.87
CUST00714,ORDD47AD212,4/19/2025,133.72
CUST00714,ORD61FF5CB1,11/8/2024,224.38
CUST00714,ORD5485A7C7,7/11/2024,150.18
CUST00714,ORDDB4ED75E,10/7/2024,108.58
CUST00714,ORD62BA47DC,3/8/2025,89.42
CUST00714,ORD6EFC9D76,3/28/2025,408.78
CUST00714,ORD9F8EFC9B,4/12/2025,406.25
CUST00714,ORDE230CB55,3/27/2025,104.22
CUST00714,ORD9F4190E2,12/31/2023,295.23
CUST00714,ORD608DFD57,2/27/2024,318.27
CUST00714,ORDD4D216FE,3/7/2025,337.64
CUST00714,ORD33096021,11/29/2024,109.73
CUST00714,ORDB81C8B90,4/7/2024,406.9
CUST00714,ORD0597C8A3,3/22/2024,447.71
CUST00714,ORDEB57AE6D,3/3/2024,186.18
CUST00714,ORD5F80AC5A,7/6/2024,209.93
CUST00714,ORD35BE2A47,4/12/2025,277.82
CUST00715,ORDE6324D30,6/29/2024,176.95
CUST00715,ORD02C38C1D,2/23/2024,344.36
CUST00715,ORD16FA3B73,2/14/2025,479.29
CUST00716,ORD7007EC39,1/9/2025,253.13
CUST00716,ORDB3F9FD99,3/16/2024,417.88
CUST00716,ORD682F188D,8/28/2023,289.48
CUST00716,ORD76DAEE07,3/30/2025,242.13
CUST00716,ORD9E4438C9,4/11/2025,182.53
CUST00716,ORD5963DCD3,7/8/2024,313.05
CUST00716,ORDFDEC09A9,7/24/2024,283.76
CUST00716,ORDF8DF02CB,5/21/2024,77.56
CUST00716,ORDADFA7235,9/12/2024,42.91
CUST00716,ORD59B61AC0,7/24/2023,219.48
CUST00716,ORD5828F48A,11/18/2023,194.3
CUST00716,ORD565461F3,9/4/2023,44.73
CUST00716,ORDB996F0DF,3/20/2024,48.29
CUST00716,ORD495BAA69,8/30/2024,393.37
CUST00716,ORDE38A1C69,5/22/2024,156.13
CUST00716,ORD5E2CCB8A,10/17/2024,67.78
CUST00716,ORD4DE39A30,1/24/2025,122.98
CUST00717,ORD81ABEFDC,9/1/2024,274.86
CUST00717,ORD0DD51BE8,3/2/2025,21.05
CUST00717,ORDEE763FEE,11/28/2024,412.45
CUST00717,ORDA0E0112C,7/15/2024,152.05
CUST00717,ORD98F987C1,7/24/2024,415.79
CUST00717,ORD7462F10B,3/31/2025,201.31
CUST00717,ORD9376F7A6,11/7/2024,185.37
CUST00717,ORD2A4A70C5,10/7/2024,437.5
CUST00717,ORD859EF912,8/18/2024,87.35
CUST00717,ORD8B9F95ED,8/1/2024,151.15
CUST00717,ORD03CAF578,8/17/2024,271.87
CUST00717,ORD0012427D,3/8/2025,128.29
CUST00717,ORD954B92E3,10/28/2024,263.7
CUST00717,ORD766E903B,1/21/2025,309.51
CUST00717,ORD10EBFD08,5/4/2024,163
CUST00717,ORD8B4CD812,2/5/2025,313.14
CUST00717,ORD6449D619,1/13/2025,277.51
CUST00717,ORDBC9844A1,9/5/2024,446.99
CUST00717,ORDC8DCBF8F,6/23/2024,295.56
CUST00717,ORD74B3F365,3/6/2025,469.09
CUST00718,ORDCDB31562,9/29/2024,330.08
CUST00718,ORD66313E7F,2/8/2025,25.81
CUST00718,ORD43DBC6D4,7/24/2024,216.49
CUST00718,ORD25082211,3/27/2024,108.25
CUST00718,ORD3114920A,11/17/2024,445.13
CUST00718,ORD89D11580,1/24/2025,39.1
CUST00718,ORD8250B9B0,4/2/2025,110.07
CUST00718,ORD614C9578,1/25/2025,410.21
CUST00718,ORD4E8BFEDC,7/6/2024,171.51
CUST00719,ORD98C6D496,8/16/2024,125.45
CUST00719,ORD65A3DD5B,2/5/2025,45.73
CUST00720,ORDA1626E38,3/20/2024,453.12
CUST00720,ORD456DDAF8,12/11/2024,354.51
CUST00720,ORD087EE84C,1/7/2025,385.13
CUST00720,ORD39FC7F36,5/8/2024,27.33
CUST00720,ORD0D3C4BA9,1/21/2024,490.72
CUST00720,ORD571499B7,12/28/2024,475.45
CUST00720,ORD0581422B,7/26/2023,303.09
CUST00720,ORDE1FA6ECE,7/4/2023,310.09
CUST00720,ORD3BC574EF,10/15/2024,49.49
CUST00720,ORD7D1C1454,5/7/2024,280.2
CUST00720,ORD72C978C7,4/4/2025,473.83
CUST00720,ORDD5CAC1F7,5/6/2024,142.55
CUST00720,ORD197587C9,5/11/2024,30.45
CUST00720,ORDC43F60E9,3/20/2024,27.44
CUST00720,ORD10073C26,12/15/2024,258.73
CUST00720,ORD565975A7,9/28/2024,328.67
CUST00720,ORDA1E0F779,7/9/2024,221.44
CUST00720,ORD55FC6FB6,12/3/2024,158.67
CUST00720,ORD9FFF031D,11/25/2024,426.42
CUST00721,ORDDECB844A,2/9/2024,20.51
CUST00721,ORD947B5FFE,3/6/2025,37.12
CUST00721,ORDFBAA339C,7/11/2024,389.07
CUST00721,ORDC54A7226,7/5/2024,407.57
CUST00721,ORD117302A9,7/29/2024,271.75
CUST00721,ORD6254259C,1/24/2025,431.54
CUST00721,ORD9D8691D9,5/10/2024,344.15
CUST00721,ORD622C680C,6/27/2024,371.58
CUST00722,ORDB8AA4AF0,10/31/2023,246.26
CUST00722,ORD17149879,10/5/2024,199.69
CUST00722,ORD2298228D,1/9/2025,194.84
CUST00722,ORDD84FD358,1/29/2025,71.37
CUST00722,ORD8657341D,11/29/2023,353.66
CUST00722,ORD7A45299A,3/19/2025,279.28
CUST00722,ORD895CF6B2,4/14/2024,66.64
CUST00722,ORDDD5215DB,4/29/2025,67.82
CUST00722,ORDBCB60F90,4/6/2025,311.67
CUST00722,ORD722E04E2,5/26/2024,452.74
CUST00722,ORD7494D293,1/13/2024,182.38
CUST00722,ORD728927F4,1/31/2024,178.13
CUST00722,ORD7324FC13,1/31/2024,459.85
CUST00722,ORD9D67A328,1/31/2024,126.7
CUST00722,ORD07FC4B18,8/25/2024,55.08
CUST00722,ORD6BF086D4,11/7/2023,14.92
CUST00722,ORD8857D92B,9/19/2024,212.4
CUST00722,ORDECFB57BB,11/24/2023,378.76
CUST00723,ORD36146F0D,1/6/2024,288.34
CUST00723,ORDB5DDF6A3,4/4/2025,495.56
CUST00723,ORD4D40F444,12/2/2024,17.3
CUST00723,ORDB76011EF,6/24/2024,362.72
CUST00723,ORD349DCDF0,12/26/2024,408.18
CUST00723,ORD0FF97648,8/19/2024,47.54
CUST00723,ORD35673BBD,6/26/2024,72.09
CUST00723,ORD136680BF,7/17/2024,98.49
CUST00723,ORDD316DF66,4/12/2025,31.42
CUST00723,ORDE2FF047E,2/9/2024,181.34
CUST00723,ORD4A2D9EF9,1/24/2025,331.05
CUST00723,ORDD5E0F6A2,8/1/2024,129.68
CUST00723,ORD4EB89340,6/16/2024,153.28
CUST00723,ORD98C3466A,4/1/2025,307
CUST00723,ORD881A4439,8/23/2024,244.56
CUST00723,ORDD3E64B58,3/12/2025,69.96
CUST00723,ORD5E82B7F6,3/22/2025,47.63
CUST00723,ORD6DC106D9,9/30/2024,132.6
CUST00724,ORD01643223,3/21/2024,110.87
CUST00724,ORDEF886047,2/2/2025,355.58
CUST00724,ORD90361C75,3/11/2024,408.58
CUST00724,ORD40A47452,6/24/2024,449.84
CUST00724,ORD7E19C4D5,4/23/2025,430.79
CUST00724,ORD5A699751,3/22/2025,227.34
CUST00724,ORDDB100C4A,3/8/2025,158.33
CUST00724,ORDC05BC71F,12/30/2024,189.8
CUST00724,ORDA921BF4B,10/3/2024,280.19
CUST00724,ORD7C6EEAF9,12/21/2024,435.8
CUST00724,ORD8648F66E,3/30/2024,129.66
CUST00724,ORD9EA6AB36,3/4/2025,447.56
CUST00724,ORD4B1B1113,8/5/2024,166.24
CUST00724,ORDE0B9FF3E,9/21/2024,275.3
CUST00724,ORD54846168,2/3/2025,61.15
CUST00724,ORD900E512F,6/8/2024,179.85
CUST00724,ORD224DB089,4/9/2024,211.31
CUST00724,ORD095C3383,11/21/2024,475.78
CUST00725,ORDE7FF0477,5/20/2024,147.09
CUST00725,ORD5E77A416,11/17/2024,109.74
CUST00725,ORD066E3E58,11/15/2024,77.19
CUST00725,ORD0DB775BD,10/21/2024,488.21
CUST00725,ORDA5AD042C,2/22/2024,122.96
CUST00725,ORDA21E1EE3,9/9/2024,373.54
CUST00725,ORD55110AE5,5/3/2024,113.28
CUST00725,ORD9C025244,11/14/2024,192.47
CUST00725,ORD8655C531,4/23/2024,410.03
CUST00725,ORD2C666784,4/14/2025,79.56
CUST00725,ORDB5B85983,8/24/2024,489.18
CUST00725,ORDB2F1294F,2/23/2024,352.19
CUST00725,ORD405F59FA,3/25/2024,328.45
CUST00725,ORD768FE8BB,8/2/2024,232.34
CUST00725,ORDB1C370A1,6/12/2024,65.98
CUST00725,ORD0137EAF1,3/2/2024,254.46
CUST00726,ORD421D9C1D,3/10/2025,142.45
CUST00726,ORD9363E5C8,3/6/2025,298.24
CUST00727,ORDFEF346DF,4/23/2025,415.32
CUST00727,ORD9F0D911A,1/30/2024,51.4
CUST00727,ORD38D855DD,12/12/2023,146.76
CUST00727,ORD2AB5D83D,4/18/2024,308.78
CUST00727,ORD67DF704D,3/21/2025,252.73
CUST00727,ORDBEC4A9B8,4/27/2025,432.76
CUST00727,ORDF39A4A8A,11/4/2024,198.48
CUST00727,ORDA1B2BD20,3/12/2024,31.76
CUST00727,ORD8CE8F3E6,6/6/2024,110.81
CUST00727,ORDE79D6899,9/19/2024,100.37
CUST00728,ORDF83B4B49,4/5/2025,270.92
CUST00728,ORD02DB35CC,3/7/2024,333.6
CUST00728,ORDFED25733,2/7/2024,25.34
CUST00728,ORD958A4107,11/18/2024,383.87
CUST00728,ORD404E3701,7/31/2024,469.24
CUST00728,ORD59086C73,6/16/2024,455.93
CUST00728,ORDC61BBD8F,6/5/2024,379.69
CUST00728,ORD5BF5E511,6/9/2024,174.75
CUST00728,ORDA204808A,4/4/2024,415.8
CUST00728,ORD986DF385,5/21/2024,138.64
CUST00728,ORD27804247,9/29/2024,379.13
CUST00728,ORDE2B41A41,2/2/2024,116.11
CUST00728,ORDF74D346B,10/25/2024,23.4
CUST00728,ORDF663315E,2/16/2025,365.64
CUST00729,ORD4E33BF7E,12/24/2023,222.7
CUST00729,ORD3DADB805,3/12/2024,219.5
CUST00729,ORD8DFBD8F5,4/27/2024,367.32
CUST00729,ORD172953DA,6/8/2024,370.35
CUST00729,ORD8BC5B83A,4/15/2025,37.99
CUST00729,ORD54E0779E,12/6/2023,63.51
CUST00729,ORD87DBA4D5,10/28/2024,200.17
CUST00729,ORD093413C7,7/30/2024,363.44
CUST00729,ORD56C363D7,10/18/2023,342.21
CUST00729,ORDC63B1DD7,10/14/2023,430.67
CUST00729,ORDE812CBB2,5/22/2024,469.61
CUST00729,ORD5D3448BD,12/15/2023,237.12
CUST00729,ORD4BB7798B,7/7/2024,290.58
CUST00729,ORDDC68F645,10/26/2023,288.47
CUST00729,ORDF2961C74,6/14/2024,264.27
CUST00729,ORDEB02152C,12/15/2024,89.65
CUST00729,ORD5E004540,1/25/2025,196.83
CUST00729,ORD55544B82,1/16/2024,375.36
CUST00729,ORD1488FDD7,4/22/2024,463.08
CUST00729,ORD74F58ADE,2/6/2025,74.62
CUST00730,ORD3796EC74,1/5/2025,147.54
CUST00731,ORD321B3264,6/28/2023,51.91
CUST00731,ORDBA88D080,3/5/2024,132.47
CUST00731,ORD88A62903,6/26/2023,275.97
CUST00731,ORD5FBD1284,2/24/2025,175.39
CUST00731,ORD3C65FEA4,4/8/2024,203.35
CUST00731,ORDB37634B4,1/29/2025,311.62
CUST00731,ORD62ED8B17,6/11/2023,187.23
CUST00731,ORD12129E2D,7/31/2024,333.02
CUST00731,ORD64DDA965,10/31/2024,393.39
CUST00732,ORD3B407245,7/15/2024,16.05
CUST00732,ORD150FE233,3/5/2025,160.38
CUST00732,ORD9A9155A4,5/11/2024,333.78
CUST00732,ORDF5F66A00,1/14/2025,419.64
CUST00732,ORDD03389E4,10/7/2024,425.32
CUST00732,ORD178E59BB,8/16/2024,227.47
CUST00732,ORDB06655C7,10/14/2024,18.46
CUST00732,ORD88DDAD39,1/29/2025,14.35
CUST00732,ORDC5B8F060,6/14/2024,28.13
CUST00732,ORDE9D89E5C,12/22/2024,185.77
CUST00732,ORD250C196D,5/31/2024,322.49
CUST00732,ORDA8982254,8/4/2024,282.74
CUST00732,ORDB9C30028,11/12/2024,210.22
CUST00732,ORD11A86F48,3/9/2025,293.99
CUST00732,ORD3A05DC2C,7/26/2024,48.98
CUST00732,ORDB97D4116,8/25/2024,449.55
CUST00732,ORDB2BC276E,4/22/2024,280.21
CUST00732,ORDC190603C,11/25/2024,477.11
CUST00732,ORD94BABBF5,11/26/2024,225.82
CUST00732,ORDCDEF5726,10/18/2024,136.42
CUST00733,ORDEA67B218,12/19/2023,137.17
CUST00733,ORD4D17949D,12/17/2024,252.52
CUST00733,ORD505B87C3,1/6/2025,121.44
CUST00733,ORD473673C2,9/25/2023,95.5
CUST00733,ORD5ADA5F68,10/14/2024,436.91
CUST00733,ORDB50F461E,5/26/2023,331.43
CUST00733,ORDB45A781B,5/17/2024,124.01
CUST00733,ORD2CB8295E,3/24/2024,330.75
CUST00733,ORD3F35F9FB,7/7/2024,100.29
CUST00734,ORD2ED0CD90,4/8/2024,431.68
CUST00734,ORD034148AE,1/25/2025,294.15
CUST00734,ORD9AC29417,7/14/2024,30.56
CUST00734,ORDDA4DD563,5/10/2024,361.51
CUST00734,ORD9AC1B1F5,2/3/2025,39.8
CUST00734,ORDF9F087C1,3/19/2024,360.13
CUST00734,ORD670C5B1B,5/4/2024,136.94
CUST00734,ORD494C5BF2,1/20/2024,136.15
CUST00734,ORD95C41EAF,12/19/2024,342.41
CUST00734,ORD7007FEF2,3/2/2025,430.17
CUST00734,ORD06E985AB,4/9/2025,183.13
CUST00734,ORD7ABACA29,9/6/2024,361.98
CUST00734,ORD6016680B,11/21/2024,304.28
CUST00734,ORDEE5338E7,1/30/2025,181.37
CUST00734,ORDA507956F,2/12/2024,47.96
CUST00734,ORD56D1D653,8/21/2024,227.47
CUST00734,ORD12971415,4/2/2024,260.41
CUST00735,ORDCDB9E2F7,10/12/2024,109.98
CUST00735,ORD0A5F5191,1/12/2025,289.48
CUST00735,ORDAF8A512E,12/29/2024,416.28
CUST00735,ORDB7468A83,10/18/2024,343.7
CUST00735,ORDDE84830F,9/14/2024,44.98
CUST00735,ORD4AF71E47,7/26/2024,218.97
CUST00735,ORD9197E53F,9/3/2024,148.71
CUST00735,ORD1F2F2EE4,7/15/2024,22.1
CUST00736,ORD35A3136C,2/27/2025,396.2
CUST00736,ORD3CA1DB88,10/10/2023,174.14
CUST00736,ORD944CFB12,12/22/2024,209.99
CUST00736,ORD06AFCEBB,8/31/2023,329.47
CUST00736,ORD8A85177A,1/11/2025,240.64
CUST00736,ORD9DAE1F71,2/19/2025,487.02
CUST00736,ORD9147BB56,10/19/2024,314.74
CUST00736,ORD0E0F7F6B,1/2/2025,88.55
CUST00736,ORD7E5605E4,2/27/2024,31.86
CUST00736,ORD1A481F56,6/25/2024,465.85
CUST00736,ORD934779A1,9/7/2023,456.82
CUST00736,ORD5AEFFCB7,9/21/2024,22.51
CUST00736,ORDEBAB7897,4/10/2025,308.43
CUST00736,ORDC9676921,8/2/2024,405.94
CUST00736,ORD0923B47C,5/18/2024,260.29
CUST00736,ORDFB1D0E2C,2/16/2024,392.63
CUST00736,ORDFB19C7BB,6/20/2024,259.01
CUST00736,ORD9F9FB72C,9/28/2024,294.93
CUST00736,ORD08D2BF75,9/12/2023,178.59
CUST00736,ORD244EB27D,9/19/2023,115.29
CUST00737,ORD0FCD7FDF,7/12/2024,25.97
CUST00737,ORD70007E9C,4/5/2025,365.87
CUST00737,ORD962568A6,3/24/2024,196.73
CUST00737,ORDD393D8BC,9/2/2024,498.93
CUST00737,ORDA3D54269,12/28/2024,48.44
CUST00737,ORD1B2F8A7F,12/29/2023,47.88
CUST00737,ORD632A2F4F,10/25/2023,468.4
CUST00737,ORDE5FEEFBC,11/26/2023,120.04
CUST00737,ORD0AB4C147,6/5/2024,256.71
CUST00737,ORD881669ED,1/30/2025,291.48
CUST00737,ORDF0246315,11/26/2024,278.63
CUST00737,ORD5CD73C7F,12/22/2024,214.86
CUST00737,ORDEF7F2D8A,12/16/2023,369.19
CUST00737,ORDAC938299,3/7/2025,425.32
CUST00737,ORD98A2F6B2,7/22/2024,268.6
CUST00737,ORDF0B56938,8/3/2023,35.2
CUST00737,ORDD2138757,5/27/2024,241.44
CUST00737,ORD1604C7CD,5/12/2024,266.98
CUST00737,ORDBBEAEC13,5/27/2024,226.1
CUST00738,ORDCCE20E15,1/18/2024,105.56
CUST00738,ORDB4CB1750,11/25/2023,291.87
CUST00738,ORD3E458218,8/25/2024,456.42
CUST00738,ORDB2541820,11/18/2023,171.06
CUST00738,ORD78C12E3C,9/23/2024,401.51
CUST00738,ORD13826D80,1/4/2025,488.96
CUST00738,ORDF74610E7,11/14/2024,123.14
CUST00738,ORD749F947D,2/5/2025,164.26
CUST00738,ORDAB3E73A3,11/25/2023,486.47
CUST00739,ORDC4A06ECC,7/8/2024,228.05
CUST00739,ORDE1B1EBAC,6/4/2024,479.23
CUST00739,ORD33824D7C,3/9/2025,210.86
CUST00739,ORD6F76B428,2/17/2025,49.05
CUST00739,ORD0C0E8576,10/3/2024,284.62
CUST00739,ORD0684B13E,4/27/2024,47.46
CUST00739,ORD87DF2CDF,8/4/2024,187.53
CUST00739,ORD816EB81C,3/3/2025,247.24
CUST00740,ORDDBBA05B0,11/19/2023,229.99
CUST00740,ORDEB5AAA2C,3/18/2025,215.24
CUST00740,ORD898FCD4F,4/12/2025,288.98
CUST00740,ORD2F0185DD,7/1/2024,415.12
CUST00740,ORD4312B608,7/19/2024,71.39
CUST00740,ORDE793F21E,1/31/2024,273.43
CUST00740,ORDD94EE908,8/27/2024,390.46
CUST00740,ORD686FA39D,7/25/2024,209.73
CUST00741,ORDFF4E2F9F,6/2/2024,336.29
CUST00741,ORD45A09A4B,2/23/2025,306.72
CUST00741,ORD9970F601,10/3/2024,399.97
CUST00741,ORDE98A8690,4/3/2025,177.37
CUST00741,ORD7BF7B74D,5/15/2024,67.8
CUST00741,ORD2D010858,5/14/2024,210.17
CUST00741,ORD54523DC4,5/6/2024,257.46
CUST00741,ORD81563E9E,5/16/2024,82.72
CUST00741,ORDF6211096,4/12/2024,252.16
CUST00741,ORDDB943E73,4/10/2025,441.91
CUST00741,ORDBA96DBB9,8/8/2024,107.07
CUST00741,ORD9CDF688E,3/30/2025,98.16
CUST00741,ORD4EA7EF13,8/20/2024,232.49
CUST00741,ORDC2AEEDE9,1/5/2025,91.72
CUST00741,ORD33E20138,6/16/2024,215.13
CUST00741,ORDE63746A0,3/30/2024,385.1
CUST00741,ORD32195BB7,4/30/2024,358.58
CUST00741,ORDD4FC7A3E,11/6/2024,240.23
CUST00741,ORDBA7E6E7A,11/27/2024,59.49
CUST00742,ORDC712DB8D,12/14/2024,418.59
CUST00742,ORDD7258E5E,6/1/2023,21.73
CUST00743,ORD090ECC55,12/19/2023,495.07
CUST00743,ORDC6C502B1,3/20/2024,74.87
CUST00743,ORD0235BE46,12/19/2024,434.77
CUST00743,ORD82C4F0E3,11/19/2023,460.13
CUST00743,ORD1EC7EF20,12/12/2023,453.09
CUST00743,ORD8C42C2C2,12/15/2024,183.64
CUST00744,ORD482447C1,1/12/2025,351.5
CUST00744,ORDA7A2E776,2/10/2025,128.3
CUST00744,ORDB22EECF0,9/8/2023,153.76
CUST00744,ORD1525DC24,3/29/2024,175.04
CUST00744,ORD4414C893,8/25/2024,414.11
CUST00744,ORD76C86061,3/7/2025,174.95
CUST00744,ORDC89752B5,1/25/2024,308.29
CUST00744,ORD6689326B,2/12/2024,62.81
CUST00744,ORD973D54BA,1/9/2025,363.87
CUST00744,ORD62B4E301,10/14/2023,46.14
CUST00744,ORD347B904E,9/6/2023,461.15
CUST00744,ORD1F3530E4,12/10/2023,475.46
CUST00744,ORDA5A57643,10/15/2023,456.23
CUST00745,ORDB607C68C,2/22/2024,372.94
CUST00745,ORD44D1E002,3/9/2025,223.49
CUST00745,ORD0DB16549,4/19/2024,381.25
CUST00745,ORD8E388C8B,11/27/2023,353.06
CUST00745,ORD0D785BA0,6/23/2024,369.39
CUST00745,ORDD26A28CF,12/4/2023,364.62
CUST00745,ORD76DB31D4,12/8/2023,298.88
CUST00745,ORD3FD1DE8C,2/29/2024,411.85
CUST00745,ORD8CCD2CA8,8/31/2023,259.59
CUST00745,ORDA7F000C5,11/24/2024,84.61
CUST00745,ORD65DEA759,12/20/2023,13.81
CUST00745,ORDF45DDE28,10/5/2024,300.59
CUST00745,ORD4778A9D1,2/1/2024,340.21
CUST00745,ORD98FD0C8A,10/5/2024,232.23
CUST00745,ORD24D1946B,4/1/2025,167.01
CUST00746,ORD3B78CA37,12/22/2024,259.25
CUST00746,ORDCB012598,10/12/2023,298.16
CUST00746,ORD9E8849AD,1/21/2025,472.94
CUST00746,ORD36DE218C,7/9/2024,57.48
CUST00746,ORD1451CC61,2/22/2025,155.7
CUST00746,ORDC851AA7E,4/10/2024,177.15
CUST00747,ORDB7C09B9D,1/26/2024,263.66
CUST00747,ORD0151B0D7,9/7/2024,267.34
CUST00747,ORD31B9668B,4/25/2024,259.03
CUST00747,ORDFC54E517,4/23/2024,464.74
CUST00747,ORD21EA6F79,9/16/2024,149.78
CUST00747,ORD424E8DFA,2/6/2024,198.19
CUST00747,ORDA64B8141,10/15/2024,381.08
CUST00747,ORDC56FD351,2/9/2025,477.22
CUST00747,ORD5E97FAE1,5/13/2024,30.55
CUST00747,ORD9DBA3C4C,4/28/2025,473.08
CUST00747,ORD2F4ACD00,11/2/2024,442.37
CUST00747,ORD8BC8321A,1/14/2025,368.18
CUST00747,ORD78341A83,1/8/2025,220.96
CUST00747,ORD42FE1864,1/11/2025,146.35
CUST00747,ORDD6B12118,3/29/2024,441
CUST00747,ORD51BB6229,4/8/2025,164.04
CUST00747,ORD725DC56B,3/3/2024,180.2
CUST00747,ORDD44F6949,12/23/2024,91.14
CUST00747,ORD4AD73E06,8/24/2024,151.04
CUST00748,ORDCE0D9C1E,4/21/2024,225.07
CUST00748,ORD2D5AE59D,4/1/2024,443.82
CUST00748,ORD8166E55A,11/18/2024,151.35
CUST00748,ORD0AEB77F6,1/21/2024,459.67
CUST00748,ORD0965E6E9,5/20/2024,494.51
CUST00748,ORD2F510F9C,6/22/2024,379.2
CUST00748,ORD36055EC4,4/22/2024,463.01
CUST00748,ORDBE8AF07E,1/30/2024,336.55
CUST00748,ORDF0008E23,9/4/2024,79.09
CUST00748,ORDD4BF8B69,8/31/2024,111.35
CUST00748,ORD1F921914,7/16/2024,421.01
CUST00748,ORD1FF63F57,10/31/2024,379.88
CUST00748,ORD445EDCDA,2/15/2025,23.4
CUST00748,ORDF2FDC1BD,2/18/2024,452.25
CUST00748,ORDD2606EDB,5/2/2024,480.33
CUST00748,ORDA979D468,10/25/2023,274.52
CUST00749,ORD724EA485,11/25/2024,13.27
CUST00749,ORD290B96A2,3/28/2025,417.93
CUST00749,ORDB4BB390A,5/23/2024,22.63
CUST00749,ORD163CAE45,11/19/2024,109.54
CUST00749,ORD1C822DCF,10/28/2024,471.48
CUST00749,ORDFD0D01D1,6/22/2024,289.87
CUST00749,ORDE10802B0,1/14/2025,368.72
CUST00750,ORDBFD39A68,6/12/2024,71.83
CUST00750,ORD556B334E,6/19/2024,232.39
CUST00750,ORD1CFD2EAA,10/3/2024,459.82
CUST00750,ORD505D7C95,1/9/2025,360.96
CUST00750,ORD64D72DD2,11/14/2024,460.4
CUST00750,ORDE18A3267,6/23/2024,68.77
CUST00750,ORDF30F4548,10/25/2023,445.55
CUST00750,ORDBC2FD2BF,1/3/2025,251.7
CUST00750,ORD0AAE114F,12/3/2023,52.56
CUST00750,ORD5B6563D6,4/21/2024,77.04
CUST00750,ORDA5798797,11/18/2023,146.44
CUST00750,ORDD1A1EE72,9/30/2023,337.67
CUST00750,ORDD2597309,1/26/2024,484.54
CUST00750,ORD905717E9,11/25/2023,403.78
CUST00750,ORDCFCDF716,12/9/2024,374.7
CUST00750,ORD7EAF5151,9/25/2024,119
CUST00750,ORD03F299D7,8/13/2023,46.43
CUST00751,ORD40A0B978,5/5/2024,258.46
CUST00751,ORDE2A39381,5/31/2024,145.29
CUST00751,ORD4B71CDD0,10/24/2023,319.01
CUST00751,ORD3F696224,4/23/2025,261.29
CUST00751,ORDA9B4B038,11/2/2023,390.75
CUST00751,ORDCCD737F7,4/10/2025,356.34
CUST00752,ORDAEACB837,1/10/2025,447.21
CUST00752,ORD74E29962,2/23/2025,28.79
CUST00752,ORD9AAE248B,2/25/2025,59.22
CUST00752,ORD3350B8B7,2/21/2024,355.5
CUST00752,ORD9D76A5CB,9/15/2024,265.44
CUST00752,ORD0DDE21A6,11/26/2023,103.3
CUST00752,ORD3F2BA508,10/12/2024,283.5
CUST00752,ORD997D1093,11/23/2023,420.44
CUST00752,ORD6E9BEFFF,5/1/2024,316.78
CUST00752,ORDC43D7BB7,11/12/2024,475.1
CUST00752,ORD114FB834,8/11/2024,317.37
CUST00753,ORD198363F1,2/13/2025,77.07
CUST00753,ORDB6AE451E,4/29/2025,194.34
CUST00753,ORD75A5F6D8,1/24/2025,472.15
CUST00753,ORD2B4764E0,11/19/2024,339.94
CUST00753,ORD4A3E6EE5,7/16/2024,139.99
CUST00753,ORD11AB67C1,3/18/2024,84.2
CUST00753,ORD0CFB9A85,4/21/2024,408.8
CUST00753,ORD22EE8F6C,9/4/2024,369.44
CUST00754,ORDAF507A37,3/5/2024,74.58
CUST00754,ORD002CCF96,3/17/2025,321.04
CUST00754,ORD5C8FC2E3,8/22/2024,53.47
CUST00754,ORD1A1F8582,5/9/2024,262.99
CUST00754,ORDEC72C3CC,3/20/2025,364.41
CUST00754,ORD00943083,6/20/2024,114.95
CUST00754,ORD890FAAC2,2/14/2025,222.82
CUST00754,ORDB0957EE2,2/22/2024,250.44
CUST00754,ORDBECCEC00,7/21/2024,309.5
CUST00754,ORD588CF1E1,3/22/2024,357.9
CUST00755,ORDC5BEC3B6,1/9/2024,214.9
CUST00755,ORD54BF72BA,8/10/2024,138.91
CUST00756,ORDF397C1B3,9/18/2024,319.2
CUST00756,ORDC2EE85B5,12/7/2024,125.01
CUST00756,ORD14E6905E,3/27/2024,180.86
CUST00756,ORDFD15F798,4/8/2025,269.93
CUST00756,ORD7A4778F5,8/25/2024,477.62
CUST00756,ORD6A7D6CF6,2/22/2025,440.17
CUST00756,ORD1D1102A7,8/5/2024,421.94
CUST00756,ORD28EC38E0,8/21/2024,438.77
CUST00756,ORDB49AD419,12/17/2024,337.31
CUST00756,ORD9D3C7014,11/24/2024,250.21
CUST00756,ORD17B75657,8/28/2024,318.71
CUST00756,ORD8394FDE2,7/9/2024,302.94
CUST00756,ORD75DC81BB,6/21/2024,276.27
CUST00757,ORD10C9804C,4/15/2025,57.3
CUST00757,ORDAF35DBE3,2/5/2024,65.06
CUST00757,ORD9B836DDF,12/8/2024,441.64
CUST00757,ORD6CFAD977,4/9/2024,379.93
CUST00757,ORD1C05E7F6,3/21/2024,150.76
CUST00757,ORD2FF08F1E,10/2/2024,484.99
CUST00757,ORD3D4BB280,8/25/2024,169.44
CUST00757,ORD32FCCF74,7/20/2024,334.58
CUST00757,ORD15EB175B,1/10/2024,66.75
CUST00757,ORDF2C59E62,1/18/2024,237.72
CUST00758,ORDAAEEC70B,1/4/2024,333.7
CUST00758,ORD441001AF,12/7/2023,180.31
CUST00758,ORD517EE0D4,9/1/2024,205.06
CUST00758,ORD5AD13BCB,10/30/2024,72.75
CUST00758,ORD2B4ACD4F,1/10/2024,442.26
CUST00758,ORD9E628A2F,9/14/2024,421.66
CUST00758,ORD931C5F40,2/11/2025,433.36
CUST00758,ORD6DD51AFA,10/29/2024,304.52
CUST00758,ORD7656F88F,8/22/2024,346.74
CUST00758,ORDA1279CA2,3/20/2024,24.19
CUST00758,ORDB57066DA,5/16/2024,141.28
CUST00759,ORD49F13BFD,3/10/2025,446.01
CUST00759,ORD2E7DA140,12/10/2024,393.59
CUST00759,ORD25F1DC33,5/3/2024,39.79
CUST00759,ORDBF72ECA0,7/2/2024,388.18
CUST00759,ORD6022BAC1,7/21/2024,138.19
CUST00759,ORDFD65CA7A,12/25/2024,165.63
CUST00759,ORD18E6FD2C,4/4/2025,201.78
CUST00760,ORDCB55CFCB,8/26/2024,218.35
CUST00760,ORDD9BEAB40,1/7/2024,137.74
CUST00760,ORDB0D77D18,4/9/2025,36.77
CUST00760,ORD445F8A67,4/26/2025,247.9
CUST00760,ORDF7930D26,2/28/2024,117.28
CUST00760,ORD3E4E619F,1/20/2024,321.77
CUST00760,ORDFCD65A78,10/12/2024,32.36
CUST00760,ORD362DE02A,11/3/2024,229.34
CUST00760,ORD8576C179,4/10/2024,118.44
CUST00760,ORDC3D958D9,12/7/2024,439.05
CUST00760,ORD387D623A,8/26/2024,272.65
CUST00760,ORDDDCD9A2A,9/4/2024,391.98
CUST00760,ORDDF994B7A,3/21/2025,64.05
CUST00760,ORD98D5E268,1/13/2024,484.45
CUST00760,ORD071ED47E,3/10/2024,309.27
CUST00761,ORD98EB11DE,10/15/2024,306.43
CUST00761,ORD19D375E8,7/2/2024,19.76
CUST00761,ORDDF49F69A,3/8/2024,363.89
CUST00761,ORD66DCE813,3/11/2025,403.18
CUST00761,ORD7FF1E17B,11/11/2024,54.22
CUST00762,ORDD9A9B074,8/26/2024,456.99
CUST00762,ORDCF48C7ED,3/27/2025,385.75
CUST00762,ORD4CCF0E07,5/28/2024,280.92
CUST00762,ORD00D21E66,3/22/2024,330.92
CUST00762,ORD2E954D09,6/14/2024,264.14
CUST00762,ORD8A83E3C0,2/6/2025,187.43
CUST00762,ORD9F3C98B2,4/15/2024,107.24
CUST00762,ORD4426A66C,4/10/2024,86.93
CUST00762,ORDCBFB8783,3/20/2025,272.49
CUST00762,ORDB6284242,6/18/2024,431.26
CUST00762,ORD479E534D,2/27/2025,122.37
CUST00763,ORD00304F14,2/19/2024,456.22
CUST00763,ORD521280D1,1/26/2025,172.44
CUST00763,ORD33EE93E9,8/22/2024,115.65
CUST00763,ORD325AAC6A,6/23/2024,369.33
CUST00763,ORD7B897BFA,8/30/2024,470.61
CUST00763,ORDFFDA888E,3/3/2024,27.68
CUST00764,ORD95C966F8,8/15/2024,380.01
CUST00765,ORD09FCE08E,3/11/2024,60.24
CUST00765,ORDC0ED6249,2/3/2025,204.99
CUST00765,ORD0E95A516,9/25/2024,247.6
CUST00765,ORDF051046A,7/3/2024,86.9
CUST00765,ORD9876BE7E,7/3/2024,157.72
CUST00765,ORD8EE4ED90,5/22/2024,122.7
CUST00765,ORD887FFB08,3/21/2025,388.48
CUST00765,ORD4BAF4004,7/1/2024,131.18
CUST00765,ORD6D597506,2/23/2025,143.5
CUST00765,ORD50FCD09A,1/27/2024,70.58
CUST00765,ORDABB4A03C,6/22/2024,394.19
CUST00765,ORDF39E6592,10/4/2024,331.09
CUST00765,ORD7E03C79C,2/29/2024,74.28
CUST00765,ORD8E4799F5,6/5/2024,372.86
CUST00765,ORD4318D6C6,2/17/2025,142.3
CUST00765,ORDB2EFDF6F,3/6/2025,51.61
CUST00765,ORD3B898BC8,11/2/2024,46.21
CUST00766,ORD84086E5D,4/10/2024,19.88
CUST00766,ORDCF6A9CCF,12/18/2023,373.9
CUST00766,ORDEAEDDD4E,12/10/2023,275.43
CUST00766,ORDDFC06F49,10/23/2023,460.3
CUST00766,ORD059A503F,2/26/2025,56.82
CUST00766,ORD028CFA54,10/10/2023,298.22
CUST00766,ORD039BB46B,3/3/2024,201.65
CUST00766,ORD5BE7D0CB,8/6/2024,417.42
CUST00766,ORD03F82367,4/29/2024,431.06
CUST00766,ORDBCA49013,9/16/2024,394.54
CUST00766,ORD32F08E81,12/18/2023,218.32
CUST00766,ORD427A40D2,10/23/2023,374.31
CUST00766,ORDFE6F0833,3/8/2024,158.06
CUST00766,ORDE53E390C,2/11/2025,234.86
CUST00767,ORD767BF5FF,1/3/2024,139.49
CUST00767,ORD0DC4743B,7/1/2024,331.46
CUST00767,ORDD8D81CC8,3/27/2024,240.99
CUST00767,ORD9A9C5C3E,7/23/2023,152.71
CUST00768,ORDC512FA45,5/11/2024,118.9
CUST00768,ORD10AF378F,12/18/2024,209.1
CUST00768,ORD750EFFDB,9/2/2024,146.49
CUST00769,ORD3BBA91F6,10/22/2023,454.76
CUST00769,ORD04C53064,11/8/2023,271.27
CUST00769,ORD8DC2E190,12/4/2024,129.86
CUST00769,ORD67B20632,3/29/2025,18.43
CUST00769,ORD29ABC8D3,9/13/2024,253.55
CUST00769,ORDDD21B3AA,1/15/2025,202.89
CUST00769,ORD01342FCD,3/23/2024,192.64
CUST00769,ORD1254245D,5/2/2024,277.82
CUST00769,ORD35A2851B,11/9/2023,63.07
CUST00769,ORD75C05B90,7/1/2024,119.79
CUST00770,ORD1CE110F2,5/31/2024,204.7
CUST00771,ORDB6748225,12/15/2024,229.07
CUST00771,ORD0A406648,11/16/2024,243.64
CUST00771,ORD34E22B6D,1/1/2025,63.38
CUST00771,ORD8A259547,9/15/2024,162.2
CUST00771,ORDDB29433F,4/1/2025,80.45
CUST00771,ORDCE6D93B0,4/20/2024,318.66
CUST00771,ORDA0DBBB2F,5/14/2024,50.98
CUST00771,ORD0D3593E8,1/22/2025,284.83
CUST00772,ORDFDF25131,10/13/2024,433.77
CUST00772,ORD88D89BD6,10/22/2023,250.01
CUST00772,ORDF85B9849,4/4/2024,132.48
CUST00772,ORDE5F142E0,11/30/2023,79.25
CUST00772,ORDE01E0B62,11/3/2023,312.08
CUST00772,ORD48E2DCFA,4/26/2024,242.02
CUST00772,ORD6AF6117A,4/28/2025,364.29
CUST00773,ORDF1CE669A,1/28/2025,382.68
CUST00773,ORD9C15FFE8,4/15/2024,38.88
CUST00773,ORD046C5995,3/9/2025,251.77
CUST00773,ORDB7E7F1B8,10/25/2024,211.81
CUST00773,ORDA6F56F38,3/12/2024,372.85
CUST00773,ORD26D84F02,2/16/2025,418.82
CUST00773,ORD532A6F64,4/15/2025,27.89
CUST00773,ORDA7975BCB,2/17/2025,347.61
CUST00773,ORDBE2CFB8E,3/9/2024,303.38
CUST00773,ORD65BE8EFF,11/21/2024,437
CUST00773,ORDA381D8DA,7/28/2024,141.39
CUST00773,ORDAB37D231,6/3/2024,112.52
CUST00773,ORDF5B78A6E,6/12/2024,285.58
CUST00773,ORDD678895B,5/20/2024,249.48
CUST00773,ORDBAC8CF71,7/1/2024,254.91
CUST00773,ORD89DEB889,4/13/2024,480.14
CUST00773,ORD0661FB37,9/4/2024,125.51
CUST00773,ORDAE246A8F,12/9/2023,236.07
CUST00773,ORD40EEC08D,8/20/2024,246.67
CUST00774,ORD999C5A2E,2/20/2025,430.74
CUST00774,ORD1AB4499B,12/12/2024,496.45
CUST00774,ORD017BABA1,1/19/2025,49.9
CUST00774,ORD7A036519,12/19/2024,61.47
CUST00774,ORD05F810F1,9/16/2024,352.64
CUST00774,ORD9E1B05A6,5/31/2024,194.09
CUST00774,ORD8D8903AD,7/2/2024,380.87
CUST00774,ORD8DB32A3F,9/2/2024,89.43
CUST00774,ORD3385AE9D,4/26/2025,376.59
CUST00774,ORD923A11C9,1/8/2025,91.44
CUST00774,ORD89663002,9/6/2024,224.42
CUST00774,ORD6AE6FBFD,1/30/2025,486.24
CUST00774,ORD96150160,9/23/2024,29.14
CUST00774,ORD92A5E53B,11/13/2024,217.85
CUST00774,ORD73806DAB,2/28/2024,93.65
CUST00774,ORD6B9F9833,2/11/2024,403.55
CUST00774,ORDB9EF5016,5/5/2024,248.72
CUST00774,ORDACF3435F,2/12/2025,377.01
CUST00775,ORD32FAECBB,10/23/2024,214.89
CUST00775,ORDB0A382AB,3/31/2025,14.54
CUST00775,ORDB9D31153,10/31/2024,67.62
CUST00775,ORD7B29B93E,3/12/2025,497.91
CUST00775,ORDF84DAA5C,5/30/2024,362.77
CUST00775,ORD2BC17635,1/15/2025,441.31
CUST00775,ORDD93899EE,11/22/2024,142.84
CUST00775,ORD07AE037D,5/20/2024,167.97
CUST00775,ORDF07321A9,8/10/2024,445.88
CUST00775,ORD16DA95AC,3/22/2025,286.27
CUST00775,ORD2CD8AD6B,4/11/2024,91.31
CUST00775,ORDFABCA056,9/14/2024,152.2
CUST00775,ORDAFBAF574,2/17/2025,345.66
CUST00775,ORD9737E63E,4/22/2025,403.38
CUST00775,ORDCE8CCF72,9/25/2024,476.48
CUST00775,ORD451091BC,2/1/2025,191.91
CUST00775,ORD22A0F241,8/20/2024,306.21
CUST00775,ORDCBC235B2,3/11/2025,241.33
CUST00776,ORDAA749F46,8/8/2024,468.74
CUST00776,ORD4E1B8907,2/29/2024,464.27
CUST00776,ORD718217E4,5/1/2024,362.86
CUST00776,ORD3983C483,8/1/2024,427.67
CUST00776,ORD6D3C01D2,3/5/2025,76.32
CUST00776,ORD1D28FA6D,3/1/2024,266.95
CUST00776,ORDB73616D1,7/9/2024,416.41
CUST00777,ORD8F9D075E,8/17/2023,165.67
CUST00778,ORD4E2DA4D2,2/19/2025,83.67
CUST00778,ORDBB573ECB,4/21/2025,42.85
CUST00778,ORD8E89F9B8,7/20/2024,488.72
CUST00778,ORD5F37684C,7/19/2023,162.8
CUST00778,ORDC6791D44,9/1/2024,101.96
CUST00778,ORD0AC923E5,4/12/2024,350.08
CUST00779,ORD1A20C41A,12/25/2024,234.71
CUST00779,ORD3A06C475,11/10/2023,56.41
CUST00779,ORD5399B076,8/3/2023,316.24
CUST00779,ORDB5DB2CED,2/18/2024,301.28
CUST00779,ORD58A1FB16,6/24/2023,42.72
CUST00779,ORD4D44D479,6/19/2024,321.81
CUST00779,ORD6795165B,3/9/2025,442.84
CUST00779,ORD8E383EAA,11/21/2023,179.03
CUST00779,ORD42E87E8B,7/6/2024,16.92
CUST00779,ORDEC10C73C,10/6/2024,104.39
CUST00779,ORD01FC462C,3/4/2024,149.25
CUST00779,ORDCAC3A393,6/16/2023,456.64
CUST00779,ORDC60F7976,6/30/2023,218.82
CUST00779,ORDCAC01F07,2/4/2024,367.37
CUST00779,ORDEA815523,3/5/2025,189.96
CUST00779,ORD0FA5976E,3/9/2025,385.82
CUST00779,ORD79217A36,12/7/2024,467.81
CUST00779,ORDD1BD6450,3/17/2024,284.95
CUST00780,ORD617DAE7A,5/11/2024,47.96
CUST00780,ORDAA6FA211,7/10/2024,84.69
CUST00780,ORDB23AA71B,1/23/2025,368.02
CUST00780,ORDAEF24D79,2/9/2024,147.19
CUST00780,ORD07533FB1,4/7/2025,138.84
CUST00780,ORD92116730,6/28/2024,60.14
CUST00780,ORD627816B2,11/16/2023,400.47
CUST00781,ORD4F0B17EA,4/18/2024,325.97
CUST00781,ORDAD650617,6/13/2024,197.64
CUST00781,ORD13315EB8,4/8/2025,292.07
CUST00781,ORD31E3B860,10/4/2024,428.17
CUST00781,ORDADF16056,9/24/2024,306.34
CUST00781,ORDE8788183,4/24/2024,483.66
CUST00781,ORD48A9BCB8,3/15/2025,371.26
CUST00781,ORD080EECFD,10/14/2024,311.78
CUST00781,ORDBDA082B9,1/23/2025,455.52
CUST00781,ORDEFBECD9E,2/4/2025,112.56
CUST00781,ORD3953C15D,7/25/2024,11.31
CUST00781,ORDDC7B6CC9,3/10/2024,123.6
CUST00781,ORD450EDA8D,3/15/2025,116.06
CUST00781,ORD71B625BD,8/29/2024,465.48
CUST00781,ORD5FE96F03,4/23/2024,311.31
CUST00781,ORD8E390D8B,10/25/2024,80.23
CUST00781,ORD67AEFB06,4/21/2025,242.98
CUST00781,ORD17C4178B,4/23/2024,10.12
CUST00781,ORD6C72882B,2/25/2025,48.12
CUST00782,ORD6B020D6C,5/9/2024,77.12
CUST00782,ORD47A2F99C,1/30/2024,405.54
CUST00783,ORD3B6A5D8F,4/27/2024,335.77
CUST00783,ORDBE150732,6/24/2024,170.27
CUST00783,ORD50C9848B,7/17/2024,255.18
CUST00783,ORDAC1A422A,1/4/2025,67.48
CUST00783,ORD6734F1E7,1/11/2025,284.47
CUST00783,ORD94DF211F,11/21/2024,194.88
CUST00783,ORDE98F4BD7,4/24/2025,198.91
CUST00783,ORD330D6A87,5/4/2024,242.49
CUST00783,ORD02259425,11/30/2024,162.76
CUST00783,ORDB59A02F0,4/4/2025,265.77
CUST00783,ORD50F1CE05,9/13/2024,270.04
CUST00783,ORD47C47464,3/12/2024,442.81
CUST00783,ORDDF190B8D,10/3/2024,422.67
CUST00783,ORD161C7714,2/21/2025,478.13
CUST00784,ORD00301F30,5/30/2024,358.56
CUST00784,ORD3F197577,4/1/2025,421.54
CUST00784,ORDCCE3B9EC,11/3/2024,284.64
CUST00784,ORD2E4F8E08,8/31/2024,250.15
CUST00784,ORD0757CCF4,2/9/2025,396.59
CUST00784,ORD498D1D38,11/5/2024,345.83
CUST00784,ORD7A44A2FD,4/23/2025,283.37
CUST00784,ORD57EE69FB,4/4/2025,223.35
CUST00784,ORDAE61017F,2/11/2025,180.61
CUST00785,ORD65A3AB2C,4/29/2025,434.41
CUST00786,ORD4829B7E0,4/23/2025,387.66
CUST00786,ORD97ED5F7F,4/14/2024,179.54
CUST00786,ORD43FC9CFE,4/22/2025,217.8
CUST00786,ORD140B5A9C,10/11/2024,312.32
CUST00786,ORD41621146,7/2/2024,439.38
CUST00786,ORD04D85702,8/6/2024,461.1
CUST00786,ORD31429F4D,4/12/2024,103.58
CUST00786,ORD31FF9DF0,3/9/2024,193.36
CUST00786,ORD12C71391,2/7/2024,467.26
CUST00786,ORD3367EA80,7/23/2024,497.76
CUST00786,ORD5F420E59,2/24/2025,105.96
CUST00786,ORD5577259D,5/2/2024,186.89
CUST00786,ORDD5F6FAB7,7/3/2024,105.5
CUST00786,ORD246449EA,4/15/2024,297.23
CUST00786,ORD205F36FF,12/2/2024,170.94
CUST00787,ORD03FC412E,3/21/2025,458.75
CUST00787,ORD18D3D86C,2/15/2024,256.37
CUST00787,ORDA2482B62,4/5/2025,16.37
CUST00787,ORDEFFCA24E,4/16/2025,143.78
CUST00787,ORD0647B1B5,2/22/2025,327.14
CUST00787,ORD3E41036A,4/13/2025,324.42
CUST00787,ORD3648C347,2/17/2024,205.16
CUST00787,ORDB206E3F0,9/22/2024,497.91
CUST00787,ORDF17105A7,3/21/2025,355.09
CUST00787,ORD563FEAB6,12/8/2024,144.35
CUST00787,ORD384CB45B,2/4/2024,38.04
CUST00787,ORDB669D703,12/16/2024,290.37
CUST00788,ORDD48EE14C,10/24/2023,432.96
CUST00789,ORDFB80375F,8/3/2024,498.64
CUST00789,ORD8A8D638F,8/31/2023,319.8
CUST00789,ORD0D32AC98,11/3/2023,250.25
CUST00789,ORD07B3A2D4,3/19/2024,241.99
CUST00789,ORDA91BE5F8,8/10/2024,438.72
CUST00789,ORD2CDCE110,12/30/2023,377.79
CUST00789,ORD0D486FAF,12/9/2024,405.64
CUST00789,ORD585DDA2B,12/31/2024,28.71
CUST00789,ORD2480B477,7/20/2023,24.13
CUST00789,ORDE0561A54,11/26/2023,448.19
CUST00789,ORD3B69B48F,7/3/2024,85.06
CUST00789,ORD86F65A81,12/19/2023,370.74
CUST00789,ORDF801551E,1/31/2024,436.75
CUST00789,ORDE1F14023,4/21/2024,74.51
CUST00789,ORD6FB2B9CF,3/27/2024,215.59
CUST00789,ORDFC0EB010,2/9/2024,424.44
CUST00790,ORD92292D29,12/4/2024,227.26
CUST00790,ORDA5763EF7,10/20/2024,358.19
CUST00791,ORD49A2101C,6/29/2024,57.76
CUST00791,ORD3BEADFE0,1/24/2025,276.6
CUST00791,ORDA840146C,2/17/2025,491.87
CUST00791,ORDC5B55D88,1/18/2024,105.15
CUST00791,ORD33463502,10/2/2024,310.86
CUST00791,ORD278BC922,12/24/2023,18.17
CUST00791,ORD31E74A3E,4/6/2024,420.26
CUST00791,ORD01A59CE0,11/10/2023,425.63
CUST00791,ORDFA15EB81,3/5/2024,165.08
CUST00791,ORD17297EF3,7/26/2024,357.56
CUST00791,ORDD3023458,8/22/2023,453.81
CUST00792,ORD28BF4048,12/9/2024,363.85
CUST00792,ORD73B5A8D1,4/17/2024,189.47
CUST00792,ORDDCEED0AD,4/21/2024,16.94
CUST00792,ORDF7072D93,1/30/2025,335.6
CUST00792,ORD8523C0AD,9/10/2024,214.03
CUST00792,ORD683D1723,7/11/2024,337.18
CUST00792,ORDC35D8B31,4/13/2024,40.13
CUST00792,ORD7B5E4850,7/19/2024,104.54
CUST00792,ORD95053CA7,8/27/2024,383.03
CUST00792,ORD177CB630,4/8/2025,82.28
CUST00792,ORD323B9930,11/4/2024,140.65
CUST00792,ORDA4CC6A3B,5/11/2024,94.57
CUST00792,ORD5CE86386,6/19/2024,31.81
CUST00792,ORDA49B0C08,1/25/2025,308.18
CUST00792,ORD1056C44F,4/5/2025,347.47
CUST00792,ORD27B1FC94,12/10/2024,210.53
CUST00792,ORD45F3485E,4/11/2024,321.3
CUST00792,ORD88F779F4,7/2/2024,422.64
CUST00792,ORD82492BDD,5/24/2024,471.13
CUST00793,ORDF321421E,11/26/2024,144.14
CUST00793,ORD099F3670,8/5/2024,181.84
CUST00793,ORD2DC4A241,3/13/2025,177.31
CUST00793,ORD4FB84BCC,6/26/2024,288.4
CUST00793,ORD4594B761,8/20/2024,351.18
CUST00793,ORDC0F65766,2/6/2025,287.43
CUST00793,ORDA829D4E2,4/6/2024,236.87
CUST00793,ORDD671C66B,3/23/2024,66.97
CUST00793,ORD1C2BD691,4/21/2024,54.38
CUST00793,ORD085324EE,7/16/2024,367.48
CUST00794,ORD8FAA6B7B,3/17/2024,165.58
CUST00794,ORDE62A6AD6,7/22/2024,317.05
CUST00794,ORDA323CC57,10/22/2024,19.85
CUST00794,ORD4A5D71E6,11/8/2023,92.97
CUST00794,ORD7B635145,8/17/2024,15.11
CUST00794,ORDF58B4B1E,5/29/2024,322.59
CUST00795,ORDC10EBF0D,8/16/2024,49.82
CUST00795,ORD7E6CA41C,1/19/2025,364.9
CUST00795,ORD193CFC69,10/5/2024,130.9
CUST00795,ORD053BAABD,11/17/2024,420.28
CUST00795,ORD467E12BA,6/11/2024,324.74
CUST00795,ORD23D1724A,10/22/2024,451.72
CUST00795,ORD2D2F812F,12/21/2024,103.63
CUST00795,ORDFD716A10,12/10/2023,380.36
CUST00795,ORDE0485CAB,11/28/2024,75.04
CUST00795,ORD6515D7F8,6/9/2024,36.13
CUST00795,ORDAAEBEB6C,6/30/2024,355.9
CUST00795,ORDBBE35D89,1/28/2024,97.22
CUST00795,ORD3013301D,3/9/2024,78.81
CUST00795,ORD50087152,7/31/2024,164.62
CUST00795,ORD55506839,1/22/2024,120.72
CUST00796,ORD99669917,12/7/2024,143.67
CUST00796,ORD74245CCB,2/10/2024,107.62
CUST00796,ORD71F10780,11/4/2023,489.85
CUST00796,ORDCA833499,1/18/2024,137.08
CUST00796,ORDE46C14B2,11/19/2023,225.4
CUST00796,ORD6285E366,3/14/2024,55.28
CUST00796,ORD17C938A8,10/1/2023,184.03
CUST00797,ORD464BE183,8/1/2024,180.94
CUST00797,ORDF1A2DF87,6/25/2024,324.49
CUST00797,ORD36696E38,4/8/2024,230.34
CUST00797,ORD6B909CAB,12/21/2023,319.2
CUST00797,ORD9375DB44,3/7/2024,417.55
CUST00797,ORD43CF7420,12/30/2023,28
CUST00797,ORD04C14D0E,6/3/2024,419.01
CUST00797,ORD10239D5E,5/27/2024,198.98
CUST00797,ORD3BC4DDC4,9/7/2024,273.59
CUST00797,ORD85810EE0,11/2/2024,113.22
CUST00797,ORDE5ABB832,3/5/2024,354.07
CUST00797,ORDD7C34C87,3/14/2024,179.99
CUST00798,ORD44DF235A,2/11/2024,111.65
CUST00798,ORD1BC1BED8,4/16/2024,352.83
CUST00798,ORD62C3C845,11/28/2024,256.84
CUST00798,ORDA5B396B0,3/19/2025,416.63
CUST00798,ORD72EC9BE6,8/29/2024,399.2
CUST00798,ORD417A2DC1,10/13/2024,54.47
CUST00798,ORD49A91484,2/23/2024,388.97
CUST00798,ORDBC730509,9/29/2023,136.52
CUST00798,ORDE059F583,8/21/2023,239.17
CUST00798,ORD0DEC98F1,4/25/2025,25.41
CUST00799,ORD074D29A6,12/5/2023,263.34
CUST00799,ORD342D6F25,3/9/2024,319.25
CUST00799,ORD65C2F4F3,12/30/2024,242.85
CUST00799,ORD864DE4FE,1/24/2025,238.95
CUST00800,ORDAF27C03C,3/13/2025,192.42
CUST00800,ORD68476243,9/16/2024,195.18
CUST00800,ORDEA79D899,12/4/2023,298.31
CUST00800,ORDB4FD8849,6/3/2024,26.59
CUST00800,ORD9BBC0EAF,10/9/2024,353.63
CUST00800,ORDFC3CF869,10/2/2024,318.44
CUST00800,ORDBF2AC7F2,11/15/2024,435.97
CUST00800,ORD614B972E,6/21/2024,13.87
CUST00800,ORDFF4D933F,4/24/2024,216.49
CUST00800,ORD7B4ED901,11/24/2023,174.01
CUST00800,ORDACB0F85E,4/2/2024,327.46
CUST00801,ORD8C61B2FB,6/27/2024,101.68
CUST00801,ORDE952C0EC,2/1/2025,185.42
CUST00801,ORDA94CCF31,2/16/2024,89.75
CUST00801,ORDB21F0DCE,8/6/2024,277.92
CUST00802,ORD9248CD93,10/2/2023,225.11
CUST00803,ORD849F4BFE,3/2/2025,233.66
CUST00803,ORD7D6ED963,10/9/2024,292.22
CUST00803,ORDDBC991A8,7/12/2024,223.13
CUST00803,ORD5E18473E,3/19/2025,205.67
CUST00803,ORDCC10BA91,7/11/2024,418.71
CUST00803,ORD82800EBD,4/19/2024,133.76
CUST00803,ORD54E9F7B0,6/14/2024,192.88
CUST00803,ORDA2884EDF,1/31/2025,175.56
CUST00803,ORDB0892C12,3/20/2025,342.49
CUST00803,ORDA6D86887,4/1/2025,157.08
CUST00803,ORD6FC1AC6D,1/25/2025,485.68
CUST00803,ORDAFA79F7A,10/26/2024,439.94
CUST00803,ORD31BC8009,3/22/2025,383.95
CUST00803,ORD3B4EF0EF,6/20/2024,451.42
CUST00803,ORDCA38D4D8,8/30/2024,258.41
CUST00803,ORDDBA41654,3/25/2025,216.28
CUST00803,ORDF7EA21F0,6/13/2024,389.3
CUST00803,ORDF69C8696,4/4/2025,477.45
CUST00803,ORDF199F3F5,12/22/2024,206.37
CUST00803,ORD9966302B,3/23/2025,23.99
CUST00804,ORDA889BDFA,11/6/2023,91.53
CUST00804,ORD7A6DA047,5/29/2024,157.29
CUST00804,ORD41F5EB40,2/14/2025,302.46
CUST00804,ORDEE8E90B8,2/21/2024,351.84
CUST00804,ORDB180F3D8,1/29/2025,266.8
CUST00804,ORD1C02FB68,7/17/2023,476.23
CUST00804,ORDCCEE4945,2/12/2024,288.31
CUST00804,ORDDEE1EBEF,6/25/2024,78.38
CUST00804,ORDA5D4BCAC,6/28/2024,335.07
CUST00804,ORDDBFB7333,11/15/2023,396.4
CUST00804,ORD1D6C8A87,11/1/2024,36.36
CUST00804,ORDF9BE3AB1,10/7/2024,54.3
CUST00804,ORD3C7317D3,7/19/2023,398.5
CUST00804,ORD3E4BEEDD,11/18/2023,79.32
CUST00804,ORD23ABF049,11/21/2024,179.59
CUST00804,ORDAEA0C339,8/14/2024,204.04
CUST00804,ORD85B7608C,4/30/2024,235.69
CUST00805,ORD6A7B5007,3/29/2025,108.2
CUST00805,ORD38690D1A,5/1/2024,94.31
CUST00805,ORD9715EEF3,3/24/2024,160.69
CUST00805,ORDADEFD32D,1/3/2024,100.45
CUST00805,ORD4DC1961E,9/30/2024,430.3
CUST00806,ORD6E239F23,1/4/2025,54.18
CUST00806,ORD13DCE031,5/26/2024,129.92
CUST00806,ORD631E8EC2,2/17/2025,345.51
CUST00806,ORD3277A0BF,7/3/2024,424.38
CUST00806,ORDFA456861,6/26/2024,193.39
CUST00806,ORDE95EAC90,6/27/2024,243.9
CUST00806,ORD6289051C,4/14/2024,178.91
CUST00806,ORDE082FA64,8/23/2024,240.69
CUST00806,ORD7D1DFF4A,4/16/2025,346.53
CUST00806,ORDA313F38E,9/13/2024,352.4
CUST00806,ORDCD5464F6,4/16/2025,457.29
CUST00806,ORD2CB4D92E,8/4/2024,337.53
CUST00806,ORD4513865C,5/16/2024,417.36
CUST00806,ORD44966C27,11/22/2024,356.05
CUST00807,ORDFD4625D2,3/14/2025,199.91
CUST00807,ORD26636255,11/12/2024,165.99
CUST00807,ORD15868D57,12/19/2024,468.28
CUST00807,ORDD935072B,1/22/2025,205.94
CUST00808,ORD408D7D35,12/20/2024,450.03
CUST00808,ORDB2D52E1D,3/19/2024,411.7
CUST00808,ORDD1680C5F,1/26/2025,367.88
CUST00808,ORD2214261E,1/28/2025,218.05
CUST00808,ORD07F94709,4/17/2024,202.99
CUST00808,ORD0DABAEB5,10/2/2024,45.11
CUST00808,ORDF54472DC,12/7/2024,249.27
CUST00808,ORDA3C555F6,9/17/2024,372.81
CUST00808,ORD5B1F428F,4/25/2024,297.35
CUST00808,ORDA0DE102C,3/28/2025,118.63
CUST00808,ORD9B453E86,2/24/2025,308.18
CUST00809,ORDFB5724D8,11/1/2023,190.87
CUST00809,ORD678930AE,4/14/2024,176.53
CUST00809,ORDD3ED7703,8/13/2023,413.39
CUST00809,ORDA9B8A316,6/17/2024,309.18
CUST00809,ORDCEC39A51,2/3/2024,378.33
CUST00809,ORD15ED4FE0,12/21/2024,458.15
CUST00809,ORD22651848,11/25/2023,326.33
CUST00809,ORD22CFE6A5,2/2/2024,77.66
CUST00810,ORD57E3F02F,9/13/2024,31.68
CUST00810,ORDBCDB9756,12/7/2024,157.95
CUST00810,ORDA783C485,7/11/2024,55.5
CUST00810,ORD01C01FAA,11/5/2023,198.19
CUST00810,ORD8493A9F2,11/8/2023,98.14
CUST00810,ORD9D2F43F4,9/14/2024,83.87
CUST00810,ORD81581CBD,11/7/2024,162.44
CUST00811,ORD3728A7FE,1/11/2024,27.07
CUST00811,ORDB94004C4,1/30/2024,479.67
CUST00811,ORD7DC3CA3A,10/30/2024,216.65
CUST00811,ORDD6DEF147,8/30/2024,90.14
CUST00811,ORD75CA7123,2/15/2025,344.35
CUST00811,ORDD4ED15ED,4/23/2025,418.77
CUST00811,ORD6AEBB7EA,3/17/2024,237.81
CUST00811,ORDE366D8E5,8/20/2024,50.49
CUST00811,ORD9E68B7E6,6/17/2023,346.17
CUST00811,ORDAA02E53B,3/18/2024,59.69
CUST00811,ORD8996B83B,4/26/2025,432.61
CUST00811,ORD99537238,12/29/2024,403.74
CUST00811,ORDA4DEA4BE,7/9/2023,15.99
CUST00811,ORDA3123A57,2/16/2025,166.32
CUST00811,ORD9EE47E82,4/20/2024,291.59
CUST00811,ORD1B1C5707,8/17/2024,198.16
CUST00812,ORD5F0DB842,9/7/2024,15.68
CUST00812,ORD325D8FCA,10/29/2024,330.37
CUST00812,ORD649051CA,9/3/2024,338.4
CUST00812,ORDCD2EF443,10/14/2024,217
CUST00812,ORD5184B702,3/23/2024,36.71
CUST00812,ORDDD44DFF6,8/24/2024,218.24
CUST00812,ORDE5FCF2E7,4/3/2024,373.61
CUST00812,ORDEC8CB95C,4/12/2024,66.82
CUST00812,ORD5A1E4CC5,12/31/2024,405.49
CUST00812,ORD9497C47F,1/9/2025,455.02
CUST00812,ORD34A36908,3/5/2024,256.01
CUST00812,ORD38CC3155,12/3/2024,392.69
CUST00812,ORDED5985DC,8/3/2024,358.89
CUST00812,ORD9311F9F5,1/20/2025,423.64
CUST00812,ORD1E59BCFB,9/21/2024,486.17
CUST00813,ORDC02A58F6,1/3/2025,394.89
CUST00813,ORD004EFCA5,9/28/2024,490.56
CUST00813,ORD603EC729,10/22/2024,270.54
CUST00813,ORDC6D87A08,3/11/2024,197.9
CUST00814,ORDFDE8FAA4,10/4/2024,83.69
CUST00814,ORDE910B8A1,10/7/2024,175.19
CUST00814,ORDB2B62AE0,7/18/2024,467.75
CUST00815,ORD5649D829,11/19/2023,136.34
CUST00815,ORDE9FB1264,11/18/2023,262.3
CUST00815,ORD27B2B150,10/2/2024,311.11
CUST00815,ORD92EDDA2B,5/3/2024,437.38
CUST00815,ORD2C7648C6,12/1/2023,223.1
CUST00815,ORD39DE4F0A,11/11/2023,237.73
CUST00815,ORD1DE97B51,9/30/2023,29.52
CUST00815,ORDC3896859,4/24/2024,435.27
CUST00815,ORD8525B46C,8/10/2024,235.52
CUST00815,ORD8A5E5F05,2/2/2025,34.54
CUST00815,ORD635F3652,10/23/2024,303.67
CUST00815,ORD23704D45,11/10/2023,190.96
CUST00815,ORDBBD5E6D7,5/25/2024,218.59
CUST00815,ORD04085026,8/21/2024,340.75
CUST00815,ORD5633BF5B,10/13/2024,385.75
CUST00815,ORDF24CEEE3,12/26/2023,21.53
CUST00815,ORDE02BD6D9,10/31/2024,140.95
CUST00815,ORD03A89D5B,2/1/2024,153.69
CUST00815,ORD326B499A,4/4/2024,214.36
CUST00816,ORD4D4044BC,12/4/2023,169.07
CUST00816,ORD57DD99A7,6/15/2023,321.63
CUST00816,ORDD42B8FDF,4/15/2024,301.93
CUST00816,ORDF5E7504B,4/24/2024,185.05
CUST00816,ORDF4EDDB22,7/22/2023,27.94
CUST00816,ORD47D5C46C,1/9/2025,371.95
CUST00816,ORD1B642264,11/19/2024,131.83
CUST00816,ORDE4190D16,5/6/2024,51.18
CUST00816,ORD8A328714,8/7/2024,56.34
CUST00816,ORDA00CBC8B,8/11/2023,366.13
CUST00816,ORDD7808239,5/11/2024,320.13
CUST00816,ORD467D1A8D,6/1/2024,221.24
CUST00816,ORD71EEC776,4/7/2024,144.6
CUST00816,ORD8743F382,2/5/2024,486.21
CUST00816,ORD938B4595,3/16/2025,347.61
CUST00817,ORDFC868E36,12/6/2023,460.2
CUST00817,ORD1A9244D3,4/11/2024,452.75
CUST00817,ORD4B79AC7D,9/10/2023,466.81
CUST00817,ORDD0EC7BD0,12/24/2023,412.04
CUST00817,ORD1786D08C,9/13/2023,288.84
CUST00817,ORDDBDC4246,3/13/2024,29.91
CUST00817,ORD238B68CC,1/4/2025,170.03
CUST00817,ORD63B7EF6C,4/27/2025,28.76
CUST00818,ORD84836039,1/28/2024,488.65
CUST00818,ORD06D9257A,9/28/2023,322.53
CUST00818,ORD6AE70752,2/11/2025,442.2
CUST00818,ORD9964942B,6/1/2024,197.14
CUST00818,ORD623BFD2D,4/6/2024,490.33
CUST00818,ORD3D61E840,9/25/2024,48.59
CUST00818,ORDE36EA397,8/12/2024,464.45
CUST00818,ORD18B16F4B,3/2/2025,377.14
CUST00818,ORD4DD8F9E8,2/5/2024,217.04
CUST00818,ORD55404913,8/2/2024,20.97
CUST00818,ORD019AF98E,8/29/2024,475.68
CUST00818,ORD036AF0AE,8/19/2024,135.86
CUST00818,ORDB09EE100,1/18/2025,329.92
CUST00818,ORDD3DC9829,8/18/2024,442.63
CUST00818,ORDD3E5E884,9/21/2024,420.06
CUST00818,ORDB7CADB07,2/16/2025,222.38
CUST00818,ORD2D05CBDF,3/11/2024,67.05
CUST00818,ORDB29EDAA1,5/29/2024,103.91
CUST00818,ORDE6CF92AC,11/13/2023,137.88
CUST00818,ORDE912F365,12/18/2023,158.57
CUST00819,ORDF8FC9A91,5/17/2024,274.19
CUST00819,ORD29608EB4,5/29/2024,398.92
CUST00819,ORDF436111B,10/13/2024,350.19
CUST00819,ORDB1F85CEC,2/28/2024,33.93
CUST00819,ORD722418C6,3/24/2024,290.93
CUST00819,ORD04E64A7D,12/3/2024,115.45
CUST00819,ORD02E005BC,4/10/2024,468.38
CUST00819,ORD47C44F76,9/2/2023,144.65
CUST00819,ORD6AFACC67,7/22/2024,347.54
CUST00819,ORD6947205A,12/14/2024,101
CUST00819,ORD361EC3DA,2/17/2025,255.77
CUST00819,ORDAA7816EC,6/24/2024,32.41
CUST00819,ORD5C8889E1,10/21/2023,205.35
CUST00819,ORD12B4601C,1/20/2024,98.82
CUST00819,ORDF9F152C7,10/17/2024,149.61
CUST00819,ORD8ACCCCC6,9/2/2023,12.48
CUST00819,ORDEC056AC5,4/22/2024,111.5
CUST00820,ORD5FE34D8F,12/27/2024,332.03
CUST00820,ORDB0C8DA26,4/6/2024,144.64
CUST00820,ORD4664A16F,11/3/2024,236.6
CUST00820,ORDF8EB254C,11/26/2023,397.23
CUST00820,ORD4AD8CD4C,12/23/2023,321.08
CUST00820,ORD6ACA49CC,11/21/2024,57.6
CUST00820,ORDD1160A9E,8/22/2024,120.16
CUST00820,ORDAB4D4DE7,3/25/2025,357.41
CUST00820,ORDB943E32D,12/24/2023,118.32
CUST00820,ORDF26E8718,8/15/2024,309.58
CUST00820,ORD7DEB12F2,9/26/2024,366.8
CUST00820,ORDFA16B149,5/27/2024,308.56
CUST00820,ORDE5991BE2,2/23/2024,235.72
CUST00820,ORD54E514A9,5/26/2024,216.17
CUST00821,ORD366913B4,12/31/2024,171.09
CUST00821,ORD20837C00,10/2/2023,200.63
CUST00821,ORDC7A8EA2E,11/17/2023,465.64
CUST00821,ORDC0E943E8,3/14/2025,16.16
CUST00821,ORD66795D04,1/18/2024,176.89
CUST00821,ORD2BC981A5,11/13/2024,179.72
CUST00821,ORD1B0F5F3D,8/21/2024,227.75
CUST00821,ORD9A509C00,9/15/2023,236.35
CUST00821,ORD072BCDC3,4/16/2025,373.86
CUST00821,ORD12730548,6/7/2024,113.21
CUST00821,ORDFE2C7FF9,6/27/2023,351.89
CUST00821,ORD313C69A0,8/17/2024,339.76
CUST00821,ORD474AAAC9,3/21/2025,135.29
CUST00821,ORD800C944F,10/12/2023,25.81
CUST00821,ORD90FFCA9B,3/20/2024,427.62
CUST00821,ORD4F240259,7/6/2024,484.18
CUST00821,ORDB273C456,9/5/2023,319.38
CUST00821,ORD322D88C3,11/5/2024,285.05
CUST00821,ORDAFFAB5EE,7/21/2023,179.2
CUST00821,ORD36B882CC,9/27/2024,111.7
CUST00822,ORD779D6D11,9/3/2024,190.9
CUST00822,ORD23E57EF9,11/22/2024,152.99
CUST00822,ORD8443340D,4/15/2025,164.52
CUST00822,ORD6EF18C05,12/24/2024,340.51
CUST00822,ORD98332887,9/27/2024,24.49
CUST00822,ORD69BB655F,11/21/2024,316.18
CUST00822,ORDC2873F93,8/15/2024,91.7
CUST00822,ORDFB1B91FB,2/16/2025,182.3
CUST00822,ORD97B83530,9/13/2024,221.45
CUST00822,ORDA432AD18,3/11/2024,497.95
CUST00822,ORD9A48EDB9,6/28/2024,21.47
CUST00822,ORD0BA95D73,1/19/2025,486.94
CUST00822,ORD310EC85C,11/17/2024,282.66
CUST00822,ORDDEBDE589,2/21/2025,250.47
CUST00822,ORDE750FDB9,9/4/2024,125.01
CUST00822,ORDE89A468B,7/15/2024,461.38
CUST00822,ORD6B05A8B5,8/26/2024,74.53
CUST00823,ORDBE9CD10B,12/27/2024,474.92
CUST00823,ORDC4B01466,3/6/2025,70.51
CUST00823,ORD6FE2BBCE,6/20/2024,203.92
CUST00823,ORD8A96342B,9/11/2024,113.54
CUST00823,ORD82211D4B,3/18/2025,64.21
CUST00823,ORDB4C60CF4,2/16/2024,151.78
CUST00823,ORD8EF54033,8/22/2024,433.8
CUST00823,ORDFEA03DBB,11/12/2024,385.77
CUST00823,ORD9319BFE3,1/20/2025,492.35
CUST00823,ORD61D3050A,10/31/2024,489.66
CUST00823,ORD65970A5A,11/9/2024,279.53
CUST00823,ORD7174663A,2/2/2025,182.49
CUST00823,ORDFE25C9C8,11/10/2024,116.7
CUST00823,ORDD443AA9C,5/21/2024,451.22
CUST00823,ORD25B86564,6/5/2024,146.65
CUST00823,ORD5FB1507C,1/11/2025,387.54
CUST00823,ORDBC9B362D,11/28/2024,318.84
CUST00823,ORDD8AA4C74,2/2/2025,335.47
CUST00823,ORD03212A83,1/9/2025,346.55
CUST00823,ORDC79F1924,7/11/2024,320.23
CUST00824,ORD89EBDD8C,1/6/2024,256.13
CUST00824,ORD1962BD5C,1/17/2025,270.93
CUST00824,ORDF3804B37,3/12/2024,120.3
CUST00824,ORD47241546,3/3/2024,207.94
CUST00824,ORD6FB44EA2,10/3/2023,380.85
CUST00824,ORDDF8F01FF,4/7/2025,150.28
CUST00824,ORDC95632E4,2/6/2024,463.03
CUST00824,ORD15C6CDE5,5/5/2024,86.91
CUST00824,ORD61BF4299,10/8/2024,437.94
CUST00824,ORD587DC445,3/22/2024,206.03
CUST00824,ORDED7E60F2,9/27/2024,11.64
CUST00825,ORD3CA5F712,1/8/2025,383.84
CUST00825,ORD9E454AB1,4/20/2024,331.53
CUST00825,ORD055AFD84,1/21/2024,344.84
CUST00825,ORDF9DD8102,12/2/2024,58.18
CUST00825,ORD2FD6DF17,5/5/2024,294.28
CUST00825,ORD33B3AAC1,2/18/2024,214.87
CUST00825,ORDC9833BB2,2/26/2025,214.95
CUST00825,ORDB9088D4F,11/29/2024,102.55
CUST00825,ORD9CF1276C,4/17/2025,24.23
CUST00825,ORDC43ECCB0,3/14/2024,119.85
CUST00825,ORD43B3DCF6,4/8/2024,308.76
CUST00826,ORDD7B756AF,1/20/2025,499.47
CUST00826,ORD676029EC,1/6/2024,303.79
CUST00826,ORDD326C9FE,8/5/2024,368.75
CUST00826,ORD2EB7179A,12/2/2023,473.29
CUST00826,ORDF694E1D7,4/10/2024,169.26
CUST00826,ORD09CA17DF,11/3/2024,132.47
CUST00826,ORD8B54CBE1,2/21/2024,288.96
CUST00826,ORD414F4BA6,12/22/2023,241.24
CUST00826,ORDE9A6925A,2/14/2024,54.57
CUST00826,ORD0E3687C7,7/19/2024,191.44
CUST00826,ORD58A77795,3/8/2024,374.05
CUST00826,ORD3E22AC2C,3/6/2024,442.92
CUST00826,ORD746341D5,10/6/2024,330.52
CUST00826,ORD2EBFC126,7/31/2024,280.51
CUST00826,ORDF366107A,3/8/2025,433.08
CUST00826,ORDE88E2452,6/3/2024,426.65
CUST00826,ORD7F5F6593,10/26/2024,89.08
CUST00827,ORD4F64778C,4/3/2024,364.3
CUST00827,ORD57A6D900,3/20/2024,127.26
CUST00827,ORD705995B3,1/7/2025,241.36
CUST00827,ORD402F156B,3/11/2025,359.27
CUST00827,ORD573E7515,7/26/2024,107.89
CUST00827,ORDCA87E4E0,7/17/2024,75
CUST00827,ORD8869E35F,9/29/2024,41.76
CUST00827,ORDD3657FCC,7/31/2024,25.14
CUST00827,ORD3D8B17A2,1/10/2024,293.03
CUST00827,ORDE2796E3C,11/21/2024,235
CUST00827,ORDF22496AB,8/13/2024,345
CUST00827,ORDC79EEA42,9/6/2023,227.39
CUST00828,ORD19539EBD,8/5/2024,400.41
CUST00828,ORD1244C95D,3/11/2024,486.67
CUST00828,ORD0FEE289D,2/1/2025,255.11
CUST00828,ORD5C5DE565,2/9/2024,64.47
CUST00828,ORDB97F8E57,12/20/2023,305.96
CUST00828,ORDC0CBB6D1,9/14/2024,172.32
CUST00828,ORD87F236DE,5/12/2024,460.88
CUST00828,ORDC296F494,9/24/2024,88.04
CUST00829,ORDBC2779E5,4/30/2024,363.8
CUST00829,ORD9403D136,5/5/2024,44.22
CUST00829,ORD9D30685F,3/22/2024,376.82
CUST00829,ORD18CDB303,2/25/2024,344.19
CUST00829,ORDBCA50E92,3/27/2024,209.11
CUST00829,ORDA0E63E31,3/2/2024,264.69
CUST00829,ORD48DA8B43,12/10/2023,240.4
CUST00829,ORD225A86E8,2/1/2024,198.8
CUST00829,ORD06193AF5,4/7/2024,393.69
CUST00829,ORD8D3BCA93,6/23/2024,479.21
CUST00829,ORD52DEF47C,4/1/2025,442.84
CUST00829,ORD8C53B6CE,1/4/2024,273.3
CUST00829,ORD1728DD29,12/17/2024,360.74
CUST00829,ORD0890B248,4/21/2025,307.42
CUST00829,ORD64089019,2/3/2025,494.71
CUST00830,ORDEA3CA841,10/7/2024,224.88
CUST00831,ORD77076FF1,3/31/2025,153.55
CUST00831,ORDEC2CE149,2/28/2024,205.21
CUST00832,ORDE21E3876,6/25/2024,188.05
CUST00832,ORD216C9082,4/4/2025,361.15
CUST00833,ORD3F505E9B,5/9/2024,318.34
CUST00833,ORD0870C53C,6/20/2024,225.62
CUST00833,ORD711FDDD9,2/11/2025,395.84
CUST00833,ORDD23D8027,7/11/2024,60.78
CUST00833,ORD7D02453D,12/22/2023,425.06
CUST00833,ORDFA70CE15,3/9/2025,381.39
CUST00833,ORDFD1D90B1,8/18/2024,294.11
CUST00833,ORD16C5C219,1/4/2024,397.89
CUST00833,ORD37300705,2/10/2024,363.78
CUST00833,ORD85A93EFB,12/10/2023,189.57
CUST00833,ORDED3D4C0F,8/1/2024,331.7
CUST00833,ORD07A1636A,3/10/2025,79.56
CUST00833,ORD490076C5,6/30/2024,129.1
CUST00833,ORD96DD89A0,11/13/2024,246.47
CUST00833,ORDB72F15FF,11/21/2023,139.61
CUST00833,ORD0D54288E,4/23/2024,171.71
CUST00833,ORD23C99000,7/16/2024,349.92
CUST00834,ORDE4C9DCB0,8/8/2024,450.61
CUST00834,ORDDC5FB0CD,7/24/2024,250.87
CUST00834,ORD8BFC99C5,4/8/2024,129.92
CUST00834,ORD2AD7E219,11/17/2023,137.4
CUST00834,ORD0A73DDC5,12/4/2024,154.69
CUST00834,ORD287C1976,8/26/2024,227.89
CUST00834,ORD4E9CA12F,3/24/2024,395.81
CUST00834,ORD9D6CAF41,3/16/2025,352.79
CUST00834,ORD806366A3,1/13/2025,288.43
CUST00834,ORD9B946523,9/26/2024,301.27
CUST00834,ORDB0D25901,12/5/2023,383.05
CUST00834,ORDF9019D7E,6/3/2024,82.53
CUST00834,ORD1E046D69,10/10/2024,151.33
CUST00834,ORDA410AA4F,2/2/2025,118.3
CUST00834,ORD35D59C80,1/28/2024,191.72
CUST00835,ORD80E160CF,2/19/2025,359.76
CUST00835,ORDEB031A90,4/11/2024,160.26
CUST00835,ORDC3B8A357,3/29/2024,360.76
CUST00835,ORDEB3E7617,2/11/2025,288.14
CUST00835,ORDCEADFCC3,4/22/2024,159.32
CUST00835,ORDA199ED9A,1/31/2025,359.41
CUST00835,ORD230C1A04,2/6/2024,339.91
CUST00835,ORD1BD53A1A,10/16/2024,85.68
CUST00835,ORD1E2DC8E9,6/30/2024,404.55
CUST00835,ORD186ABCFE,2/21/2024,72.99
CUST00835,ORD1C8675AE,6/13/2024,307.65
CUST00835,ORD7611182F,5/25/2024,430.98
CUST00836,ORD49392F3C,6/26/2024,322.01
CUST00836,ORDA11084A0,5/31/2024,23.72
CUST00836,ORDEA24725D,11/16/2023,113.71
CUST00836,ORD4D5DC365,12/26/2024,158.45
CUST00836,ORDA7B5069C,12/7/2023,296.28
CUST00836,ORDACBA3929,2/2/2024,137.12
CUST00836,ORDA080BEB1,10/27/2023,363.36
CUST00836,ORD19206A3B,10/25/2024,375.27
CUST00836,ORDD20045F1,11/4/2023,498.1
CUST00837,ORD935E4AC5,5/17/2024,243.72
CUST00837,ORD615DE95B,10/28/2024,451
CUST00837,ORD411327A3,4/17/2024,486.48
CUST00837,ORD56365123,11/24/2024,325.49
CUST00837,ORDC6676C31,6/11/2024,297.7
CUST00837,ORD7F315A0C,1/1/2025,255.54
CUST00837,ORD8A265FDA,7/14/2024,266.44
CUST00837,ORDE3BEF4D0,11/13/2024,195.21
CUST00837,ORD1B1ABC97,4/7/2025,463.78
CUST00837,ORD29F0D1D2,2/25/2025,327.7
CUST00837,ORD43146795,10/2/2024,436.68
CUST00837,ORD36BC3077,2/10/2025,246.21
CUST00837,ORDB593CF21,12/2/2024,247.16
CUST00838,ORDE6CFB821,8/27/2024,16.97
CUST00838,ORD0CC1F81C,5/10/2024,474
CUST00838,ORDBEAED23D,7/29/2024,177.76
CUST00838,ORD52CA1E92,4/3/2025,161.56
CUST00838,ORD257AD95F,6/16/2024,119.91
CUST00838,ORDBB0AF55E,3/31/2025,146.37
CUST00838,ORDF0C6B68F,12/29/2024,391.23
CUST00838,ORD9597DCD8,11/18/2024,396.74
CUST00838,ORD506EE673,1/11/2025,328.5
CUST00838,ORD9402BFF5,6/13/2024,184.69
CUST00838,ORDC833ABB2,10/17/2024,235.07
CUST00838,ORDBCE44164,4/16/2025,457.22
CUST00838,ORD64C8E16F,6/21/2024,454.09
CUST00839,ORD1C0D4EE2,1/16/2025,450.09
CUST00839,ORD7D2B1C1F,4/14/2025,373.28
CUST00839,ORDD2E320CD,3/2/2025,188.14
CUST00839,ORD042813C7,5/24/2024,26.09
CUST00839,ORD83B5BD9F,2/11/2025,316.94
CUST00839,ORDA80EAA40,4/12/2025,476.49
CUST00839,ORD7FD05111,1/24/2025,258.63
CUST00839,ORD2E7E0C38,2/8/2025,143.02
CUST00839,ORD5D5244F9,7/17/2024,481.21
CUST00839,ORD74ACE59D,8/7/2024,424.84
CUST00839,ORDBD16B8E1,4/7/2025,273.49
CUST00839,ORD32CE3FAD,6/16/2024,48.93
CUST00839,ORD556F5E08,4/28/2025,400.98
CUST00839,ORD33B779EE,3/19/2025,228.85
CUST00839,ORD49E75C17,11/23/2024,266.24
CUST00839,ORD80D9DDC2,2/3/2025,129.9
CUST00839,ORDB0A67F34,12/5/2024,400.66
CUST00840,ORD9C839565,1/9/2024,347.95
CUST00840,ORD9C052752,10/7/2024,328.9
CUST00840,ORD68595923,10/21/2023,130.09
CUST00840,ORD74841772,8/14/2024,347.92
CUST00840,ORDBAE6996B,11/13/2023,233.47
CUST00840,ORD6A49CEFE,1/21/2024,29.71
CUST00841,ORDBA5410C6,11/28/2024,140.22
CUST00841,ORDEEBCD9D4,10/23/2024,145.96
CUST00841,ORDC226523D,8/3/2024,374.12
CUST00841,ORDB548DDDB,2/20/2025,369.34
CUST00841,ORDA0B4BD16,1/3/2025,459.56
CUST00841,ORD0EE5B8C5,12/15/2024,454.01
CUST00841,ORD0F191A62,9/27/2024,74.95
CUST00841,ORDBD8AFB5F,4/24/2024,158.35
CUST00841,ORDEE6D46CE,10/27/2024,111.79
CUST00841,ORD1D7CDD8D,12/7/2024,129.53
CUST00841,ORD6317C981,6/20/2024,383.22
CUST00841,ORD3EE6E9C2,1/19/2025,243.87
CUST00841,ORD850D1B23,11/2/2024,58.15
CUST00841,ORDF86563BF,9/3/2024,442
CUST00841,ORD397A47DA,1/17/2025,35.03
CUST00841,ORDF105128D,7/14/2024,397.11
CUST00841,ORD3DDAC532,4/27/2025,45.8
CUST00841,ORD80275C31,4/16/2024,244.37
CUST00841,ORD5F370B4F,6/1/2024,226.53
CUST00841,ORD0A4B5873,5/3/2024,243.26
CUST00842,ORDF501A77D,7/14/2023,275.76
CUST00842,ORD68C32FB0,4/17/2024,115.35
CUST00842,ORD4CD673E3,4/23/2025,248.74
CUST00842,ORD4C8E01B7,12/30/2024,288.97
CUST00843,ORD3A755303,4/21/2025,220.58
CUST00843,ORD62C0106F,8/28/2024,453.44
CUST00843,ORD1BE3E328,9/21/2023,362.79
CUST00843,ORD75BEFF15,10/29/2024,226.89
CUST00843,ORDAD4C6632,11/4/2023,324.89
CUST00843,ORD65EFDD19,2/6/2024,298.58
CUST00843,ORD12C0F223,5/20/2024,321.12
CUST00843,ORD26065436,3/23/2024,380.22
CUST00843,ORDEAF7B6BD,2/23/2024,496.2
CUST00843,ORDECAD5993,6/22/2023,133.36
CUST00843,ORD948FD926,2/3/2025,209.51
CUST00843,ORD746F0803,2/21/2024,142.66
CUST00843,ORD960C2321,9/11/2023,319.25
CUST00843,ORDC6A0E49A,6/4/2024,171.03
CUST00843,ORDB1C13BC9,1/16/2025,246.81
CUST00843,ORD1E5CC712,10/6/2024,149.04
CUST00843,ORD30E61D9A,1/31/2025,326.19
CUST00843,ORDA3FCEB36,12/27/2023,139.46
CUST00843,ORD41183946,2/24/2025,270.77
CUST00844,ORDC67D8481,4/21/2025,144.89
CUST00844,ORD8B478958,9/20/2023,285.02
CUST00844,ORD8D8B7A97,2/27/2025,161.31
CUST00844,ORD50D0FA79,11/2/2024,225.62
CUST00844,ORDE489EB3D,2/20/2025,488.84
CUST00844,ORD04B61812,5/17/2024,473.39
CUST00844,ORDC62D4B5C,1/2/2025,248.91
CUST00844,ORD1AEEA783,8/15/2023,166.41
CUST00844,ORDACB6D06F,12/3/2024,487.43
CUST00844,ORD2ECC986A,10/16/2023,240.55
CUST00844,ORDFEFFD88E,7/23/2024,89.93
CUST00845,ORD641A671E,12/18/2023,382.61
CUST00845,ORDB9CC2A56,12/6/2023,339.76
CUST00845,ORD2F0E4748,11/18/2024,56.34
CUST00846,ORDA318460F,7/19/2023,177.79
CUST00846,ORD3A8E4B9C,2/22/2025,346.61
CUST00846,ORDAC4812A0,10/9/2023,413.05
CUST00846,ORDDA060FE6,8/15/2023,104.86
CUST00846,ORD24FAA88C,4/24/2024,63.27
CUST00846,ORDAC855364,4/22/2025,123.58
CUST00846,ORD58CB8CD5,9/27/2024,160.53
CUST00846,ORDA5012238,6/23/2024,159.64
CUST00846,ORD423D7CE4,11/29/2023,385.55
CUST00846,ORDEBC8480E,10/18/2023,241.22
CUST00846,ORDB8C6367E,1/23/2024,345.53
CUST00846,ORD33243D08,1/16/2025,464.5
CUST00846,ORDCA6536EA,6/19/2024,113.04
CUST00846,ORD63CA651A,10/15/2024,339.22
CUST00846,ORDA9B21CF4,4/5/2025,168.65
CUST00847,ORDB97AF8BC,11/15/2024,385.53
CUST00847,ORDC6000351,4/7/2024,395.05
CUST00847,ORDFF64A373,5/27/2024,427.66
CUST00847,ORDA73FD510,8/10/2024,308.96
CUST00847,ORDB833231C,5/18/2024,87
CUST00847,ORDF21CE851,8/22/2024,478.79
CUST00847,ORDE4BD020A,12/9/2024,490.77
CUST00848,ORD05ECFBFD,12/21/2024,396.49
CUST00848,ORD63014094,3/10/2025,392.08
CUST00848,ORDCFD29746,4/16/2024,142
CUST00848,ORD0BFC0D00,4/18/2024,467.09
CUST00848,ORD05AC5E6E,3/3/2024,241.27
CUST00848,ORD4A42BF18,3/17/2025,429.56
CUST00848,ORD1AD0C058,2/19/2025,158.77
CUST00848,ORD2C9362A7,12/3/2024,81.04
CUST00848,ORD57B52D81,5/19/2024,173.52
CUST00848,ORDA85F2F5C,9/26/2024,183.43
CUST00848,ORD91A9C1DC,11/2/2024,375.15
CUST00848,ORD4F7D387F,2/25/2024,230.36
CUST00848,ORD5040ABFC,11/7/2024,218.4
CUST00848,ORDA019A09F,4/2/2024,202.84
CUST00848,ORDCC7CBDAC,8/5/2024,214.39
CUST00848,ORD93BEC356,10/14/2024,383.49
CUST00848,ORD611C9B7B,3/25/2025,208
CUST00848,ORDDD2A0CA3,11/10/2024,484.65
CUST00848,ORD4CB4F786,4/3/2024,183.27
CUST00848,ORD47E9DC0A,11/20/2024,404.63
CUST00849,ORD0EC81ED0,4/20/2024,385.85
CUST00849,ORD06DA81F8,1/5/2025,19.55
CUST00849,ORD8A980558,2/15/2025,355.13
CUST00849,ORDD5F37953,3/27/2024,112.22
CUST00849,ORDF3EB18AA,1/15/2024,361.17
CUST00849,ORD2AFD5774,3/22/2024,154.45
CUST00849,ORDD074C1F1,6/23/2024,193
CUST00849,ORD7AAA940E,2/24/2025,167.7
CUST00849,ORDDC58FA2C,12/29/2024,397.55
CUST00849,ORDF9D45FF7,3/31/2025,169.59
CUST00849,ORD9E39AD6A,1/9/2025,284.39
CUST00849,ORDC2B2FE96,12/16/2023,107.73
CUST00849,ORD894CCBC2,8/3/2023,115.34
CUST00849,ORD3797F40A,2/4/2025,256.44
CUST00849,ORDE1BB7591,9/30/2023,429.64
CUST00850,ORD4723FA3D,4/5/2024,46.47
CUST00850,ORD6A0C8A25,12/6/2024,88.6
CUST00850,ORD3095C261,4/15/2025,364.2
CUST00850,ORD25A5D575,12/22/2023,471.33
CUST00851,ORD6C29126C,4/3/2025,240.24
CUST00851,ORDC9EA095E,4/12/2024,485.86
CUST00851,ORDA8B7678C,10/15/2024,32.54
CUST00851,ORDF6DFEA50,12/14/2024,333.11
CUST00851,ORD627D0D94,12/29/2023,347.02
CUST00851,ORDC1C6862C,12/21/2023,455.35
CUST00851,ORD9E333774,4/28/2024,248.65
CUST00851,ORD57C07580,8/26/2024,147.27
CUST00851,ORD15F1C973,9/12/2023,307.29
CUST00851,ORD08805E07,6/25/2024,193.76
CUST00851,ORDF912C74C,1/9/2024,59.71
CUST00851,ORDDA6BFC1B,11/20/2024,323.42
CUST00851,ORDF9094F2B,3/12/2025,145.26
CUST00851,ORDF169D978,3/17/2025,191.03
CUST00851,ORD53BC69A0,1/7/2025,462.57
CUST00851,ORD0DD1E745,1/5/2024,64.41
CUST00851,ORD23673EF5,4/29/2025,75.8
CUST00851,ORD436739BB,11/29/2023,377.41
CUST00851,ORD259F58F0,10/7/2023,169.03
CUST00852,ORDAD66EFD2,11/3/2024,413.91
CUST00852,ORD07EE913D,2/8/2025,438.24
CUST00852,ORD13FD72B0,7/12/2024,299.01
CUST00852,ORD5B9CB29A,2/19/2025,291.3
CUST00852,ORD74F0FAC3,1/26/2025,285.3
CUST00852,ORD0A4F86E1,10/31/2024,224.75
CUST00852,ORDCE79B049,5/25/2024,170.64
CUST00852,ORD4B981467,4/26/2024,277.83
CUST00852,ORD6F834D07,8/3/2024,333.74
CUST00852,ORDC07D7E7B,4/21/2025,282.77
CUST00852,ORD2B828C53,3/23/2024,410.48
CUST00852,ORDA253EDF8,5/25/2024,347.89
CUST00852,ORDBC0639A8,12/12/2024,78.83
CUST00852,ORDAB7C42F6,5/20/2024,387.25
CUST00853,ORD736DF08A,5/8/2024,479.03
CUST00853,ORD51431AFA,3/12/2025,187
CUST00853,ORDF0542474,4/12/2024,388.62
CUST00853,ORDD9B0E629,11/18/2024,376.16
CUST00853,ORDABC7BEA2,2/11/2024,115.26
CUST00853,ORD84DFC582,11/30/2023,167.42
CUST00853,ORDF8E560E9,3/7/2024,121.56
CUST00853,ORDE6B18AAB,1/12/2025,187.48
CUST00853,ORD8E346B21,5/9/2024,107.5
CUST00853,ORDD2296962,3/12/2024,486
CUST00853,ORDBF0A0EB0,1/25/2024,136.92
CUST00854,ORD9D7B903B,4/5/2025,376.35
CUST00854,ORDAF41E58F,7/2/2024,21.34
CUST00854,ORD77827CA3,3/25/2024,68.4
CUST00854,ORD7DE7EC70,3/13/2024,211.28
CUST00854,ORD873344F2,3/12/2025,204.19
CUST00854,ORDC0AEEBAE,1/29/2024,248.32
CUST00854,ORD946F6CD0,10/14/2024,33.54
CUST00854,ORDF702D213,11/16/2024,268.91
CUST00854,ORD43EEDBF4,4/23/2024,457.36
CUST00854,ORD8EC3369A,10/15/2024,261.01
CUST00854,ORDFBD24CC3,12/26/2024,17.94
CUST00854,ORDFCF82BA1,11/6/2024,224.23
CUST00854,ORD934FF78E,12/1/2024,25.72
CUST00854,ORD393A14C3,5/6/2024,257.06
CUST00854,ORD2308A534,7/11/2024,401.16
CUST00854,ORD22F05D49,3/9/2025,397.17
CUST00854,ORDF4313D40,11/22/2024,251.08
CUST00854,ORDDE5DB1DD,3/10/2025,291.66
CUST00854,ORD7A44EE59,7/8/2024,320.84
CUST00854,ORD5055031C,5/11/2024,369.87
CUST00855,ORDBDB5411A,7/25/2024,55.15
CUST00855,ORDC2C989E3,2/23/2024,283.56
CUST00855,ORD5C4A4E41,11/21/2024,65.04
CUST00855,ORD7A1015E5,1/19/2024,87.53
CUST00855,ORDF7A4A68B,12/27/2023,261.62
CUST00855,ORD2C66D6DA,5/12/2024,427.23
CUST00855,ORDE89DDFF9,12/31/2024,291.22
CUST00855,ORD9C4A3D5D,12/20/2023,239.54
CUST00855,ORD4BBAB8C2,10/29/2023,328.59
CUST00855,ORDC9BFCA9C,1/12/2025,103.53
CUST00855,ORD962332F6,11/13/2023,45.81
CUST00855,ORD2C29923C,8/4/2024,345.14
CUST00855,ORDD03E7D89,11/17/2023,410.7
CUST00855,ORD21F9D77F,1/16/2024,238.2
CUST00855,ORDAB65B45E,11/29/2024,445.78
CUST00855,ORD59BEE190,12/15/2024,497.23
CUST00855,ORD81352407,8/10/2024,84.58
CUST00855,ORDC2F6FCED,12/9/2023,171.91
CUST00855,ORDDC1B6D72,3/12/2025,99.02
CUST00856,ORD85332C60,4/28/2024,176.51
CUST00856,ORD3C82F1AE,12/9/2024,268.58
CUST00856,ORD06DC0E01,2/14/2024,349.37
CUST00856,ORDAA0B5702,8/3/2024,411.9
CUST00856,ORD639E6E79,3/30/2024,221.87
CUST00856,ORDA865C429,1/25/2025,20.53
CUST00856,ORD4C25EB91,2/21/2025,291.62
CUST00856,ORD236739FF,10/31/2024,13.11
CUST00856,ORD6B577B7F,4/19/2024,415.83
CUST00856,ORD63EEE8F1,2/27/2025,19.25
CUST00856,ORD064D36C3,2/27/2025,120.36
CUST00856,ORD81446A23,4/30/2024,219.3
CUST00856,ORD39124F3B,4/14/2024,136.84
CUST00856,ORD2FC50C8C,3/8/2024,119.22
CUST00856,ORD12B0A04D,4/22/2024,340.52
CUST00856,ORD647FAD37,1/21/2025,170.04
CUST00856,ORDDDA94D47,3/8/2024,234.3
CUST00856,ORD36D98E81,4/22/2025,336.05
CUST00856,ORD944781C6,3/26/2024,387.26
CUST00857,ORD9B6523ED,3/27/2024,463.42
CUST00857,ORDD2A78D0E,7/24/2024,447.69
CUST00857,ORDA385E77B,4/26/2024,360.3
CUST00857,ORD11FC5C2D,2/24/2024,292.66
CUST00857,ORDA8CCA44D,10/29/2024,102.54
CUST00857,ORD624E2179,5/25/2024,82.66
CUST00857,ORD183F05A1,3/21/2025,161.16
CUST00857,ORD926D7495,7/16/2024,59.44
CUST00857,ORD4CFDB70C,4/6/2025,271.38
CUST00857,ORD0E569D2D,4/12/2024,472.8
CUST00857,ORD4AE56F8B,2/4/2025,29.33
CUST00857,ORD39F824BD,6/6/2024,72.39
CUST00857,ORD043EAF84,2/15/2025,180.77
CUST00857,ORDFB850A97,12/3/2024,43.94
CUST00857,ORDD600CBCC,4/27/2024,436.57
CUST00857,ORD7CF1407C,3/5/2025,464.95
CUST00857,ORD8B93D39E,11/27/2024,332.5
CUST00857,ORD5BB8531B,5/27/2024,108.83
CUST00857,ORDE761ADC8,12/8/2024,90.01
CUST00858,ORD36D232D8,9/26/2024,124.16
CUST00858,ORD24E6568F,6/24/2024,460.74
CUST00858,ORD2FF124B7,9/7/2024,388.45
CUST00858,ORD9B2A1813,11/4/2024,23.38
CUST00858,ORDB9E6523C,5/20/2024,440.04
CUST00858,ORD0C934B9A,2/15/2024,472.75
CUST00858,ORDC8A1DCAB,8/9/2024,70.32
CUST00858,ORDB15CE221,3/17/2024,474.53
CUST00858,ORD2A46D0AF,10/3/2024,22.46
CUST00859,ORD1AD6FBD8,9/27/2024,196.4
CUST00859,ORD786AFA28,11/5/2024,228.94
CUST00859,ORD4CACC624,3/24/2025,205.6
CUST00859,ORDC324BCD9,9/9/2024,110.76
CUST00859,ORD9883DC54,1/9/2025,196.45
CUST00859,ORD22083BBB,2/10/2025,409.1
CUST00859,ORD83B9A820,7/21/2024,55.5
CUST00860,ORD1D464DDE,9/19/2023,258.28
CUST00860,ORDC8D67688,10/17/2024,293.37
CUST00860,ORD7FAFD0E3,2/2/2024,263.08
CUST00860,ORD67AF470A,8/20/2024,89.81
CUST00860,ORDA1286F5A,6/7/2024,112.72
CUST00860,ORDA2167C22,12/21/2024,470.94
CUST00861,ORD7FE1B4B9,1/13/2024,185.61
CUST00861,ORD845D1103,12/30/2023,497.73
CUST00861,ORD3C19BAC2,2/10/2024,213.41
CUST00861,ORD53DE3B1C,8/8/2024,113.06
CUST00861,ORD7BF35F4B,1/8/2025,54.49
CUST00861,ORD65E613BC,12/8/2024,258.39
CUST00861,ORDCFD449CD,3/19/2025,244.21
CUST00861,ORDB2107744,6/18/2024,259.28
CUST00861,ORDFD58ED5F,8/21/2024,473
CUST00861,ORDAC1184C5,8/27/2024,17.91
CUST00861,ORD64712B93,10/27/2023,196.21
CUST00861,ORD67979934,1/16/2024,215.81
CUST00861,ORD3E80F81C,12/25/2024,481.17
CUST00861,ORDF45B2561,2/11/2024,59.03
CUST00861,ORD25A4DCAC,9/16/2024,186.59
CUST00861,ORD4375ABA4,10/8/2024,161.89
CUST00861,ORDA2F56C39,12/3/2023,42
CUST00861,ORD5E7B8743,3/30/2024,473.51
CUST00861,ORD452700B0,11/7/2023,329.48
CUST00861,ORD39ABCC55,4/8/2025,122.39
CUST00862,ORD40FA6621,4/29/2024,328.71
CUST00862,ORD636A73D3,4/7/2025,406.98
CUST00862,ORD833417B5,5/21/2024,439.21
CUST00863,ORDA78DCF11,7/10/2024,476.14
CUST00864,ORD21DD2FB1,9/23/2023,367.52
CUST00864,ORD16858B2E,1/9/2025,449.69
CUST00864,ORDDFEADBD1,8/16/2023,32.23
CUST00864,ORD9827A046,10/5/2024,425.23
CUST00864,ORD33C16322,9/24/2023,96.91
CUST00864,ORD4DD6CF77,11/4/2023,14.54
CUST00864,ORD18E9FEDF,1/25/2024,264.12
CUST00864,ORD610D2CA4,7/4/2024,78.71
CUST00864,ORD6415C707,3/28/2024,240.21
CUST00865,ORD5F83CD65,8/22/2023,39.98
CUST00865,ORDEB7DF72F,4/9/2024,403.17
CUST00866,ORD11CC0B53,4/10/2024,192.13
CUST00866,ORD0728AA12,3/26/2024,213.29
CUST00866,ORDD4BF1EAA,5/5/2024,87.17
CUST00866,ORDAC9B5481,10/21/2024,94.49
CUST00866,ORD75EE0E15,7/6/2024,468.78
CUST00866,ORDDE6A6A3B,7/24/2024,483
CUST00866,ORDF5DFD9FE,3/20/2024,373.56
CUST00866,ORDF5B54D2A,8/12/2024,407.06
CUST00866,ORDF4A237BA,10/16/2024,98.99
CUST00866,ORD211EDA46,3/21/2024,440.75
CUST00867,ORD20D8AFC4,10/11/2024,395.41
CUST00867,ORD0C4CEEA7,8/20/2024,24.69
CUST00867,ORD4351DAAE,10/22/2023,110
CUST00867,ORD6758EA33,11/27/2024,207.79
CUST00868,ORD56A645A7,11/1/2024,455.4
CUST00868,ORD898217C0,4/15/2024,139.94
CUST00868,ORDFA8A240A,5/4/2024,167.33
CUST00868,ORD7C81E10D,9/2/2024,393.8
CUST00868,ORDABABED11,7/26/2024,172.48
CUST00868,ORDCBA006B3,12/6/2024,445.52
CUST00868,ORD9DE14339,4/9/2024,26.77
CUST00868,ORD7800B74D,10/9/2024,437.29
CUST00868,ORD05A0AA2F,4/28/2024,457.65
CUST00868,ORDDF3045E0,4/14/2025,32.78
CUST00868,ORD09DB025F,8/8/2024,194.75
CUST00868,ORDDB94E622,6/18/2024,303.27
CUST00869,ORDF2F8B882,10/5/2024,93.17
CUST00869,ORDB10C2D50,10/6/2024,59.06
CUST00869,ORDA10BFEB8,2/22/2024,180.85
CUST00869,ORD2217A18D,8/22/2023,119.12
CUST00869,ORDC98F7C25,10/2/2024,215.74
CUST00869,ORD15AF34DE,9/20/2024,42.5
CUST00869,ORDC363345B,12/7/2023,484.68
CUST00869,ORDC8C6A9CB,12/13/2024,237.57
CUST00869,ORD14618D71,11/19/2024,213.39
CUST00869,ORD4C467D53,9/28/2023,450.09
CUST00869,ORD0060FB28,9/5/2024,225.8
CUST00869,ORD25DB304B,5/28/2023,429.89
CUST00869,ORDDE4228EB,7/27/2024,406.62
CUST00869,ORDD4DF07C8,10/26/2024,10.35
CUST00869,ORD38F94BCB,10/17/2024,243.36
CUST00869,ORD0B9DE59A,5/2/2024,450.78
CUST00869,ORD3E790EC0,4/29/2024,135.86
CUST00870,ORD64067090,4/4/2025,331.62
CUST00870,ORDFF28F943,11/27/2024,189.14
CUST00870,ORD751D5F92,4/18/2024,310.67
CUST00870,ORD28012A06,4/21/2024,360.99
CUST00870,ORD6EAAB2F1,2/4/2025,244.12
CUST00870,ORD26228610,2/13/2024,376.87
CUST00870,ORDD3D9338C,4/5/2025,427.46
CUST00870,ORDC27A91F9,11/24/2024,106.18
CUST00870,ORDB03F4B8A,1/10/2024,117.46
CUST00870,ORDB5F0E077,1/6/2025,73.61
CUST00870,ORD435A17C0,1/17/2024,471.72
CUST00871,ORDF24D9A1D,6/5/2024,333.01
CUST00871,ORD83F2F298,11/6/2023,374.16
CUST00871,ORD8937D53C,5/23/2024,361.46
CUST00871,ORD0CE7CC3B,1/7/2025,148.33
CUST00871,ORDD1695BE7,12/18/2023,311.36
CUST00871,ORD3F7BD037,11/23/2023,132.39
CUST00871,ORD7AE9793B,2/24/2025,132.83
CUST00871,ORD49FC5A29,8/3/2024,367.71
CUST00872,ORDE87246E7,3/9/2024,171.03
CUST00872,ORDBBAB5A41,11/14/2023,487.24
CUST00872,ORD57EC9902,2/2/2024,337.49
CUST00872,ORD0967A2CA,8/22/2024,264.76
CUST00872,ORD4E5EC9E1,9/18/2024,292.81
CUST00872,ORDE573E77B,1/30/2025,442.96
CUST00872,ORDECAF554C,9/5/2024,382.35
CUST00872,ORD6015C6D1,3/16/2025,74.54
CUST00872,ORDEDF37139,3/13/2025,216.79
CUST00872,ORD7F5821B5,8/8/2023,333.99
CUST00873,ORD8AF2429F,7/15/2024,370.84
CUST00873,ORD88D8B648,3/26/2025,426.87
CUST00873,ORD8275B2B1,10/25/2024,376.49
CUST00873,ORD23895AD3,5/13/2024,401.89
CUST00873,ORDFC87EE5B,9/15/2023,319.62
CUST00873,ORD71371484,10/12/2023,399.16
CUST00873,ORDE559C506,2/13/2025,489.97
CUST00873,ORDA9010897,10/6/2024,17.02
CUST00873,ORDDA70BCC5,1/5/2025,320.97
CUST00873,ORD2AA5F264,6/18/2024,419.34
CUST00873,ORD92AD7125,2/20/2025,126.54
CUST00873,ORD4D43D50D,3/7/2024,204.41
CUST00873,ORDCE118FF6,2/5/2024,15.74
CUST00873,ORD7AC00D80,4/3/2025,245.58
CUST00873,ORDD3DB0E6D,3/20/2025,430.26
CUST00873,ORD286224E6,8/18/2023,102
CUST00873,ORD9DBEAA9E,8/19/2023,436.07
CUST00873,ORD8ABAB3E2,5/19/2024,485.68
CUST00873,ORD5299A57A,8/20/2024,208.77
CUST00874,ORD9C8DB337,10/29/2023,232.06
CUST00874,ORDC5167DB6,7/19/2024,138.77
CUST00874,ORDE883DC8B,2/9/2024,225.53
CUST00874,ORDB62B8751,2/11/2025,375.03
CUST00874,ORD2DBC99D4,4/14/2024,331.18
CUST00874,ORD41233E1B,4/20/2025,262.1
CUST00874,ORD85B2839F,2/17/2025,175.3
CUST00875,ORD4CFB1A12,12/5/2024,135.09
CUST00875,ORD25E6A2C6,10/27/2024,405.42
CUST00875,ORD5070C610,5/11/2024,248.8
CUST00875,ORDE3171AD0,4/10/2025,278.96
CUST00875,ORDFD9C94D0,2/23/2024,334.99
CUST00875,ORDA4FFD86B,4/6/2024,337.33
CUST00876,ORD9A0F0D97,3/30/2024,384
CUST00876,ORDB264A56D,12/18/2024,138.8
CUST00876,ORD6B183D15,8/4/2024,393.16
CUST00876,ORDCC0A5240,7/7/2024,218.99
CUST00876,ORD30089678,11/21/2023,22.45
CUST00876,ORDCDD79B43,2/7/2024,276.23
CUST00876,ORDC759711C,1/29/2025,56.35
CUST00876,ORD20B1195E,3/9/2025,487.79
CUST00876,ORD6256CEF6,10/24/2023,416.74
CUST00876,ORDF0551E2B,2/20/2025,68.94
CUST00876,ORD9E4F4D67,8/8/2024,359.22
CUST00877,ORDC93D2118,5/6/2024,437.92
CUST00877,ORDD7E3FEE3,11/30/2024,160.44
CUST00877,ORD39B581BF,1/3/2025,223.72
CUST00877,ORD1ED32103,12/21/2023,492.31
CUST00877,ORDF625185B,5/28/2024,50.65
CUST00878,ORD0BE484B7,7/1/2023,99.48
CUST00878,ORDCD08B890,4/18/2024,411.81
CUST00878,ORD4DE61D97,7/18/2023,443.96
CUST00878,ORDA96269FB,8/13/2024,260.34
CUST00878,ORDD0D00FF5,8/29/2024,79.44
CUST00878,ORD0451FE04,4/4/2025,343.48
CUST00878,ORD48AF60CA,6/8/2023,390.2
CUST00878,ORD9316CE48,6/8/2023,107.35
CUST00878,ORD972A0325,6/26/2024,374.85
CUST00878,ORD4F6D9397,2/5/2025,267.53
CUST00878,ORD67A05F49,8/30/2023,392.17
CUST00878,ORDA8F18802,5/30/2023,285.81
CUST00878,ORDA80AB347,9/5/2024,269.98
CUST00878,ORDC38F8314,11/12/2023,33.03
CUST00878,ORD51E67A7A,8/1/2023,271.25
CUST00878,ORD0B0EC67D,11/15/2024,274.33
CUST00878,ORDD7F6EA1B,4/2/2024,349.91
CUST00879,ORD265BE761,1/1/2025,91.71
CUST00879,ORD08875FDC,11/7/2024,87.79
CUST00879,ORD6A08184B,4/15/2025,343.39
CUST00879,ORD18FA0221,3/9/2025,321.1
CUST00879,ORD805FA79E,1/28/2025,430.88
CUST00879,ORD5501CEAB,9/28/2024,120.87
CUST00879,ORD946245CE,10/17/2024,466.02
CUST00879,ORDDAD70AAC,9/22/2024,360.88
CUST00879,ORD98BEB848,3/9/2025,275
CUST00879,ORDDE847F5F,4/1/2024,478.01
CUST00879,ORDE5530DA7,9/8/2024,217.77
CUST00879,ORDCD4B5CFB,10/30/2024,109.08
CUST00879,ORDE7ABB90F,6/25/2024,33.97
CUST00879,ORD78276C4E,10/10/2024,484.88
CUST00879,ORD04F66C89,2/12/2025,206.43
CUST00879,ORDC9974CA8,11/3/2024,200.99
CUST00879,ORD796B7AEB,11/1/2024,265.66
CUST00880,ORD1C81771A,12/29/2023,447.93
CUST00880,ORD445C8051,5/30/2024,239.32
CUST00880,ORD9DB81AAE,6/16/2024,76.7
CUST00880,ORDD5105741,1/20/2024,469.69
CUST00880,ORD3218D31F,4/14/2025,10.17
CUST00880,ORD2D06D9EF,11/12/2024,133.15
CUST00880,ORD917277A2,2/26/2025,282.32
CUST00880,ORD5C1F90C6,8/2/2024,162.69
CUST00880,ORDACC7C1BD,4/13/2025,462.3
CUST00880,ORD5B8E8107,5/30/2024,310.43
CUST00880,ORD9FA33DBE,6/8/2024,480.05
CUST00880,ORD38A8617C,6/22/2024,39.02
CUST00880,ORD27323290,11/14/2024,211.08
CUST00880,ORDA996FE7B,3/31/2025,80.46
CUST00881,ORD7901B14F,2/14/2024,384.65
CUST00881,ORD95DD3ACD,12/17/2024,405.42
CUST00881,ORDE6C0A153,11/4/2024,475.95
CUST00881,ORDA99089B6,10/9/2024,128.81
CUST00881,ORDA2A9357C,2/12/2025,395.29
CUST00881,ORD030D295C,3/21/2025,326.58
CUST00882,ORD63C3D3D8,10/17/2024,299.79
CUST00882,ORD94983514,12/28/2024,131.8
CUST00882,ORDEA9C76C2,11/3/2024,181.7
CUST00882,ORD255518C5,4/14/2025,120.89
CUST00882,ORD0F20B7F8,3/21/2024,475.03
CUST00882,ORD2C65327B,2/13/2025,78.82
CUST00882,ORD32D958B2,4/3/2025,206.71
CUST00882,ORD1D9BD95F,10/5/2024,365.73
CUST00882,ORD66B22DA5,3/2/2024,297.11
CUST00882,ORD0310C222,3/19/2024,339.44
CUST00882,ORD964F84DD,2/23/2024,110.86
CUST00882,ORDD72A2A72,7/7/2024,79.78
CUST00882,ORD53EEE3E0,2/17/2024,144.98
CUST00883,ORD7A4A0F04,1/26/2024,15.28
CUST00883,ORDB9FE2343,6/28/2024,67.47
CUST00883,ORDE83E4B69,4/6/2024,162.47
CUST00883,ORDB57D40C6,7/3/2024,60.28
CUST00883,ORDDCE85E3C,9/16/2024,317.99
CUST00883,ORD7C71EA57,1/29/2024,240.84
CUST00883,ORD01BF6FFA,11/20/2023,333.61
CUST00883,ORDDE4DDAC4,7/30/2024,156.42
CUST00883,ORD63C07D89,11/25/2024,71.18
CUST00883,ORD75B9DDED,2/2/2024,374.03
CUST00883,ORD9C0ABE72,7/11/2024,232.64
CUST00884,ORD379D2305,1/25/2025,441.31
CUST00884,ORD7063370D,6/22/2024,379.58
CUST00884,ORD1FF366C9,11/17/2024,362.8
CUST00885,ORD92C0F1EC,4/7/2025,475.25
CUST00885,ORDECBD41FB,8/24/2024,30.08
CUST00885,ORD8B96931A,6/4/2024,420.61
CUST00885,ORD2241EFFE,3/13/2025,135.17
CUST00885,ORDE03EF9DE,2/7/2025,317.18
CUST00885,ORD92C38E45,5/2/2024,218.7
CUST00885,ORDC44247E5,1/1/2025,92.54
CUST00885,ORD46CE01EB,9/6/2024,357.78
CUST00885,ORD6158134F,8/12/2024,434.1
CUST00886,ORDE08B19D1,2/6/2024,381.65
CUST00886,ORD933AAC01,9/20/2024,120.07
CUST00886,ORD29B16085,2/1/2025,60.49
CUST00886,ORD25D37BBC,7/13/2024,498.83
CUST00886,ORD20E531B2,5/1/2024,305.62
CUST00886,ORD85A9DF53,2/26/2025,303.53
CUST00886,ORD03FE1969,3/23/2025,187.65
CUST00886,ORD37169486,12/6/2024,435.99
CUST00886,ORDAE1CF867,10/31/2024,335.81
CUST00886,ORDCF06D3D1,7/20/2024,419.99
CUST00886,ORD9E714064,11/11/2024,481.99
CUST00886,ORD19E08D48,5/12/2024,216.62
CUST00886,ORDF963C751,5/21/2024,322.65
CUST00886,ORD87572764,2/18/2025,433.93
CUST00886,ORDB95F5BFF,4/27/2025,147.3
CUST00886,ORD2AFD8706,4/17/2025,364.79
CUST00887,ORDB8CCE871,2/12/2025,453.32
CUST00887,ORD35B033EE,4/18/2025,323.73
CUST00887,ORD40D85F7B,10/8/2024,171.13
CUST00887,ORDBF913C91,3/8/2025,336.82
CUST00887,ORD526BF6CA,4/20/2024,133.11
CUST00887,ORD0C5CA4A7,3/17/2025,184.76
CUST00887,ORDE6AA3F0E,12/31/2024,16.33
CUST00887,ORD9F2967AB,10/16/2024,359.42
CUST00887,ORD528B7BCE,4/2/2024,247.92
CUST00888,ORD7AAF6152,12/29/2023,252.54
CUST00888,ORDF0672E9F,5/20/2024,299.63
CUST00888,ORD8A0642C7,1/10/2024,336.16
CUST00888,ORDE3A4073E,6/18/2024,60.94
CUST00888,ORD60C85F98,11/26/2024,392.65
CUST00888,ORD96A3669E,12/8/2024,357.18
CUST00888,ORD8FA307CC,11/20/2024,284.73
CUST00888,ORD14D23C20,7/4/2024,420.33
CUST00888,ORDAF221558,2/13/2024,194.15
CUST00888,ORD33743694,4/15/2025,264.29
CUST00888,ORD529FC410,3/24/2025,463.37
CUST00888,ORD7EAFC493,11/21/2024,197.47
CUST00888,ORD4DF7CBA9,5/1/2024,304.81
CUST00888,ORD4A9C46B4,9/28/2024,299.27
CUST00888,ORD0777EBE1,5/9/2024,398.86
CUST00888,ORD4AA2A2DC,6/21/2024,477.5
CUST00888,ORDEBD459A1,5/26/2024,292.06
CUST00888,ORDD395D397,1/22/2024,67.56
CUST00888,ORD3B3A6F5A,10/23/2024,384.38
CUST00889,ORD131D0F39,8/24/2024,294.26
CUST00889,ORDC1BB7810,4/5/2024,357.56
CUST00889,ORD1A576A66,9/22/2024,305.86
CUST00889,ORD3C252502,8/26/2023,409.49
CUST00889,ORD05E9CD16,7/3/2024,361.96
CUST00889,ORDF22011E3,10/6/2023,29.53
CUST00889,ORDC35854A4,3/15/2025,327.07
CUST00889,ORD5BFD5A56,12/16/2024,225.72
CUST00889,ORDD67D155B,2/4/2025,235.76
CUST00889,ORD24B85352,2/26/2025,433.07
CUST00889,ORD4313EC9F,7/6/2024,28.27
CUST00889,ORD921E1D7E,1/14/2025,205.36
CUST00890,ORDF927611C,12/1/2024,337.84
CUST00890,ORDF09493DC,7/20/2024,22.56
CUST00890,ORD4544AA35,10/3/2024,287.8
CUST00890,ORD23428685,3/21/2024,21.83
CUST00890,ORD854A6815,3/22/2024,473.52
CUST00890,ORD0075423B,10/24/2024,58.41
CUST00890,ORDD7CA6EC5,9/21/2024,461.13
CUST00890,ORDC9572BDB,12/14/2024,402.93
CUST00890,ORD9079678F,4/23/2025,367.24
CUST00890,ORD2769D827,3/24/2025,426.22
CUST00890,ORD1B7DF872,12/26/2024,134.22
CUST00890,ORD92E7581B,2/3/2025,411
CUST00890,ORD31079F49,10/5/2024,178.58
CUST00890,ORD93478A8E,4/20/2024,487.05
CUST00891,ORD1C0C614B,10/12/2024,145.55
CUST00891,ORD6E2A8AA4,1/21/2024,394.02
CUST00891,ORD218D141E,1/9/2025,169.01
CUST00891,ORD6639340E,1/1/2025,352.56
CUST00891,ORDD12F5FF9,9/18/2024,321.06
CUST00891,ORD81AEB2F6,5/11/2024,386.62
CUST00891,ORDD558001E,4/14/2024,88.69
CUST00891,ORD24C44CD0,2/15/2024,283.65
CUST00892,ORD7C7AB241,9/14/2023,327.66
CUST00892,ORD0C2BE54E,8/16/2024,372.95
CUST00892,ORDBB460F75,7/23/2024,379.13
CUST00892,ORD677435CC,11/4/2024,392.67
CUST00892,ORDB09BAC7D,2/6/2024,94.31
CUST00892,ORD8E1E038D,7/30/2023,254.92
CUST00892,ORD3CCFBCF6,7/4/2023,53.55
CUST00892,ORDFAECA10B,2/14/2025,182.38
CUST00892,ORD120C19E7,10/18/2024,273.74
CUST00892,ORD82079972,7/16/2023,404.53
CUST00892,ORD8EFE72BC,10/4/2023,483.29
CUST00892,ORD10046B98,3/19/2025,165.1
CUST00892,ORD94D25674,4/2/2024,159.86
CUST00892,ORDF54E022A,9/4/2024,457.94
CUST00892,ORD9D3AF095,10/20/2024,54.31
CUST00892,ORD2964A4E6,3/2/2024,208.97
CUST00892,ORDAB51A80A,12/22/2024,314.68
CUST00892,ORD2C23BAB3,2/5/2025,323.34
CUST00893,ORD93000861,12/16/2023,109.05
CUST00893,ORD2C80EE4B,11/21/2023,429.43
CUST00893,ORD95A8CDBD,9/13/2024,247.87
CUST00893,ORD7AEB252D,7/5/2024,175.13
CUST00893,ORD137D62A2,4/10/2024,224.51
CUST00893,ORDA37716DB,5/14/2024,187.12
CUST00893,ORD7B7C7323,3/28/2025,88.02
CUST00893,ORDB53A3E22,6/30/2024,92.59
CUST00893,ORDBFDB942B,2/26/2024,17.8
CUST00893,ORD55127F9D,2/3/2024,103
CUST00893,ORDAE88C85E,12/29/2023,162.16
CUST00893,ORD29635D24,10/22/2024,258
CUST00893,ORDDEAF2D79,2/24/2024,324.73
CUST00894,ORDCB6783B6,4/27/2024,380.82
CUST00894,ORD18306FFC,4/9/2025,273.74
CUST00894,ORD2521E6B6,12/26/2024,205.01
CUST00894,ORD350118B1,3/11/2025,350.86
CUST00894,ORD59895774,4/23/2025,107.32
CUST00894,ORD876173E9,9/21/2024,54.37
CUST00894,ORDC79FDA1A,6/4/2024,303
CUST00894,ORD024126E3,4/23/2025,439.7
CUST00894,ORDA35A22EF,5/5/2024,208.27
CUST00894,ORD58EF2446,11/13/2024,139.05
CUST00895,ORD95E2170A,4/15/2024,271.09
CUST00895,ORDF4AE177B,1/13/2025,204.41
CUST00895,ORDB53D4471,3/13/2025,461.42
CUST00895,ORDE81D08C7,12/25/2024,60.78
CUST00895,ORDC054A1EC,10/10/2024,478.48
CUST00895,ORD5194F141,4/24/2025,409.14
CUST00895,ORDBF99BE8A,3/12/2024,444.85
CUST00895,ORD51F6DFF6,7/20/2024,154.02
CUST00895,ORDD66CA2D6,11/16/2024,289.35
CUST00895,ORD8447F0B6,2/16/2025,50.28
CUST00895,ORDBA4931C0,12/14/2024,499.73
CUST00896,ORD5A04B6AD,1/11/2025,414.81
CUST00896,ORD37B1A9E0,11/30/2023,130.49
CUST00896,ORD172DBC88,12/8/2024,85.96
CUST00896,ORD0B88C490,7/25/2024,496.41
CUST00896,ORD0AE5337B,7/6/2024,22.92
CUST00896,ORDE4E83E8E,4/19/2025,119.99
CUST00896,ORD3553460C,5/2/2024,350.59
CUST00896,ORDEEA93EAB,1/9/2025,117.3
CUST00896,ORD175F65F1,3/19/2024,438.82
CUST00896,ORD9E38D240,9/26/2023,225.77
CUST00896,ORDA9A905EA,4/13/2024,407.65
CUST00896,ORD353EF3C8,6/17/2024,81.23
CUST00896,ORDF4A64E8B,1/25/2024,155.43
CUST00896,ORD475D0BF5,8/19/2024,482.65
CUST00896,ORDA6C60040,11/20/2023,430.19
CUST00897,ORDDAE1D8B1,1/27/2025,420.59
CUST00897,ORDE3C1EBFE,1/27/2024,213.12
CUST00897,ORD45A9D206,10/2/2024,280.1
CUST00897,ORD6A7BCC75,2/7/2024,288.36
CUST00897,ORD4D1F9511,11/12/2024,212.04
CUST00897,ORD3A6E634C,1/3/2024,425.47
CUST00897,ORD3D0495A0,3/19/2025,294.64
CUST00897,ORD072042C1,9/11/2024,317.36
CUST00897,ORDDDF156A9,4/23/2024,445.42
CUST00897,ORD6F2E27A2,11/4/2024,489.77
CUST00897,ORD593C776F,4/23/2024,375.93
CUST00897,ORDAED31243,5/23/2024,356.31
CUST00897,ORD06759E5E,10/1/2024,491.14
CUST00897,ORD943C5142,11/3/2024,403.68
CUST00897,ORD1768E365,12/14/2023,139.14
CUST00897,ORD8F644AF3,1/26/2025,191.41
CUST00898,ORDB2FC31D9,11/13/2023,166.88
CUST00898,ORDB9ABC503,3/21/2025,184.97
CUST00898,ORDDB173172,9/27/2023,479.46
CUST00898,ORD5AAA1937,7/7/2024,75.9
CUST00898,ORDAB10B863,3/9/2024,431.37
CUST00898,ORD6EA7FC06,4/15/2025,493.27
CUST00898,ORD85326658,1/20/2024,130.98
CUST00898,ORDB50D26CC,10/23/2023,273.75
CUST00899,ORD4B3D403D,10/7/2024,57.34
CUST00899,ORDF6C64DEB,1/24/2024,459.56
CUST00899,ORD372DF686,9/25/2024,492.9
CUST00899,ORDBF10E08F,10/23/2024,357.09
CUST00899,ORD9A51FC61,3/7/2024,272.33
CUST00900,ORD0DD1398C,6/10/2024,405.55
CUST00900,ORDC08DEACA,3/13/2024,306
CUST00900,ORD001EBD38,7/6/2024,362.85
CUST00900,ORD5A994AF7,8/28/2024,361.61
CUST00901,ORDC5621F73,11/5/2024,412.33
CUST00901,ORDBFA755CB,4/18/2024,119.74
CUST00901,ORD2B74B3FA,2/14/2025,141.88
CUST00901,ORD799F0E44,3/16/2025,419.94
CUST00901,ORD4FBFEC44,5/8/2024,235.52
CUST00901,ORD5170AF40,10/30/2024,224.56
CUST00901,ORD8896B0E7,1/8/2024,299.62
CUST00901,ORD7854FB6A,8/24/2024,41.68
CUST00901,ORD456D0576,3/15/2025,497.94
CUST00901,ORDED44CFBE,9/12/2024,20.84
CUST00901,ORDA1DB0179,5/29/2024,229.75
CUST00901,ORD8FBA4714,3/8/2024,328.64
CUST00901,ORDFC7BC029,4/26/2024,448.96
CUST00901,ORDE4276EA5,11/6/2024,243.55
CUST00901,ORDFB0F229F,9/24/2024,356.09
CUST00901,ORD1F5B36B3,4/24/2025,41.25
CUST00901,ORD48E6F144,7/5/2024,183.66
CUST00901,ORDA266BF28,10/21/2024,477.82
CUST00902,ORDA46D7EC9,11/5/2024,289.18
CUST00902,ORD082037D1,4/12/2025,474.2
CUST00902,ORDDD0F5543,10/19/2023,366.6
CUST00902,ORD621955F5,6/4/2024,359.67
CUST00902,ORD9A3A9541,8/16/2024,250.5
CUST00902,ORD9525FC44,1/11/2025,355.07
CUST00902,ORD8E64DB34,1/16/2025,471.95
CUST00902,ORDDAE2F7E4,1/2/2024,493.24
CUST00902,ORD643725B1,9/15/2024,115.45
CUST00903,ORD8EF4534F,3/29/2024,161.81
CUST00903,ORDBFF0B832,9/21/2024,351.63
CUST00903,ORD0B482873,5/10/2024,159.28
CUST00903,ORD241FD6A1,1/11/2025,123.96
CUST00903,ORDC74A880E,7/18/2024,401.22
CUST00903,ORDCE28DE85,12/17/2024,258.9
CUST00903,ORD3141D317,11/27/2024,209.5
CUST00903,ORDFACD8411,3/10/2025,385.49
CUST00903,ORD04E605FF,12/18/2023,490.29
CUST00903,ORDF4E99228,4/27/2025,297.57
CUST00903,ORDF6C04BB3,1/15/2025,432.74
CUST00903,ORD0EC1C077,12/24/2024,485.74
CUST00903,ORD7FBB9710,4/26/2025,35.96
CUST00903,ORDB2F54943,4/23/2025,379.69
CUST00903,ORDE82B6131,9/26/2024,297.85
CUST00904,ORD5D7BC586,4/6/2024,310.79
CUST00904,ORD33A1DA88,10/26/2023,269.59
CUST00904,ORD0D5380CA,4/1/2024,367.89
CUST00905,ORD7A95DA23,2/3/2024,131.91
CUST00905,ORDD794CF0C,4/19/2025,304.75
CUST00905,ORD2146F7A5,7/19/2024,381.82
CUST00905,ORDA12F27AA,3/22/2025,97.88
CUST00905,ORD1A4D14A0,5/9/2024,98.81
CUST00905,ORDEA0B638C,7/19/2024,328.21
CUST00905,ORDC904F75E,2/6/2025,252.54
CUST00906,ORD90279EB9,3/11/2024,172.58
CUST00906,ORDC25E5697,12/27/2024,56.14
CUST00906,ORD6F4773EB,6/14/2024,207.74
CUST00906,ORDF4A1EC67,10/26/2024,353.46
CUST00907,ORDFD87CA2D,6/21/2023,404.41
CUST00907,ORD5586F110,1/29/2024,196.83
CUST00907,ORD46484E2D,10/13/2024,242.46
CUST00907,ORD5CFEB050,4/11/2024,425.16
CUST00907,ORDECE4F36B,7/20/2024,99.66
CUST00907,ORD1AC8C377,5/14/2024,162.49
CUST00907,ORD85C2642F,11/18/2024,96.93
CUST00907,ORD9DCE758B,6/25/2023,220.88
CUST00907,ORD8C0D46EB,12/1/2024,133.49
CUST00907,ORDC9F89F35,10/31/2023,54.46
CUST00907,ORD04121D58,10/4/2024,137.65
CUST00907,ORD3D0D0F4B,4/20/2024,108.3
CUST00907,ORD070F5261,2/12/2024,182.09
CUST00908,ORD0F9CEA0A,10/3/2024,176.46
CUST00908,ORD271A6E7E,12/24/2024,378.39
CUST00908,ORD335A2594,1/12/2025,266.69
CUST00909,ORDF5471B4A,3/27/2025,440.86
CUST00910,ORD4F01F8A1,4/21/2024,491.18
CUST00910,ORD68E5D376,1/13/2024,38.98
CUST00911,ORD11B8CF75,6/12/2024,56.79
CUST00911,ORD62D82EDE,12/18/2023,10.85
CUST00911,ORD323ECF26,5/15/2024,492.71
CUST00911,ORDC997E199,10/29/2024,16.16
CUST00911,ORD42888FCD,1/2/2025,170.16
CUST00911,ORDB58B0EBA,9/25/2023,160.07
CUST00911,ORDA6F249FB,2/26/2024,402.02
CUST00911,ORD99A31AF1,3/11/2024,288.36
CUST00911,ORD45FD39ED,12/26/2023,193.67
CUST00911,ORD59F6E263,11/27/2024,44
CUST00911,ORD82C3B308,10/24/2023,94.47
CUST00911,ORDC45CD49F,4/19/2024,321.88
CUST00912,ORD3564758D,1/8/2024,99.08
CUST00912,ORDB15F26D8,8/30/2024,117
CUST00912,ORD9727E16C,10/5/2024,179.17
CUST00912,ORD66FB813B,5/11/2024,437.33
CUST00912,ORDE409739F,8/25/2024,457.18
CUST00912,ORD47F09FC5,11/23/2024,303.86
CUST00912,ORD13FAE626,10/22/2024,291.25
CUST00912,ORD4E725B3A,5/28/2024,446.8
CUST00912,ORDB3E0374D,12/4/2024,356.12
CUST00912,ORDC7AF25C4,12/27/2024,441.04
CUST00912,ORDF490097F,7/24/2024,96.97
CUST00912,ORD55F86DC6,4/18/2024,82.94
CUST00912,ORD49E03812,11/27/2024,411.31
CUST00912,ORDA77C3E7A,2/21/2025,24.87
CUST00912,ORD9B06F767,3/3/2024,29
CUST00912,ORDAECC88FC,5/2/2024,273.42
CUST00913,ORD894EA476,6/17/2024,405.53
CUST00913,ORD10BE1C71,2/27/2024,162.72
CUST00913,ORD83A02D50,5/26/2024,152.8
CUST00913,ORD8C1124F8,8/27/2024,181.04
CUST00914,ORD7F65221C,11/7/2023,299.15
CUST00914,ORDC09D05E9,3/12/2025,92.02
CUST00914,ORD9C486082,11/6/2024,58.86
CUST00914,ORD5BAEA698,5/17/2024,104.65
CUST00914,ORD01BE8D3A,6/21/2023,86.07
CUST00914,ORD43AF5AC2,8/14/2023,310.46
CUST00915,ORDE0D80BA2,5/8/2024,469.53
CUST00915,ORDBB1342DB,7/24/2024,465.02
CUST00915,ORD8BB80D27,5/31/2024,278.51
CUST00915,ORD17AA91A6,10/5/2024,200.53
CUST00915,ORD3D2EF8FA,10/18/2024,229.49
CUST00915,ORD12BA0AF0,9/28/2024,67.03
CUST00915,ORD1E616839,7/19/2023,281.69
CUST00915,ORD3EDD6A49,9/7/2024,175.79
CUST00915,ORDA8C44FA3,7/26/2024,189.19
CUST00915,ORD9EDD4B52,12/24/2024,127.33
CUST00915,ORD11EB9FD8,11/1/2024,410.62
CUST00916,ORD05CF8B14,3/24/2025,399.09
CUST00916,ORD28862191,5/14/2024,30.38
CUST00916,ORD111F318F,12/21/2024,38.73
CUST00916,ORD3523C63A,10/15/2024,491.35
CUST00916,ORDF150972E,12/28/2023,245.41
CUST00916,ORD0A1D081F,4/15/2025,423.36
CUST00916,ORD62A7973F,1/5/2025,333.23
CUST00917,ORDD3805E26,11/23/2023,58.4
CUST00917,ORDB66F753D,4/24/2025,264.72
CUST00917,ORDB35F1A18,4/16/2024,335.12
CUST00917,ORDB0BB68ED,12/7/2024,167.07
CUST00917,ORD16C57068,1/29/2024,268.4
CUST00917,ORDF2ED070D,4/10/2024,291.79
CUST00917,ORD340B729C,10/31/2024,270.64
CUST00917,ORDDC5C9AAD,11/12/2023,203.15
CUST00917,ORDA21B892F,9/24/2024,277.73
CUST00917,ORDE4E87D3A,9/11/2023,108.46
CUST00917,ORDBDA56425,11/24/2023,166.96
CUST00917,ORDA5CFEC17,8/29/2024,229.47
CUST00917,ORD5998EA0D,2/17/2024,107.04
CUST00917,ORDE4C0800A,5/12/2024,472.68
CUST00917,ORDF3FFD715,10/16/2023,218.9
CUST00917,ORD65628313,10/26/2024,223.22
CUST00917,ORDCC0294F5,10/23/2024,50.37
CUST00917,ORDAFE65541,10/18/2023,21.68
CUST00917,ORD452C093E,4/12/2024,61.12
CUST00918,ORD4E388E2D,12/22/2023,247.21
CUST00918,ORD65E73D5F,5/30/2024,200.52
CUST00918,ORDC054D63B,7/21/2024,253.83
CUST00918,ORD265A31C1,12/3/2024,395.32
CUST00918,ORD0556FAF0,7/15/2024,150.73
CUST00918,ORD24EF2058,4/2/2024,345.19
CUST00918,ORDC377DAFD,2/1/2024,37.01
CUST00918,ORD8219D0D5,12/25/2023,417.32
CUST00918,ORD0FCE5754,2/26/2025,102.16
CUST00918,ORD79973D72,5/30/2024,53.7
CUST00918,ORD6038F4FC,11/30/2023,447.13
CUST00918,ORD39DDFEB6,11/7/2023,376.45
CUST00918,ORD60BD1A8D,2/5/2025,289.92
CUST00918,ORDCDD037DA,11/11/2024,94.95
CUST00918,ORDAE048D4B,4/14/2024,163.69
CUST00918,ORD56421D63,10/28/2024,33.5
CUST00918,ORD819E32A3,3/28/2025,23.7
CUST00918,ORD4DEFD1B8,4/7/2025,483.72
CUST00919,ORD37B8B87A,9/4/2024,102.24
CUST00919,ORD19E8BC92,8/10/2024,482.45
CUST00919,ORD9B1B3170,11/25/2024,35.69
CUST00919,ORD4A0469FE,3/22/2025,414.44
CUST00919,ORD715FFEA3,8/7/2024,438.12
CUST00919,ORDDD908CBE,10/30/2024,371.88
CUST00919,ORD6B6FB633,8/22/2024,266.75
CUST00919,ORDC7AE0C85,10/17/2024,97.36
CUST00919,ORD16914F35,4/5/2024,191.7
CUST00919,ORD2BD003C8,7/2/2024,352.6
CUST00919,ORD89521E5C,6/27/2024,456.22
CUST00919,ORDB2265D17,7/16/2024,58.34
CUST00919,ORDE3D0C0BE,9/18/2024,475.48
CUST00920,ORD8DD80556,2/2/2025,359.08
CUST00920,ORDD173D913,2/7/2025,45.75
CUST00920,ORDCF93F08C,5/25/2024,109.77
CUST00920,ORD0E426D57,7/26/2023,111.3
CUST00920,ORDD64BBECA,2/3/2024,323.81
CUST00920,ORD3D56035B,12/24/2024,17.64
CUST00920,ORDF2B68244,10/2/2024,461.82
CUST00920,ORD5CE46B7C,3/18/2024,110.95
CUST00921,ORDF14FAF18,9/26/2023,462.91
CUST00921,ORD56A2880D,9/6/2024,12.32
CUST00921,ORD33875DCE,7/31/2024,127.79
CUST00921,ORD8D366F58,8/1/2023,408.68
CUST00922,ORD68F5DBEF,3/22/2025,492.36
CUST00922,ORDF6CF470C,10/31/2024,493.67
CUST00922,ORDA041DD70,1/12/2025,415.02
CUST00922,ORD9AC8CB73,5/7/2024,192.17
CUST00922,ORD7E1E9857,10/8/2024,420.52
CUST00922,ORD2F11EC1F,2/22/2025,31.93
CUST00922,ORD33133C1E,6/21/2024,79.42
CUST00922,ORDC07DCBCC,7/29/2024,130.62
CUST00922,ORDD16DE172,8/19/2024,337.58
CUST00922,ORDF1878C67,11/9/2024,442.15
CUST00922,ORD3BE6627D,4/18/2024,217.19
CUST00923,ORD54CA4AF7,7/18/2024,357.98
CUST00923,ORD6DCD8C03,7/25/2024,452.02
CUST00923,ORD35FA6469,11/9/2024,161.77
CUST00923,ORDC636D87E,6/7/2024,470.73
CUST00923,ORD854948BE,4/15/2025,330.13
CUST00923,ORD2C01F1B8,3/14/2025,457.73
CUST00923,ORD3B75E522,2/27/2025,210.51
CUST00923,ORD86499FF8,7/5/2024,15.01
CUST00923,ORDFC4231C8,11/25/2024,413.54
CUST00923,ORDE002BBAC,12/22/2024,194.79
CUST00923,ORD5F51B2D6,7/8/2024,422.89
CUST00923,ORD582FA19F,12/11/2024,102.85
CUST00923,ORD27C6E483,8/2/2024,391.82
CUST00923,ORD1995A736,2/16/2025,134.18
CUST00923,ORD4CCF229E,10/5/2024,15.11
CUST00923,ORDA799FB59,3/5/2025,349.34
CUST00923,ORDAE958BDE,1/25/2025,30.48
CUST00923,ORDAE6311E0,10/21/2024,385.89
CUST00923,ORDD1FB8AD5,9/10/2024,73.16
CUST00924,ORD6AB6C5CD,9/18/2024,44.56
CUST00924,ORD03C0636B,2/5/2024,66.05
CUST00924,ORD39C19DD4,4/20/2025,87.87
CUST00924,ORD960CC968,3/16/2024,397.68
CUST00924,ORD2BB8CF16,6/28/2023,42.59
CUST00924,ORD64842A77,6/29/2023,273.1
CUST00924,ORDF77D358A,3/17/2024,92.01
CUST00924,ORD29BABE35,2/2/2024,372.65
CUST00925,ORDF381F52B,9/7/2023,149.56
CUST00925,ORD222F21FA,6/20/2024,150.36
CUST00925,ORDC9E1695C,10/17/2024,429.2
CUST00925,ORDA12F257A,12/13/2024,138.13
CUST00925,ORD2C19C639,7/1/2024,382.88
CUST00925,ORD3795C691,1/12/2024,203.5
CUST00925,ORD0ED55D24,4/14/2024,443.94
CUST00925,ORD04B357F9,8/21/2023,109.04
CUST00925,ORDB3BDD0D7,10/29/2024,52.39
CUST00925,ORD99A0245A,10/17/2024,424.76
CUST00925,ORD60924CF7,12/6/2023,108.39
CUST00925,ORD730B82FE,11/8/2023,263.93
CUST00925,ORD74B86067,10/9/2024,27.49
CUST00926,ORDEEE7BE3E,3/25/2025,63.58
CUST00926,ORD53654822,2/12/2025,122.04
CUST00926,ORD4CAD2F35,2/15/2025,418.22
CUST00926,ORDC25E377D,3/19/2024,100.39
CUST00926,ORD1E6219E8,4/26/2024,383.65
CUST00926,ORDD057885F,3/28/2025,405.14
CUST00926,ORD31671125,12/18/2024,128.46
CUST00926,ORD4312A6AC,4/8/2024,311.51
CUST00926,ORD39EB351D,11/20/2024,224.67
CUST00926,ORD1AE4BD96,1/13/2025,79.95
CUST00926,ORD990AE726,4/29/2025,302.53
CUST00926,ORD43985438,11/7/2024,30.12
CUST00926,ORDE5BDCC59,3/26/2025,467.47
CUST00926,ORD202038C0,11/19/2024,385.73
CUST00926,ORD954C7DDB,10/3/2024,102.6
CUST00926,ORD105C4195,4/15/2024,113.11
CUST00927,ORD72FD2E84,10/20/2023,31.44
CUST00927,ORD8B00CBD2,12/18/2023,16.96
CUST00927,ORD1FA9B66F,5/23/2024,84.83
CUST00927,ORDECC33AEF,8/24/2024,431.15
CUST00927,ORDBFB58F95,3/14/2025,132.89
CUST00927,ORD9D4F9F7F,4/30/2024,96.01
CUST00927,ORD383050D6,9/5/2023,236.4
CUST00927,ORD41BA1F38,12/23/2024,451.77
CUST00927,ORDC3D5785A,2/15/2025,37.65
CUST00927,ORD710ACE36,2/19/2024,196.22
CUST00927,ORDE63F20C0,3/6/2024,473.94
CUST00928,ORDF7382FA4,11/22/2023,41.19
CUST00928,ORDA7AE5948,2/16/2025,100.14
CUST00928,ORD47718E39,12/4/2024,105.23
CUST00928,ORD73E1CEB9,4/17/2024,332.43
CUST00928,ORD11FB5814,2/25/2024,225.05
CUST00928,ORDACC83720,9/23/2024,436.96
CUST00928,ORD37BED6BD,2/16/2025,44
CUST00928,ORD7B25CB04,3/13/2024,130.43
CUST00928,ORD1C610153,12/28/2024,268.99
CUST00928,ORDE94AFD2E,6/9/2024,282.86
CUST00928,ORD9F06A5E5,2/16/2024,80.25
CUST00928,ORD01E95A19,5/7/2024,482.45
CUST00928,ORDAEE9A510,2/6/2024,37.79
CUST00928,ORD6D473423,2/28/2024,345.53
CUST00928,ORDFE30A9A3,4/24/2025,210.86
CUST00928,ORDD18A3F5D,3/29/2024,271.79
CUST00928,ORDA4E2DDB2,6/19/2024,313.11
CUST00929,ORDDCB0A815,3/28/2024,364.8
CUST00929,ORDA83548C2,4/5/2024,167.61
CUST00929,ORD31127C20,6/30/2024,28.83
CUST00929,ORD735A45A7,3/15/2025,451.74
CUST00929,ORDEA8BAAE6,6/15/2024,345.32
CUST00929,ORD4047E647,8/4/2024,12.89
CUST00930,ORD56B0CF05,8/30/2024,285.73
CUST00931,ORD12441E2D,5/20/2024,386.66
CUST00931,ORDB92F8C9D,3/9/2025,68.62
CUST00931,ORD27C3612E,12/31/2024,120.01
CUST00931,ORD32D91BB1,3/31/2025,317.86
CUST00931,ORDC77990AB,3/16/2025,286.18
CUST00931,ORDEED91958,3/17/2024,46.22
CUST00931,ORD0FA38963,6/18/2024,327.94
CUST00931,ORD0CF73634,4/12/2024,456.3
CUST00931,ORD3789F118,3/14/2024,469.23
CUST00931,ORD4564E096,12/6/2024,325.95
CUST00931,ORD3F001602,3/17/2024,148.41
CUST00931,ORDEE00D6C8,9/26/2024,311.86
CUST00931,ORD07513653,6/8/2024,230.34
CUST00932,ORD08E817DC,3/20/2024,344.61
CUST00932,ORD96E39BDA,4/16/2025,310.18
CUST00932,ORD30FCD991,4/20/2025,179.12
CUST00932,ORD74E4D1D8,7/19/2023,494.11
CUST00932,ORDEB81060D,3/3/2025,232.94
CUST00932,ORD2F0BDD70,7/20/2023,460.52
CUST00932,ORDD5DDB528,11/15/2023,85.04
CUST00932,ORD039E408B,3/31/2024,272.86
CUST00933,ORD88E8DAA0,4/14/2024,119.68
CUST00933,ORDDE51721D,11/29/2023,150.56
CUST00933,ORD81BF59B9,4/22/2024,368.18
CUST00933,ORD26B431A2,9/16/2024,481.89
CUST00933,ORD02A13109,2/27/2024,200.34
CUST00933,ORD7BCEBF16,9/26/2024,136.03
CUST00933,ORD41FE0053,7/27/2023,88.56
CUST00933,ORD0DD402FE,3/26/2024,372.6
CUST00933,ORDE9E43834,4/9/2024,221.55
CUST00933,ORD2D83DB57,1/1/2024,156.93
CUST00933,ORD826261F7,12/31/2024,30.85
CUST00933,ORD03E0C57E,3/17/2025,211.08
CUST00934,ORD2722E40C,9/26/2023,427.32
CUST00934,ORD9D7FAE85,2/4/2025,493.87
CUST00934,ORD7EA990D0,10/18/2024,71.26
CUST00934,ORD9B381E2E,10/27/2023,316.98
CUST00934,ORD3250F0E3,2/23/2024,111.97
CUST00934,ORD0366B7BC,7/7/2024,208.84
CUST00934,ORDB16D5EAF,10/28/2024,442.97
CUST00934,ORD1F93741B,8/2/2023,235.68
CUST00934,ORDFC49EA25,8/17/2023,231.63
CUST00934,ORD4C74902B,3/31/2025,476.66
CUST00934,ORD43B5C1A0,11/17/2024,237.12
CUST00934,ORD02A07989,9/24/2023,175.52
CUST00934,ORD52019EC0,4/2/2025,336.03
CUST00934,ORDB86A7506,3/2/2024,75.23
CUST00934,ORD0493AFA8,7/4/2023,269.67
CUST00934,ORD8E8BB809,4/24/2024,130.54
CUST00934,ORD38A1D3BC,6/6/2023,359.17
CUST00934,ORD0B4F7083,8/31/2024,288.51
CUST00935,ORDEC79D7DB,7/29/2024,188.07
CUST00935,ORDFCB3C265,3/2/2024,237.05
CUST00935,ORD76D22337,12/7/2023,432.59
CUST00935,ORDB95C6817,6/15/2024,398.12
CUST00935,ORD89B5ABC0,10/7/2023,193.66
CUST00935,ORD7B9733D1,11/18/2023,160.38
CUST00935,ORDA855B18A,2/11/2025,202.49
CUST00935,ORD476A58B2,3/4/2025,240.41
CUST00935,ORD3C7A74F5,12/27/2024,275.99
CUST00935,ORDA816E563,11/5/2023,231.64
CUST00935,ORD6F3753C9,12/23/2024,453.29
CUST00935,ORDF2A0BAFF,12/26/2023,478.31
CUST00935,ORD9ECFACE2,10/1/2023,436.35
CUST00935,ORDA5900705,9/9/2024,211.94
CUST00935,ORD305D8F08,6/1/2024,107.71
CUST00935,ORD9B0E319C,5/8/2024,175.46
CUST00935,ORDF3029314,4/30/2024,446.06
CUST00935,ORD6CDCE0CA,7/27/2024,333.23
CUST00935,ORDE05CC721,10/13/2024,469.19
CUST00935,ORD891448B3,4/17/2024,221.57
CUST00936,ORD5CDD25C5,5/13/2024,21.68
CUST00936,ORDD846FE21,4/9/2025,111.16
CUST00936,ORD45B7B24B,12/18/2024,288.02
CUST00936,ORDF4F56FFE,5/8/2024,94.45
CUST00936,ORD12A1259F,1/4/2024,491.98
CUST00936,ORD1BFAFE34,3/6/2024,343.51
CUST00936,ORD5D9EE65E,4/1/2025,386.93
CUST00936,ORDC4D887D5,7/3/2024,324.21
CUST00936,ORDCB794DD2,6/26/2024,291.78
CUST00936,ORDF06CD15E,3/1/2025,402.41
CUST00936,ORD88E3016F,6/30/2024,83.83
CUST00936,ORD5FC72FB9,2/15/2025,165.08
CUST00936,ORDBFF353CF,4/1/2024,130.39
CUST00936,ORD2F1B1CBC,7/16/2024,371.85
CUST00936,ORDCFE4A263,4/2/2025,383.68
CUST00937,ORD4F9927B5,3/14/2024,164.95
CUST00937,ORD803ECEB8,10/17/2024,467.18
CUST00937,ORD9B6BB0ED,5/29/2024,310.04
CUST00937,ORDFC515268,1/7/2025,370.31
CUST00937,ORDB06AE854,3/19/2024,439.2
CUST00937,ORD155EFB79,5/12/2024,341.33
CUST00937,ORDA8225A3D,1/19/2024,395.61
CUST00937,ORDCFF4E4F5,1/14/2025,52.02
CUST00937,ORDDE32DBB1,8/17/2024,14.25
CUST00937,ORDB929A589,1/11/2025,432.5
CUST00937,ORDAE1BA121,9/8/2023,35.85
CUST00937,ORD61D204C6,11/20/2023,427.77
CUST00937,ORD02E9A5D9,7/4/2024,163.51
CUST00937,ORD9A02A8F4,6/23/2024,451.88
CUST00937,ORDB481B881,1/14/2025,109.47
CUST00937,ORD79759FCC,10/14/2024,83.8
CUST00938,ORDC959F222,2/10/2025,160.71
CUST00938,ORDFB1D8933,7/17/2024,42.35
CUST00938,ORD929E84B9,12/3/2024,315.38
CUST00938,ORD8BD912A0,4/6/2025,164.6
CUST00938,ORDAF507C0D,4/14/2024,453.21
CUST00938,ORD0DE2A1F8,11/3/2024,228.84
CUST00938,ORD5D8B9ACB,4/18/2024,175.92
CUST00939,ORDE0A932B9,3/20/2025,151.97
CUST00939,ORDFCB76477,11/28/2024,59.73
CUST00939,ORDDC9E230C,8/12/2024,285.32
CUST00939,ORD79E9B926,6/1/2024,451.4
CUST00939,ORD83B05B11,9/2/2024,84.49
CUST00939,ORD973CF071,4/8/2025,213.44
CUST00940,ORD2490DE37,3/16/2024,456.01
CUST00940,ORDDAFF5D10,5/14/2024,210.74
CUST00940,ORD8988E11D,4/1/2024,285.22
CUST00940,ORDEB070808,7/8/2024,318.05
CUST00940,ORD69240535,10/3/2023,352.93
CUST00940,ORD82C54848,1/20/2025,147.8
CUST00940,ORD2B3AA2B2,4/21/2024,425.52
CUST00940,ORD89449950,11/28/2024,132.2
CUST00940,ORD5004DEF3,1/18/2024,65.55
CUST00940,ORD365F3D67,3/12/2024,473.25
CUST00940,ORDF29A1A5D,4/14/2024,455.5
CUST00940,ORD9D89D40A,10/10/2023,57.56
CUST00940,ORD893EA8DE,3/10/2025,29.3
CUST00940,ORD86421761,3/22/2024,441.31
CUST00940,ORDD42B777B,1/23/2024,241.68
CUST00940,ORDD3D05430,6/2/2024,243.67
CUST00940,ORDCE6AA32A,7/24/2024,385.9
CUST00940,ORD24EFDFD7,4/24/2024,297.23
CUST00941,ORD7679D78F,9/16/2024,466.16
CUST00941,ORD13ABE989,7/5/2024,296.6
CUST00941,ORD71EBB461,8/1/2023,99.1
CUST00941,ORDEADEE21E,10/13/2024,448.05
CUST00941,ORD979AD4FA,12/15/2023,485.45
CUST00941,ORDDD6182AC,4/18/2024,473.84
CUST00941,ORDCB602D34,8/16/2024,287.72
CUST00941,ORDE4688CEA,1/23/2024,443.95
CUST00941,ORDFCE9B826,6/3/2024,494.03
CUST00941,ORD17B8A4F1,10/18/2024,444.38
CUST00941,ORD0D9A9ED8,3/13/2025,43.76
CUST00941,ORD6EC05DF5,8/5/2024,76.12
CUST00942,ORD1F32C047,12/28/2023,341.91
CUST00942,ORD76FC3E30,2/10/2024,459.21
CUST00942,ORD4EFE66D2,3/7/2025,64.38
CUST00942,ORD14F66593,1/28/2025,468.16
CUST00942,ORDA0712AF8,6/5/2024,480.6
CUST00942,ORD6D033E74,1/5/2025,106.59
CUST00942,ORD86FB446C,1/31/2024,320.77
CUST00942,ORD9027F8CB,12/19/2024,153.25
CUST00942,ORD78689866,6/12/2024,398.46
CUST00942,ORD29E038B3,1/7/2024,395.42
CUST00943,ORD95E12623,7/29/2024,305.38
CUST00943,ORDB2A002DC,10/29/2024,401.67
CUST00943,ORDEF3E10B0,1/19/2025,17.82
CUST00943,ORDA094757D,8/7/2024,446.61
CUST00943,ORD886DBF13,8/12/2024,214.69
CUST00943,ORD9E7D9C67,2/9/2025,92.84
CUST00943,ORD1292FC6A,1/29/2025,427.11
CUST00943,ORD421FCA89,1/5/2025,104.09
CUST00943,ORD0D7CB0F9,7/25/2024,147.32
CUST00943,ORDE296A0B0,5/14/2024,265.01
CUST00943,ORDCE0ADD7B,12/31/2024,458.8
CUST00943,ORDA7F0EB93,4/28/2024,249.91
CUST00944,ORD04885D5B,11/5/2023,35.49
CUST00944,ORDE8E198CD,1/8/2025,127.01
CUST00944,ORD42763E6B,6/14/2024,160.25
CUST00944,ORD3363438A,12/7/2023,229.98
CUST00944,ORD9D6D3DF5,5/3/2024,222.15
CUST00944,ORD760DFB6C,7/16/2024,29.82
CUST00945,ORD65F2CB77,4/24/2025,333.11
CUST00945,ORD920192D7,4/11/2025,173.13
CUST00945,ORD0B39D4A8,6/20/2024,25.37
CUST00945,ORD3408D3DE,2/14/2025,437.3
CUST00945,ORDC841815A,7/29/2024,464.01
CUST00945,ORDF7DE0614,12/2/2024,15.23
CUST00945,ORDA1675409,10/16/2024,291.09
CUST00945,ORDB3867A47,1/7/2025,158.33
CUST00945,ORD55D7085E,3/24/2024,107.82
CUST00945,ORD37A1FDFD,6/16/2024,240.36
CUST00945,ORD9A338658,10/28/2024,200.31
CUST00945,ORD0CBFC34A,5/10/2024,350.69
CUST00945,ORDD726E26D,6/26/2024,142.44
CUST00945,ORDF0F2EC7B,3/11/2025,193.82
CUST00945,ORD0E0C300D,8/19/2024,189.73
CUST00946,ORDCB6B3E9C,7/7/2024,428.28
CUST00946,ORDC45AAA63,3/31/2025,394.22
CUST00946,ORDA6D40853,2/16/2024,209.53
CUST00946,ORD8C6A36FC,1/31/2025,177.64
CUST00946,ORDED9A741B,6/6/2024,472.02
CUST00946,ORDFBA02188,12/22/2024,362.37
CUST00946,ORD25796E8E,8/8/2024,280.67
CUST00946,ORD8851ED55,10/22/2024,249.53
CUST00946,ORDA76CAC16,1/13/2025,140.67
CUST00946,ORDAE96A114,2/24/2025,457.55
CUST00946,ORDC81CA5CE,5/3/2024,460.2
CUST00946,ORD8898621D,3/3/2024,51.55
CUST00946,ORD0C9EF7A0,6/8/2024,336.45
CUST00946,ORD2B17A1EE,6/20/2024,166.12
CUST00946,ORD7E9927E1,6/24/2024,259.31
CUST00946,ORD9085B1CA,4/12/2024,65.63
CUST00946,ORD6E1B79E2,11/7/2024,407.27
CUST00947,ORDE773B58B,7/26/2023,129.05
CUST00947,ORD19D84407,5/23/2023,96.78
CUST00947,ORD2CD0DE70,1/20/2024,41.83
CUST00947,ORD6061B1AD,4/8/2025,290.24
CUST00948,ORD9DD8B3A8,5/17/2024,391.65
CUST00948,ORD2A1C4101,12/17/2023,433.21
CUST00948,ORD2B36ECF1,1/20/2025,14.73
CUST00948,ORD4751F40B,12/27/2024,16.59
CUST00948,ORD4EAC0050,9/18/2024,405.42
CUST00948,ORDBC325483,12/10/2024,436.38
CUST00948,ORD722E77E2,11/23/2024,312.56
CUST00948,ORD78463B6C,6/12/2024,86.56
CUST00949,ORD49687E1E,7/9/2024,319.19
CUST00949,ORDDD0801E5,4/16/2024,172.14
CUST00949,ORD4242ED65,8/2/2024,335.82
CUST00949,ORD0F957F47,3/24/2024,310.16
CUST00949,ORD1F068A0B,11/15/2024,37.52
CUST00949,ORD069F529F,9/1/2024,77.97
CUST00949,ORDFAA44F65,4/1/2024,459.82
CUST00949,ORD3FAD3BE0,11/16/2024,464.02
CUST00949,ORDDAB2983F,4/12/2024,100.93
CUST00949,ORD14B9853D,1/2/2025,361.94
CUST00949,ORD6F574F15,4/15/2024,54.88
CUST00949,ORDA4D66789,1/14/2024,222.15
CUST00949,ORD0E827E5D,8/5/2024,345.94
CUST00949,ORD4BABE639,7/9/2024,113.01
CUST00949,ORDC1AA34E6,8/26/2024,361.32
CUST00950,ORD31985D40,11/10/2023,167
CUST00950,ORD44411D13,10/18/2024,269.37
CUST00950,ORD62728E54,12/20/2023,243.26
CUST00950,ORDFEA678BF,11/7/2023,106.68
CUST00950,ORDA7F153AC,12/27/2024,494.09
CUST00950,ORD0AF0B5FB,2/28/2024,306.67
CUST00950,ORD04875BA4,3/11/2024,101.17
CUST00950,ORDD2499D30,11/21/2023,151.15
CUST00950,ORDE4E41DE3,3/31/2024,341.32
CUST00950,ORD3E724EE1,5/23/2024,433.85
CUST00950,ORD6BD2805A,4/6/2025,40.02
CUST00950,ORDD59BF317,1/11/2025,100.61
CUST00950,ORD5D309878,3/4/2025,13.09
CUST00951,ORD5ECAA623,12/25/2024,487.35
CUST00951,ORD6A6E2D11,8/29/2024,139
CUST00951,ORD4CB370ED,11/16/2024,440.31
CUST00951,ORD7C2A14B1,10/20/2024,291.96
CUST00951,ORD635D1711,7/27/2024,102.78
CUST00951,ORDED3DBDC6,2/8/2025,70.77
CUST00952,ORD2F8111DE,7/18/2024,102.22
CUST00952,ORD761F1B5C,7/22/2023,425.82
CUST00952,ORD6DBB8910,8/26/2023,380.58
CUST00953,ORD0D469D12,9/18/2024,89.59
CUST00953,ORD24E251DD,11/22/2023,321.3
CUST00953,ORD322A0756,8/1/2024,300.23
CUST00953,ORD8B875E2E,4/28/2024,304.76
CUST00953,ORD8827A82F,11/12/2023,258.26
CUST00953,ORDAFD0A2F9,1/20/2024,149.85
CUST00953,ORD1F56475F,5/27/2024,219
CUST00953,ORDE8E03EAF,5/4/2024,413.99
CUST00954,ORD05804F77,3/13/2024,269.97
CUST00954,ORD737E0B03,6/21/2024,330.87
CUST00954,ORD8E98DD78,4/6/2024,484.39
CUST00954,ORD4D37D491,3/12/2024,133.32
CUST00954,ORDE22B87F6,1/20/2025,379.61
CUST00954,ORDBAF0786C,5/24/2024,41.68
CUST00954,ORD7FC68C1F,12/1/2024,40.76
CUST00954,ORDC5CEC01A,12/25/2024,178.67
CUST00955,ORD77B4F95E,6/11/2024,313.72
CUST00955,ORD50D85AEA,2/25/2024,410.67
CUST00956,ORDEB08895F,3/3/2024,340.28
CUST00956,ORD8854C9E3,2/9/2024,450.33
CUST00956,ORDB090E819,12/22/2024,228.51
CUST00957,ORD29D8E92F,1/11/2025,166.02
CUST00957,ORD8A53BC37,1/27/2025,387.98
CUST00957,ORD1A3986D2,1/31/2024,458.09
CUST00958,ORD60022416,1/10/2024,342.32
CUST00958,ORDF62AE826,10/5/2024,42.28
CUST00958,ORD16642ACC,2/11/2024,138.59
CUST00958,ORDA12F17DD,1/21/2025,421.47
CUST00958,ORD63A1E222,1/11/2025,230.89
CUST00958,ORD14CDA6F2,6/14/2024,373.67
CUST00958,ORDBBD1B0E1,12/10/2023,245.42
CUST00958,ORD20D24B7C,2/16/2025,254.85
CUST00958,ORD950ED948,12/31/2023,384.07
CUST00958,ORDCB237FB1,7/17/2024,163.6
CUST00958,ORD23CF54BB,1/6/2024,499.56
CUST00958,ORDA398D02B,9/23/2023,103.24
CUST00958,ORDB8A134BB,9/15/2024,297.74
CUST00958,ORDA38C9E3C,3/10/2025,30.92
CUST00958,ORD15ED7D6D,8/9/2024,182.92
CUST00958,ORD05159CF3,8/31/2024,237.82
CUST00958,ORDDC9DE0B2,4/28/2024,236.2
CUST00958,ORDA05E3297,12/14/2023,462.49
CUST00958,ORD0B945AE5,9/26/2024,424.78
CUST00958,ORDA93A35BA,8/26/2024,486.42
CUST00959,ORD81ADF689,4/13/2025,435.65
CUST00959,ORD8962C789,5/27/2024,237.55
CUST00959,ORDDA69E69C,10/30/2024,84.82
CUST00959,ORD48056EB7,4/21/2024,371.55
CUST00959,ORD5DED554C,8/9/2024,198.93
CUST00959,ORD1EA87476,3/25/2024,475.32
CUST00959,ORDB18B6E1A,9/7/2024,437.95
CUST00959,ORD8031A120,4/9/2024,396.25
CUST00959,ORDE70E75F8,11/29/2024,196.91
CUST00959,ORD103A8C00,3/5/2024,436.42
CUST00959,ORDFCECAD9D,2/3/2024,83.2
CUST00959,ORD5934F691,10/3/2024,189.2
CUST00959,ORDABB9C724,4/14/2025,222.85
CUST00959,ORD8E13375B,11/6/2024,410.53
CUST00959,ORD93B8FF4A,11/24/2024,453.63
CUST00960,ORD1AC603AB,10/24/2024,300.54
CUST00960,ORD0588BEEF,9/4/2023,100.12
CUST00960,ORD79770960,4/28/2025,56.47
CUST00960,ORDF52DBBA3,8/7/2024,201.73
CUST00960,ORDB424C8DD,6/2/2024,83.45
CUST00961,ORDF5DBD458,9/25/2024,106.9
CUST00961,ORD4CBF1141,10/15/2024,253.69
CUST00961,ORD559C24BE,5/19/2023,87.58
CUST00961,ORD8146C5A6,8/12/2023,416.59
CUST00961,ORD92343D41,1/2/2025,428.37
CUST00961,ORD3FE43031,11/7/2023,146.06
CUST00961,ORD708F5A8B,3/7/2025,103.07
CUST00961,ORD73610AAE,6/30/2024,307.34
CUST00961,ORD0D31E6A7,12/6/2024,254.58
CUST00961,ORDDF0A5266,7/20/2024,223.2
CUST00961,ORD016A4DC7,12/12/2024,427.28
CUST00962,ORDBAE04427,11/16/2024,484.86
CUST00962,ORD361B4805,7/31/2024,39.28
CUST00962,ORD9F0E1A72,8/14/2024,481.11
CUST00962,ORD667CD19A,5/18/2024,42.78
CUST00962,ORD06959B31,1/5/2025,168.41
CUST00962,ORDA156208E,11/26/2024,243.58
CUST00962,ORDFC1BEBF3,2/20/2025,151.77
CUST00962,ORD70AC4E6A,5/19/2024,125.22
CUST00962,ORD03A11007,12/23/2024,472.24
CUST00962,ORD94EFA192,8/20/2024,403.77
CUST00962,ORD73C3A3E5,6/23/2024,214.01
CUST00962,ORDE78C4401,4/27/2025,16.35
CUST00962,ORD315EAFF6,4/5/2025,160.92
CUST00962,ORD7FA24214,2/9/2025,87.72
CUST00962,ORD49290486,4/11/2025,318.92
CUST00962,ORDEA5DFDA6,6/3/2024,345.19
CUST00963,ORD59BC00A9,4/2/2024,309.7
CUST00963,ORD0D7D0B2B,7/5/2024,303.57
CUST00963,ORD48F0F03E,8/20/2024,269.52
CUST00963,ORDC00B8F57,10/14/2024,177.14
CUST00963,ORD481C272D,3/25/2025,192.94
CUST00963,ORDE83AB904,1/21/2024,347.37
CUST00963,ORD53321144,2/20/2024,72.79
CUST00963,ORD1D36092C,4/17/2025,287.01
CUST00963,ORD31B173F4,3/23/2024,242.03
CUST00963,ORDB489F12E,7/10/2024,18.68
CUST00963,ORDF063B4D5,12/29/2024,191.3
CUST00963,ORDF4F6D23C,12/28/2024,130.59
CUST00963,ORDABFF02C6,7/14/2024,472.84
CUST00963,ORD6CD56556,5/22/2024,347.26
CUST00964,ORDE0D72F6C,10/13/2024,320.6
CUST00964,ORD873663E3,4/29/2024,451.9
CUST00964,ORDA89C64A0,4/28/2024,243.33
CUST00964,ORDB11BC59C,12/20/2023,147.46
CUST00964,ORDAC5AB4DD,2/12/2024,176.97
CUST00964,ORDB74B6A28,4/5/2024,398.97
CUST00964,ORD1B8448F1,4/14/2025,352.18
CUST00964,ORDE7A4DEDC,2/6/2025,451.91
CUST00964,ORD850CBC32,12/28/2023,483.08
CUST00964,ORDCAF421DD,10/31/2024,392.98
CUST00964,ORDDF0A6C8C,4/6/2025,290.41
CUST00965,ORDDEE2CFAF,9/3/2024,356.97
CUST00965,ORD9D82A3CC,2/16/2025,308.6
CUST00965,ORD9F588832,3/14/2025,408.53
CUST00965,ORD61062766,2/5/2024,132.06
CUST00965,ORD1F320E60,1/3/2025,286.02
CUST00965,ORD37AEEFFC,9/13/2024,446.37
CUST00965,ORD90AE0B16,3/22/2025,163.6
CUST00965,ORD57EEBACB,12/5/2024,441.56
CUST00966,ORD5B724F3D,3/9/2024,377.59
CUST00966,ORD51C96079,8/7/2024,315.57
CUST00966,ORD9A39AA7F,2/4/2024,49.84
CUST00966,ORD2142C83C,2/4/2024,250.56
CUST00966,ORD75C9D061,2/4/2024,305.27
CUST00966,ORDB17EB684,2/15/2024,446.55
CUST00966,ORDEF048CCC,1/24/2025,479.55
CUST00966,ORD2EEFF4CC,3/19/2025,140.34
CUST00966,ORD8E96FE56,11/7/2024,230.25
CUST00966,ORD41A88D49,10/22/2024,390.94
CUST00966,ORD2924C017,2/21/2024,397.73
CUST00966,ORD5DE7E997,4/6/2024,145.34
CUST00966,ORDBF725320,10/14/2024,80.11
CUST00967,ORD95EA75FF,1/8/2024,242.14
CUST00967,ORDEC457CE5,9/3/2024,119.43
CUST00968,ORDB58DADC2,2/9/2025,170.34
CUST00969,ORD93158F93,12/13/2024,246.45
CUST00969,ORDF850AD5D,9/15/2024,81.6
CUST00969,ORD8532399E,4/22/2025,143.65
CUST00969,ORDC654B28D,9/26/2024,166.82
CUST00969,ORDCD871925,4/6/2024,492.79
CUST00969,ORD068A231C,12/21/2024,306.34
CUST00969,ORD0AC489D6,3/4/2025,272.79
CUST00969,ORD6ACB77BE,10/1/2024,413.83
CUST00969,ORD2623230D,6/11/2024,326.46
CUST00969,ORD9541E952,1/2/2025,479.29
CUST00969,ORD434C78DF,6/30/2024,302.82
CUST00969,ORDC8D0095E,5/26/2024,68.98
CUST00969,ORD3D8B10A2,5/29/2024,369.38
CUST00969,ORDAB6DC94E,7/26/2024,370.39
CUST00969,ORD9C24E71D,12/28/2024,105.52
CUST00969,ORDAB22D74A,2/7/2025,401.44
CUST00969,ORD212BC6B6,8/15/2024,148.4
CUST00969,ORD9ECCA211,11/30/2024,397.45
CUST00969,ORDCE6CD2D9,5/11/2024,217.27
CUST00969,ORD5BC86F6A,5/16/2024,411.11
CUST00970,ORD373F6671,11/6/2024,156.11
CUST00971,ORD17C2A8BB,11/21/2024,80.59
CUST00971,ORD78B7F869,2/9/2024,22.39
CUST00971,ORD31A5C516,9/27/2023,329.3
CUST00971,ORD44AFE5FB,11/16/2023,383.56
CUST00971,ORD731BE5F9,6/17/2023,48.57
CUST00971,ORD60E56E30,4/7/2025,237.82
CUST00971,ORD7A921904,2/14/2024,455.81
CUST00972,ORD43F269B3,12/21/2023,228.88
CUST00972,ORD03E5E529,3/21/2025,197.19
CUST00972,ORDC4EACF28,9/17/2023,86.92
CUST00972,ORD53C933D3,8/25/2023,227.63
CUST00972,ORDF926E449,9/6/2024,163.9
CUST00973,ORD555AD61B,8/10/2024,233.41
CUST00973,ORDED6903DC,11/3/2024,106.91
CUST00973,ORD89A510FF,4/19/2025,307.21
CUST00973,ORD483845E7,4/7/2025,149.53
CUST00973,ORD8350F74C,5/12/2024,297.38
CUST00973,ORDC807544F,6/1/2024,168.17
CUST00973,ORD3C87E39E,3/28/2025,18.31
CUST00973,ORD16F3363D,4/25/2025,35.69
CUST00973,ORD6B6CAE23,6/26/2024,170
CUST00974,ORD26E3B33D,2/10/2025,190.72
CUST00974,ORD8A8E5743,11/7/2023,164.48
CUST00974,ORDF77719FF,4/14/2024,363.05
CUST00974,ORD839FAA21,10/1/2023,279.56
CUST00974,ORDB6BB57A8,4/9/2024,318.16
CUST00974,ORDB73144AA,12/18/2023,326.7
CUST00974,ORD66DF04F4,8/23/2024,203.81
CUST00974,ORDCA4E2AAF,7/30/2023,170.04
CUST00974,ORDF063698D,1/27/2025,419.68
CUST00974,ORD52FB20BC,4/27/2025,26.92
CUST00974,ORDF14420DB,4/22/2024,148.63
CUST00974,ORD485E1088,8/20/2024,287.15
CUST00974,ORDCA552B0F,8/9/2023,288.58
CUST00974,ORD1FB6050A,1/21/2024,442.8
CUST00974,ORDD2A0B6F2,3/22/2024,37.37
CUST00974,ORD99781FEB,6/6/2024,361.46
CUST00975,ORD68BD5830,8/24/2024,253.37
CUST00975,ORD978BFDA9,6/27/2024,464.2
CUST00975,ORD7F0F348A,5/1/2024,78.56
CUST00975,ORD0F8AB213,5/6/2024,60.1
CUST00975,ORD4428176D,4/22/2025,90.06
CUST00976,ORD672B1407,5/25/2024,55.01
CUST00976,ORDC160BF30,2/4/2025,186.56
CUST00976,ORD6F3241AF,11/26/2024,184.97
CUST00976,ORD93BC4860,8/9/2024,49.77
CUST00976,ORD1B0C65A7,11/10/2024,178.35
CUST00976,ORDD06A4016,10/23/2024,44.09
CUST00976,ORD647C5245,7/8/2024,206.27
CUST00976,ORD792532A5,2/10/2025,40.45
CUST00977,ORD458BF1F2,4/5/2025,324.49
CUST00977,ORD10DF4936,12/24/2024,204.04
CUST00977,ORD7C5AE2CE,7/29/2024,85.94
CUST00977,ORD3B51DC5D,12/11/2024,413.19
CUST00977,ORD9A83B9BA,10/1/2024,409.04
CUST00977,ORDE91B2FD4,12/21/2024,229.76
CUST00977,ORD86531079,12/24/2024,66.47
CUST00977,ORD469D25E2,3/27/2025,456.6
CUST00977,ORD08C961F1,4/18/2025,137.77
CUST00977,ORD95F83495,1/15/2025,127.24
CUST00977,ORDB4738D3F,4/30/2024,325.93
CUST00977,ORD926F05EF,10/1/2024,283.27
CUST00977,ORD34BBC9B8,7/21/2024,35.72
CUST00977,ORD79F76130,11/28/2024,423.02
CUST00978,ORD1CC1BFA9,10/3/2023,244.56
CUST00978,ORD0E51ADFC,2/4/2024,30.67
CUST00978,ORD25582DC7,3/14/2025,381.68
CUST00978,ORDDB7217DA,3/8/2025,475.48
CUST00978,ORD95E8CF60,10/10/2023,477.67
CUST00978,ORD6AB5568F,11/21/2023,77.46
CUST00978,ORDD1B1B8CB,9/29/2024,166.53
CUST00978,ORD07635A5A,7/24/2023,199.89
CUST00979,ORDCB15CBFA,5/2/2024,19.44
CUST00979,ORDC49D9F19,10/6/2023,385.11
CUST00979,ORD37116434,8/13/2023,251.19
CUST00979,ORD78E727A7,7/28/2023,338.12
CUST00979,ORDE0F4DA2A,10/4/2023,351.59
CUST00979,ORD7282B696,10/15/2023,279.52
CUST00979,ORDB3218520,7/11/2023,29.66
CUST00979,ORD7E2C4095,8/24/2024,298.94
CUST00979,ORD754314E5,1/15/2024,112.33
CUST00979,ORDC1DCE618,10/10/2024,295.54
CUST00979,ORDA33F828F,12/4/2023,13.5
CUST00979,ORD6909C48A,7/3/2023,353.89
CUST00979,ORD9C7D0A05,1/7/2024,294.98
CUST00980,ORD6BE26DE4,9/10/2023,259.48
CUST00980,ORD2470BB95,6/9/2024,416.23
CUST00980,ORD8ED5A5A4,8/10/2024,204.62
CUST00980,ORD951B0977,11/11/2023,84.61
CUST00980,ORD70B1946B,3/9/2024,13.6
CUST00980,ORD6B738F7C,9/15/2023,317.56
CUST00980,ORDBAB4043B,10/16/2024,315.17
CUST00980,ORDEBF5090F,5/14/2024,140.17
CUST00980,ORD9EAD9874,12/28/2023,193.41
CUST00980,ORD02938DAE,9/9/2023,200.33
CUST00980,ORD0E669FC6,10/22/2023,419.06
CUST00980,ORDA8FF770D,5/17/2024,379.54
CUST00981,ORD06CEA987,6/3/2023,173.9
CUST00981,ORD5C57156C,1/29/2025,170.26
CUST00981,ORD70CA4B25,3/20/2025,137.57
CUST00981,ORDE81B2421,8/27/2023,68.39
CUST00981,ORD77EA9C82,6/14/2024,149.84
CUST00981,ORDEEC8ED84,1/4/2024,24.12
CUST00981,ORD15161595,12/30/2023,305.65
CUST00981,ORD060C0591,5/12/2024,329.19
CUST00981,ORDB5BF0C9F,10/21/2024,260.78
CUST00982,ORD3EBA93C1,12/28/2023,110.25
CUST00982,ORD851C0D0A,10/26/2024,65.22
CUST00982,ORD4591280F,12/17/2023,199.85
CUST00982,ORDF4409BE9,7/23/2024,62.3
CUST00982,ORD2ACF30DD,9/23/2024,467.21
CUST00982,ORDFF1B02F3,6/28/2024,110.74
CUST00982,ORD7DA4A8C7,12/4/2024,382.28
CUST00982,ORD3C8EE66B,12/5/2024,370.49
CUST00982,ORD22819BAB,1/10/2025,156.32
CUST00982,ORDC9BA6F43,3/26/2024,347.98
CUST00982,ORDE1D4FED4,10/12/2024,115.03
CUST00982,ORD96ABC7D2,12/2/2024,300.7
CUST00982,ORD0F5CF0C9,3/3/2025,158.65
CUST00983,ORD49C33483,2/24/2025,36.64
CUST00983,ORDBDE12D46,1/19/2025,316.8
CUST00983,ORD6C6EC807,5/15/2024,287.75
CUST00983,ORD0CEE92A0,4/20/2024,443.35
CUST00983,ORDDC977EBC,8/20/2024,133.64
CUST00983,ORD9B786B3A,4/1/2025,260.44
CUST00983,ORD31814E52,5/17/2024,161.85
CUST00983,ORD4CD2367E,3/12/2025,116.05
CUST00983,ORD566A0954,6/16/2024,98.65
CUST00983,ORD7023B788,8/7/2024,173.63
CUST00983,ORD73F82ED2,4/3/2024,254.8
CUST00983,ORD9D5A8A60,2/9/2025,362.77
CUST00983,ORD1DBB1747,6/24/2024,362.78
CUST00983,ORD08608C2B,5/27/2024,234.36
CUST00983,ORDDDEDB6E3,4/11/2025,201.47
CUST00984,ORDB953ADBB,12/10/2024,461.2
CUST00984,ORD3A64B1FD,6/2/2024,245.29
CUST00984,ORD5FA8C498,4/18/2024,302.4
CUST00984,ORDC07A6C73,11/15/2024,399.55
CUST00984,ORDAB5643DD,2/21/2024,336.84
CUST00984,ORDCA29B4CA,1/11/2025,469.53
CUST00985,ORD3E4729CC,6/29/2024,312.02
CUST00985,ORD59C606EA,12/18/2024,443.36
CUST00985,ORD6B05B55E,11/28/2023,427.81
CUST00986,ORD0B4043CB,4/20/2024,34.51
CUST00986,ORD17BF97BA,8/25/2024,15.49
CUST00986,ORD49E95321,3/2/2025,144.37
CUST00986,ORD3320C0B7,12/26/2024,10
CUST00986,ORDD5AB14B2,4/20/2025,228.08
CUST00986,ORDF84031A7,12/1/2024,367.09
CUST00986,ORD8A346C4B,6/26/2024,480.99
CUST00986,ORDF7F1DDC7,3/22/2024,57.64
CUST00986,ORDD10F9506,11/10/2024,190.34
CUST00986,ORDCE5F8CBE,1/7/2025,326.43
CUST00986,ORD1C2CF65C,11/23/2024,485.76
CUST00986,ORDC34C7806,7/2/2024,373.5
CUST00986,ORD31069193,3/4/2024,192.68
CUST00986,ORDCD4DAB4F,8/8/2024,147.19
CUST00986,ORD08FE3925,5/14/2024,330.28
CUST00986,ORD4A56077B,12/12/2024,155.76
CUST00986,ORD68CD0A51,7/25/2024,27.15
CUST00986,ORDA3A886EF,4/28/2025,68.84
CUST00986,ORD1991F443,7/3/2024,79.5
CUST00986,ORDFE82FC6C,1/14/2025,233.89
CUST00987,ORD699F8B40,11/28/2023,68.96
CUST00987,ORDDA7309B6,5/29/2024,321.99
CUST00987,ORD3CEF80CF,6/25/2024,476.69
CUST00987,ORDA97408E5,4/22/2025,398.45
CUST00987,ORD3149F9AC,3/9/2024,441.34
CUST00987,ORDE9000188,2/24/2024,466.7
CUST00987,ORD95BCA49C,11/3/2023,95.54
CUST00988,ORD5F78CDAB,12/31/2024,52.19
CUST00988,ORDCD34D0CE,7/20/2024,125.05
CUST00988,ORDC73B9340,6/1/2024,436.2
CUST00988,ORD9D8A30DB,3/1/2025,294.09
CUST00989,ORDC1AA6A4A,12/14/2024,143.84
CUST00989,ORD829DB19A,7/25/2023,21.05
CUST00989,ORD5B3739E3,2/15/2024,285.98
CUST00989,ORD54484C22,3/4/2025,41.01
CUST00989,ORD2A9A704A,11/8/2023,348.98
CUST00989,ORD91251050,8/8/2024,115.58
CUST00989,ORD47980650,9/24/2024,204.79
CUST00989,ORDE2B8CA2E,1/1/2025,194.94
CUST00989,ORDC3F51756,10/21/2023,28.21
CUST00989,ORDE4B4FBA7,10/24/2024,221.92
CUST00989,ORDD3B9D861,8/7/2023,238.19
CUST00989,ORD1C1A7222,10/25/2024,95.76
CUST00989,ORDD3D9582B,10/9/2023,16.5
CUST00989,ORDE34959F7,9/5/2024,449.73
CUST00989,ORDC155BCDE,1/8/2025,331.74
CUST00989,ORDA41AD757,12/13/2023,480.12
CUST00989,ORD3BD9809E,3/28/2025,439.42
CUST00989,ORDCC55761F,8/7/2024,357.85
CUST00990,ORD093C2599,12/30/2023,109.32
CUST00990,ORD3B82B4BF,10/4/2024,140.97
CUST00990,ORDB85E8C6C,11/9/2023,338.91
CUST00990,ORD43ACB1B4,12/30/2024,481.96
CUST00990,ORD2CF88F51,4/16/2025,102.15
CUST00990,ORDA1DDDE0D,2/28/2024,347.94
CUST00990,ORDA7E4BEA7,1/15/2024,407.07
CUST00990,ORDE1931F09,12/7/2023,497.96
CUST00990,ORD72D80372,7/14/2024,31.62
CUST00990,ORD24247BA3,4/18/2024,285.97
CUST00990,ORD612206FF,11/28/2024,429.93
CUST00990,ORD7BFB32D6,3/22/2024,283.88
CUST00990,ORD2F9A1100,3/28/2025,354.44
CUST00990,ORD709E6639,1/29/2025,398.06
CUST00990,ORD4B264026,12/9/2024,360.63
CUST00990,ORDC68C5C83,9/23/2023,373.84
CUST00991,ORD37B657C0,7/20/2024,188.38
CUST00991,ORD3A52BBAF,4/2/2025,303.04
CUST00991,ORDB8670B2A,6/25/2024,233.57
CUST00991,ORD961C41A2,1/1/2025,241.51
CUST00991,ORD2AB6305C,5/3/2024,90.31
CUST00991,ORD18526D9F,8/11/2024,332.71
CUST00991,ORD4474F2FB,4/5/2024,191.92
CUST00991,ORD8328AF8A,10/27/2024,280
CUST00991,ORD3E74DAFA,4/7/2025,81.39
CUST00991,ORDA71AF481,10/30/2024,370.25
CUST00992,ORD60E3BCA9,4/9/2025,209.43
CUST00992,ORDD6B68202,3/11/2025,294.3
CUST00992,ORDDDAF25E0,2/7/2024,192.33
CUST00992,ORD20147E32,12/17/2023,491.92
CUST00992,ORD95EFF10A,7/8/2024,385.98
CUST00992,ORD58A833BE,3/16/2024,82.34
CUST00992,ORDEBC537CD,11/23/2024,339.6
CUST00992,ORD92B6493A,11/24/2024,445.82
CUST00992,ORD6B130851,4/12/2025,341.1
CUST00992,ORDBE2CF0F7,1/7/2025,209.83
CUST00992,ORD34206E22,12/22/2024,481.08
CUST00992,ORDA6DFA0FC,1/20/2024,52.36
CUST00993,ORDFB16EA5D,1/11/2025,443.54
CUST00993,ORDD6811C81,10/15/2024,173.07
CUST00993,ORD855E2D59,11/20/2024,185.75
CUST00993,ORDCD5F13EA,2/5/2025,238.61
CUST00993,ORD2BB54115,3/30/2024,379.31
CUST00993,ORDAE99C424,5/30/2024,432.28
CUST00993,ORD33729EEB,9/27/2024,90.5
CUST00993,ORD56B754A0,11/5/2024,30.95
CUST00993,ORD58A741B5,3/20/2024,258.11
CUST00994,ORDD36DF37E,4/12/2025,303.41
CUST00994,ORD5AC895FE,10/25/2024,274.7
CUST00994,ORDBC4698E4,2/26/2025,417.69
CUST00994,ORD6012EBB2,3/14/2024,88.12
CUST00994,ORDE925FF3F,5/20/2024,401.38
CUST00995,ORD6FB8762B,10/29/2024,488.84
CUST00995,ORDE9666D60,8/6/2024,398.22
CUST00995,ORDE2CAA32B,3/22/2024,414.1
CUST00995,ORDE2142137,1/25/2025,204.21
CUST00995,ORD697793F3,1/8/2025,413.49
CUST00996,ORDB7CD9A03,10/6/2024,495.35
CUST00996,ORD805E71A0,8/17/2024,276.56
CUST00996,ORD06CBABF7,2/17/2024,264.59
CUST00996,ORD37B4E218,7/21/2024,291.98
CUST00997,ORD45CA490E,2/23/2024,467.91
CUST00997,ORD533A2B57,6/15/2024,335.67
CUST00997,ORD9C38F500,10/15/2024,90.7
CUST00997,ORDC04F7987,2/18/2025,121.12
CUST00997,ORD21F30183,2/27/2024,357.78
CUST00997,ORDAABD77F7,2/18/2024,174.1
CUST00997,ORD127F6761,2/17/2024,67.29
CUST00997,ORDAF787959,2/20/2025,368.61
CUST00997,ORD2C7E3229,4/7/2024,400.49
CUST00998,ORD99B6E9B4,5/27/2024,469.09
CUST00998,ORD84E5C1C2,3/11/2025,266.33
CUST00998,ORD3E3F7BB8,3/14/2025,411.49
CUST00998,ORD3E992978,8/1/2023,117.34
CUST00998,ORD9E777DC1,4/15/2025,182.06
CUST00998,ORDA488D560,6/25/2024,209.92
CUST00998,ORDDC63B9CF,7/26/2024,378.27
CUST00998,ORDC1870338,9/18/2024,62.15
CUST00998,ORDAC7958B8,9/2/2023,323.83
CUST00998,ORD81BCBC4D,11/27/2024,232.29
CUST00998,ORD4B1C6E31,10/31/2024,418.83
CUST00998,ORDC058B259,6/18/2024,448.66
CUST00998,ORD2AE288DA,8/5/2024,102.28
CUST00998,ORD206741CC,3/5/2025,10.29
CUST00998,ORDC1303603,2/24/2025,398.86
CUST00998,ORD7A6426A1,9/27/2023,257.21
CUST00998,ORDA983E666,11/10/2023,62.82
CUST00998,ORD49811E64,10/2/2023,80.73
CUST00999,ORD9A7CC37E,3/27/2025,350.52
CUST00999,ORD5D9FCB4C,4/18/2025,160.21
CUST00999,ORDFD4884B9,1/24/2024,380.34
CUST01000,ORD54D93F6F,2/21/2024,414.36
CUST01000,ORDEFC955EA,10/10/2024,275.56
CUST01000,ORD4464664D,4/16/2025,57.33
CUST01000,ORD0FFFC8D6,12/29/2024,409.1
CUST01000,ORD83A074B8,3/14/2024,21.52
CUST01000,ORD8FF90CAC,7/17/2024,25.24
CUST01000,ORD822F7B74,10/18/2024,69.33
CUST01000,ORDE5477C96,4/14/2025,101
CUST01000,ORD59E38824,1/8/2025,390.27
CUST01000,ORDF27485C4,4/10/2024,44.95
CUST01001,ORD6FCBC67C,12/8/2023,231.77
CUST01001,ORD8F8C8EE8,11/21/2024,68.29
CUST01001,ORDE226A834,8/25/2023,472.99
CUST01001,ORDA9164901,8/7/2023,334.18
CUST01001,ORD2A03A167,4/1/2025,15.18
CUST01001,ORD3F9FBAFD,7/21/2023,302.8
CUST01001,ORD21BA3773,2/16/2025,178.15
CUST01001,ORDA5ED8999,9/28/2023,193.71
CUST01001,ORD44420C5D,4/17/2025,158.86
CUST01002,ORD4DBB8618,2/10/2024,298.95
CUST01002,ORDF0A0B46B,3/5/2024,244.44
CUST01002,ORD62005D88,3/20/2024,311.25
CUST01002,ORD6809509E,1/2/2024,30.52
CUST01002,ORD8A1094AD,3/14/2024,250.75
CUST01002,ORDF429F4DC,4/4/2024,25.44
CUST01002,ORD5C1031B9,5/29/2024,166.62
CUST01002,ORD48FB003A,3/31/2024,25.21
CUST01002,ORDB1CE30C2,6/3/2024,353.31
CUST01002,ORDE419FA7B,3/23/2024,431.98
CUST01002,ORDC135CD1E,6/24/2024,198.04
CUST01002,ORD051FAB8A,11/28/2024,274.12
CUST01002,ORDEF1C13AB,9/14/2024,58.02
CUST01002,ORDA138E704,10/20/2024,347.41
CUST01002,ORD60BD745E,12/18/2023,313.91
CUST01002,ORD9F677C5D,1/19/2024,182.02
CUST01002,ORD53DA7E61,2/18/2024,485.97
CUST01002,ORD4434CEF6,11/20/2024,250.25
CUST01002,ORDE538837F,6/13/2024,23.39
CUST01002,ORD17836C7E,2/23/2024,28.95
CUST01003,ORD4F5062DC,6/21/2024,381.93
CUST01003,ORD04680239,9/16/2024,52.55
CUST01003,ORDEEAB7B01,10/17/2024,133.56
CUST01003,ORD0152605E,4/29/2024,55.1
CUST01003,ORD59A3B8B6,3/20/2024,130.24
CUST01003,ORD8FB3865A,9/23/2024,417.01
CUST01003,ORD4C0D4DD5,4/29/2025,319.34
CUST01003,ORD59B305AB,1/15/2025,56.06
CUST01003,ORD14ED92B0,1/21/2025,196.13
CUST01003,ORD963DCDE9,5/31/2024,175.32
CUST01003,ORD5CA59F03,11/12/2024,305.77
CUST01003,ORDCE03C911,1/5/2025,239.95
CUST01003,ORDBF16A168,8/6/2024,168.21
CUST01003,ORDED89F8C2,6/11/2024,280.79
CUST01003,ORDA954A051,1/22/2025,354.98
CUST01003,ORDE346CC8E,2/17/2025,231.09
CUST01004,ORD08E5F770,3/21/2025,211.2
CUST01004,ORDC48B20D4,8/24/2024,15.04
CUST01004,ORD149C77A1,1/10/2024,72.91
CUST01004,ORDF1F0FE7B,3/13/2025,432.73
CUST01004,ORDF870C46C,3/6/2024,392.61
CUST01004,ORD0D81D9F4,8/31/2023,468.41
CUST01004,ORD2813195E,8/3/2024,227.77
CUST01004,ORDB661C7A3,6/28/2024,256.02
CUST01004,ORD2AE70E43,8/14/2024,236.96
CUST01004,ORDB463F63C,9/17/2024,351.59
CUST01004,ORD0004C65B,9/9/2024,200.21
CUST01004,ORDB997DBB5,12/1/2024,463.24
CUST01004,ORDB8CD5E80,10/25/2024,330.31
CUST01004,ORD93787138,4/20/2024,33.87
CUST01004,ORD02D7FFB5,12/4/2024,296.97
CUST01004,ORD33F37FAD,5/14/2024,352.13
CUST01004,ORDF28811DB,3/24/2025,250.64
CUST01004,ORD769500E8,10/17/2024,452.11
CUST01004,ORD36FB326A,3/17/2025,153.76
CUST01004,ORDD4D2D6A9,8/15/2024,89.75
CUST01005,ORDAC2E7D30,9/12/2024,304.55
CUST01005,ORD8B5CC474,2/1/2025,219.1
CUST01005,ORD25F492E5,4/5/2025,346.54
CUST01005,ORDA285FC96,7/26/2024,484.6
CUST01005,ORD8EFA8AC8,12/18/2024,47.64
CUST01005,ORDF745AC42,6/10/2024,246.25
CUST01005,ORD56044821,8/10/2024,132.03
CUST01005,ORDA234F42C,3/6/2025,199.78
CUST01005,ORD6F3C5574,3/25/2025,374.82
CUST01005,ORD1F65662E,9/6/2024,330.4
CUST01006,ORD478237E9,7/16/2024,388.51
CUST01006,ORD98B5C8C2,12/23/2024,31.5
CUST01006,ORD21696D05,2/27/2025,99.51
CUST01006,ORDCAD996D6,4/5/2025,176.63
CUST01006,ORD568AC936,2/24/2025,344.69
CUST01006,ORD5902B10E,6/29/2024,424.31
CUST01007,ORDED4DE74E,3/12/2024,359.78
CUST01007,ORD8D72FBF0,11/12/2023,406.13
CUST01007,ORD81215CC7,8/6/2024,474.54
CUST01007,ORD167E7F91,10/17/2023,66.88
CUST01007,ORDF4FA70E6,4/24/2024,90.57
CUST01007,ORD8372DA52,1/10/2025,74.68
CUST01007,ORD3296A387,1/17/2025,489.61
CUST01007,ORDD60EC2AD,12/24/2023,306.55
CUST01008,ORDE8917E77,12/17/2023,224.67
CUST01009,ORD12D8F5CB,12/22/2024,399.23
CUST01009,ORDBD138488,2/16/2024,220.69
CUST01009,ORD60BEA5E5,4/14/2025,357.12
CUST01009,ORDB6A52C99,10/20/2023,449.87
CUST01009,ORD9E9F3175,12/10/2024,190.46
CUST01009,ORD3B11EA1A,11/7/2023,276.31
CUST01009,ORDF4783363,6/15/2024,215.13
CUST01009,ORDFD19B524,6/29/2024,26.43
CUST01009,ORD4EFE4B37,4/8/2024,223.78
CUST01009,ORDE919D5BA,3/13/2024,354
CUST01009,ORD03C32ABD,4/19/2025,42.8
CUST01009,ORDF9C14947,4/10/2024,52.75
CUST01010,ORDA193177F,12/13/2024,242.57
CUST01010,ORDD751867A,11/17/2024,258.49
CUST01010,ORDC1798E61,10/23/2024,129.18
CUST01010,ORDBA3399E0,3/22/2025,464.66
CUST01010,ORDFE9E1E28,5/20/2024,77.39
CUST01010,ORD7760E301,7/31/2024,21.81
CUST01010,ORD45AEE5C7,5/3/2024,52.32
CUST01010,ORD35612199,11/2/2024,101.53
CUST01010,ORD1F9CDEB2,10/29/2024,106.29
CUST01010,ORD1CE691A1,4/30/2024,333.33
CUST01010,ORD40B6BFF1,3/1/2025,277.5
CUST01010,ORDECAC0607,10/16/2024,283.11
CUST01011,ORDB2283237,1/12/2024,42.74
CUST01011,ORD89CE8FE7,2/21/2024,397.1
CUST01011,ORDFC43F03C,8/12/2024,100.9
CUST01011,ORDF9459B0C,8/6/2024,212.5
CUST01011,ORD84E896AF,12/19/2023,284.24
CUST01011,ORDD68F48AF,4/9/2025,123.8
CUST01011,ORD3B3C19D9,12/27/2023,82.22
CUST01011,ORD7551BE75,11/28/2024,75.28
CUST01011,ORD1E23FF24,1/17/2024,353.72
CUST01011,ORDD91D6233,4/22/2024,15.48
CUST01011,ORDBBD1F991,8/30/2024,39.4
CUST01011,ORD93025F91,7/11/2024,396.16
CUST01011,ORD4F1F5FF3,9/24/2023,65.25
CUST01011,ORDE5EEBB69,11/4/2023,336.3
CUST01011,ORDE05A0C23,1/30/2024,296.93
CUST01011,ORD3470B2E1,12/20/2024,14.34
CUST01012,ORDEBD5A5AB,10/7/2024,166.57
CUST01012,ORDAF46900A,12/12/2024,129.4
CUST01012,ORDE57C4750,9/23/2024,245.39
CUST01012,ORD40C945DA,4/7/2025,114.64
CUST01012,ORDBFD498DE,6/3/2024,335.38
CUST01013,ORD4EE5B601,12/25/2024,244.58
CUST01013,ORD065F4AC2,9/4/2024,58.53
CUST01013,ORD1C1C422F,12/11/2024,200.05
CUST01013,ORD3A5C007F,3/11/2024,320.36
CUST01013,ORD0A886629,4/14/2025,275.29
CUST01013,ORD75543485,4/23/2024,403.9
CUST01013,ORD4C3F2DBC,10/2/2024,81.6
CUST01013,ORD50505A3E,8/27/2024,72.21
CUST01013,ORDE8E2AF8A,5/27/2024,259.84
CUST01013,ORDA2F0FA9A,1/25/2025,431.98
CUST01013,ORDC8BBCD25,10/2/2024,43.32
CUST01013,ORDEFCF685D,11/27/2024,261.56
CUST01013,ORDBF0E37D8,3/11/2024,493.81
CUST01013,ORDACA48B3A,1/14/2024,287.42
CUST01013,ORD3171512F,2/8/2025,131.06
CUST01013,ORDB26DB51D,4/24/2025,379.17
CUST01014,ORDCB7834E0,1/7/2024,469.43
CUST01014,ORD0DA6AA35,8/20/2024,415.71
CUST01014,ORDB22CF5E3,9/3/2024,209.13
CUST01014,ORDC97716CE,6/4/2024,378.66
CUST01014,ORD1EFF3D25,4/4/2025,31.03
CUST01014,ORDC470F57C,6/19/2024,167.04
CUST01014,ORDBC0FFDE1,5/9/2024,203.37
CUST01014,ORDBAE8456D,7/1/2024,104.38
CUST01014,ORD75367210,3/19/2025,365.98
CUST01014,ORDCA1C4327,9/30/2024,193.1
CUST01014,ORD6AAE2CBF,8/2/2024,230.42
CUST01014,ORDB159B42A,1/31/2025,419.82
CUST01015,ORD21F22200,1/29/2025,376.82
CUST01015,ORD3AA5C1A1,8/7/2023,72.39
CUST01015,ORD8DFCEE3A,6/9/2023,311.3
CUST01015,ORD22B78F29,12/7/2023,397.33
CUST01015,ORD665B8E24,8/5/2024,445.48
CUST01015,ORD16271AF9,3/1/2024,326.56
CUST01015,ORD231397E6,12/7/2024,380.16
CUST01015,ORDBD633E1E,11/8/2023,87.07
CUST01016,ORDE80AC2CD,4/4/2025,265.42
CUST01016,ORDD27A95FE,1/25/2024,253.6
CUST01016,ORD32AE2E2D,7/28/2024,46.78
CUST01016,ORDF3597CB0,12/5/2024,303.91
CUST01016,ORD2BDC0E73,2/19/2025,214.49
CUST01016,ORD33E18C79,7/10/2023,285.23
CUST01016,ORDFB503602,2/5/2024,355.19
CUST01016,ORD3640A9DB,2/6/2025,390.75
CUST01016,ORD5D5A9B8A,8/22/2024,388.73
CUST01016,ORD2321EF67,10/18/2023,29.57
CUST01016,ORD9CF57DFC,10/26/2023,145.92
CUST01016,ORD3BCC7973,1/27/2024,147.61
CUST01016,ORDAD5607D3,3/12/2024,328.58
CUST01016,ORD66FC035E,3/29/2024,493.47
CUST01016,ORDF31CAFC0,12/26/2024,177.33
CUST01016,ORDE333EF85,3/15/2024,419.8
CUST01016,ORD92D33274,6/12/2023,306.59
CUST01016,ORDFD899C0E,9/28/2023,460.47
CUST01016,ORDD4FCE71C,10/17/2024,429.14
CUST01016,ORD886E0657,9/30/2024,240.26
CUST01017,ORD0EB1EEC8,2/19/2025,199.19
CUST01017,ORD2940AC24,8/31/2024,436.87
CUST01017,ORDA742C757,9/20/2024,347.34
CUST01017,ORDF32CC1B9,9/13/2024,350.67
CUST01017,ORDE59A1A86,8/29/2024,462.49
CUST01017,ORD15604831,4/20/2024,306.55
CUST01017,ORDEFCD3FF8,10/23/2024,333.89
CUST01017,ORD15EFE69E,11/30/2024,291.25
CUST01017,ORD0570D66E,12/15/2024,239.97
CUST01017,ORDD097A917,12/29/2024,54.58
CUST01017,ORDF999236B,7/26/2024,249.94
CUST01017,ORD72C2DDFB,11/16/2024,177.78
CUST01017,ORDA65D85CC,4/7/2025,263.33
CUST01017,ORD05392E53,5/26/2024,319.37
CUST01017,ORD576C4236,2/16/2024,133.28
CUST01017,ORDBD86660D,2/8/2024,141.42
CUST01018,ORD903DC6E0,10/23/2024,438.63
CUST01018,ORDD501A42C,6/4/2024,301.27
CUST01018,ORD1AD7922D,9/22/2024,121.64
CUST01018,ORD96C78DD5,2/14/2025,464.14
CUST01018,ORD6533E163,6/2/2024,168.84
CUST01018,ORD171C3C9A,12/30/2024,127.31
CUST01018,ORD5E90086B,12/25/2024,103.72
CUST01018,ORD4AE69E9F,6/10/2024,486.45
CUST01018,ORD904CA61A,7/2/2024,104
CUST01019,ORD1AA632DE,2/26/2025,263.66
CUST01019,ORDC82E1F57,7/20/2024,211.65
CUST01019,ORDD64BB9B0,11/5/2023,139.32
CUST01019,ORD463F8318,7/21/2024,217.69
CUST01019,ORD99E15840,4/5/2025,332.96
CUST01019,ORD16F6215A,12/10/2024,386.47
CUST01019,ORDA3661D0F,12/12/2024,446.37
CUST01019,ORD63A8D504,10/30/2024,78.25
CUST01019,ORD5A0A76CD,1/29/2024,387.26
CUST01019,ORD2B84205C,9/30/2024,154.56
CUST01019,ORD20A7FF40,6/24/2024,346.68
CUST01020,ORD703C1958,7/17/2024,359.18
CUST01020,ORD3624A2A3,10/12/2023,280.92
CUST01020,ORDE5F4BB1F,12/11/2023,110.19
CUST01020,ORD1391ACFE,7/14/2023,236.72
CUST01020,ORD04CE3844,12/26/2024,264.86
CUST01020,ORD99FF60AA,2/2/2024,67.43
CUST01020,ORD2241BFD9,9/18/2024,364.14
CUST01020,ORD42BEE0D8,2/19/2024,152.82
CUST01020,ORDF584DBCB,11/15/2024,131.04
CUST01020,ORD90850512,2/29/2024,303.08
CUST01020,ORD69DC5CCC,3/1/2025,320.39
CUST01020,ORD2C9C8D96,10/16/2023,175.31
CUST01021,ORD50243D69,9/16/2024,193.75
CUST01021,ORD78824798,11/5/2024,201.9
CUST01021,ORD44F5B00A,7/21/2024,361.35
CUST01021,ORD64C34B4C,1/10/2025,466.92
CUST01021,ORD01B9D603,6/3/2024,234.95
CUST01021,ORDC236F2EA,4/27/2025,177.29
CUST01021,ORDAD2F234C,9/29/2024,134.82
CUST01021,ORD30E14F15,4/24/2025,45.3
CUST01021,ORD73460ACB,2/28/2024,70.97
CUST01021,ORDDCB1678E,5/11/2024,194.52
CUST01021,ORDF6D8E55E,10/20/2024,279.83
CUST01021,ORDCE1C581C,7/21/2024,202.61
CUST01021,ORDFEF0BBBB,1/12/2024,42.61
CUST01021,ORDA3906C18,3/14/2024,407.88
CUST01021,ORDCC5F6A34,1/27/2025,134.86
CUST01021,ORD0F02E30B,1/26/2025,252.58
CUST01022,ORDDEFE6EA0,10/20/2024,295.96
CUST01022,ORD096ECDB0,8/15/2024,145.77
CUST01022,ORDB3BF8E84,10/27/2023,288.05
CUST01022,ORD3602CA65,12/7/2023,107.6
CUST01022,ORDA0FF73B0,1/18/2024,34.99
CUST01022,ORDF72095E8,5/20/2024,219.58
CUST01022,ORDE65F079F,7/13/2023,491.03
CUST01022,ORDF15F9630,1/31/2024,301.68
CUST01022,ORDCE5F86C8,10/23/2024,243.42
CUST01022,ORD1BF84FFB,7/23/2023,199.57
CUST01022,ORD1AF6E749,8/22/2023,68.53
CUST01022,ORD25653B6D,12/2/2023,98.74
CUST01022,ORDCE22E9E6,8/18/2023,187.05
CUST01022,ORDB5D002BF,2/23/2024,402.64
CUST01022,ORD2D1E1E70,4/21/2024,36.71
CUST01022,ORD35503727,8/8/2023,425.12
CUST01022,ORD86D0A7ED,9/1/2023,145.9
CUST01022,ORD2E77250F,12/16/2024,278.76
CUST01023,ORD8278B060,10/22/2024,72.44
CUST01023,ORD61A25BEA,8/11/2024,56.99
CUST01023,ORD732EB138,7/8/2024,374.08
CUST01023,ORD744994F4,12/19/2024,217.4
CUST01023,ORD70AC31B8,2/11/2025,29.57
CUST01023,ORD20A9FE51,4/11/2025,333.55
CUST01023,ORDE9E08473,10/2/2024,39.34
CUST01023,ORDB45C4E6F,6/24/2024,64.6
CUST01023,ORDC6B434C2,12/2/2024,488.65
CUST01024,ORDC291AECC,8/3/2024,149.25
CUST01024,ORD57A8A555,3/6/2025,127.93
CUST01024,ORDEC480718,4/2/2025,118.01
CUST01024,ORDB6AB8C3D,11/21/2024,305.79
CUST01024,ORD66A8F792,8/7/2024,378.35
CUST01024,ORDD6FEC1F3,1/9/2024,464.65
CUST01024,ORDAA703302,2/11/2024,183.24
CUST01024,ORD56DE021A,8/17/2024,125.82
CUST01024,ORD535F0C61,8/13/2024,21.25
CUST01025,ORD71B47AD2,4/11/2025,165.19
CUST01025,ORDB98EDB0E,4/24/2024,117.74
CUST01025,ORD09E9862D,5/12/2024,404.8
CUST01025,ORD445F8D31,12/20/2023,414.31
CUST01025,ORDB37A5290,8/18/2024,109.54
CUST01025,ORD1881DD64,1/19/2025,311.99
CUST01025,ORD36C17A85,8/19/2024,477.69
CUST01025,ORD4C662717,12/1/2024,54.68
CUST01025,ORDDCD89203,4/5/2025,372.82
CUST01025,ORDA75E622F,2/15/2025,489.55
CUST01025,ORDD8A2859D,1/24/2025,142.17
CUST01025,ORDBEEEE6FD,2/13/2024,248.27
CUST01025,ORD61A5ACD9,10/11/2024,56.88
CUST01025,ORD0E7D2E30,1/21/2025,424.24
CUST01025,ORDA4AC08AA,12/4/2024,118.28
CUST01025,ORDF19889A2,4/29/2025,235.16
CUST01025,ORDFBF9675A,2/13/2024,91.16
CUST01025,ORD663FAC55,6/14/2024,95.04
CUST01025,ORD19D6CAA4,5/4/2024,117.97
CUST01026,ORDBD173760,3/22/2024,11.55
CUST01026,ORD6A91A9A5,3/23/2024,338.87
CUST01026,ORDBFD1E2DE,12/11/2024,223.24
CUST01026,ORD7E931030,10/25/2024,431.84
CUST01027,ORD119E9352,4/15/2025,228.62
CUST01027,ORD0481A809,6/15/2024,123.77
CUST01027,ORD047019A8,7/15/2024,425.17
CUST01027,ORDEF6803C0,11/2/2024,210.18
CUST01027,ORD913F9DCA,9/18/2024,227.63
CUST01027,ORDFCB84C0E,10/23/2024,83.69
CUST01027,ORD6A413253,11/5/2024,445.18
CUST01027,ORDD9D13352,10/28/2024,426.79
CUST01027,ORD5802805D,12/30/2024,377.84
CUST01027,ORD2153DF1A,11/23/2024,21.28
CUST01027,ORDA0EDDC43,11/19/2024,384.88
CUST01027,ORD347C2771,10/2/2024,110.51
CUST01027,ORDE927C7A8,9/12/2024,339.92
CUST01028,ORD643EDD35,4/19/2024,396.9
CUST01028,ORD4185B24F,8/11/2023,266.73
CUST01028,ORDF4FC5EFC,11/20/2024,167.82
CUST01028,ORDB9527B30,12/21/2024,254.53
CUST01028,ORD76CE46C5,5/23/2023,311.66
CUST01028,ORD32B516D3,6/3/2024,420.73
CUST01028,ORDB595EEFC,10/8/2024,307.21
CUST01028,ORD53167F0B,5/3/2024,192.75
CUST01028,ORD8B7B6265,3/1/2025,354.69
CUST01028,ORDAE5343D2,12/26/2024,304.47
CUST01028,ORD7C3CC1A5,3/22/2024,352.48
CUST01028,ORD5787B79D,3/9/2024,195.06
CUST01028,ORD62F5A947,9/3/2024,396.15
CUST01028,ORD1B4CE44A,4/9/2024,111.49
CUST01029,ORD66F58B49,10/4/2024,183.1
CUST01029,ORDFE6AE209,11/10/2024,144.33
CUST01029,ORD0534004F,11/12/2024,360.32
CUST01029,ORDBB5B36FD,7/14/2023,450.24
CUST01029,ORD3A5FA6F6,8/8/2023,195.93
CUST01029,ORD4AFAF5E0,7/10/2023,440.09
CUST01029,ORD2F45022A,4/18/2025,480.72
CUST01029,ORD75F5B8D0,7/30/2023,346.38
CUST01029,ORD9E1AD232,4/12/2024,286.02
CUST01029,ORDD51ED002,6/20/2023,326.28
CUST01029,ORD7051E1E0,2/25/2024,41.7
CUST01030,ORD51FC665F,7/12/2024,200.55
CUST01031,ORD2F018EC1,6/3/2024,186.17
CUST01031,ORDAD74A52A,10/30/2024,20.04
CUST01031,ORD5CD8DDBF,2/25/2025,223.78
CUST01031,ORD87D4D92C,12/27/2024,228.21
CUST01031,ORD4376F1F0,2/16/2025,217.83
CUST01031,ORD0801D61F,3/3/2024,224.31
CUST01031,ORD2250B637,2/9/2024,180.63
CUST01031,ORDB0DE95C8,1/20/2024,141.87
CUST01031,ORD19011CBF,11/29/2023,456.68
CUST01031,ORDD1A879B5,1/23/2025,137.33
CUST01031,ORDC24330D1,7/9/2024,87.47
CUST01031,ORDEE9D5AA7,2/21/2025,117.38
CUST01032,ORD82E2A4E1,12/25/2024,326.05
CUST01032,ORD5C5E8169,7/7/2024,303.56
CUST01032,ORD2035EFB6,8/26/2023,406.97
CUST01032,ORD88567E13,12/6/2024,424.49
CUST01032,ORDFA990229,12/17/2023,489.79
CUST01032,ORDD38988EB,12/18/2023,188.64
CUST01032,ORDE3482E92,10/26/2024,382.75
CUST01032,ORD22C3DCD5,5/6/2024,54.09
CUST01032,ORD9558FD0B,11/17/2024,458.77
CUST01032,ORD38777BD2,2/17/2025,55.26
CUST01032,ORD43C1FA3C,5/11/2024,350.7
CUST01032,ORD1E2C9D84,11/14/2024,34.53
CUST01032,ORDAD278B5C,12/26/2024,48.84
CUST01032,ORD54A6D4BC,11/14/2023,466.68
CUST01032,ORD1BEA4D4A,9/15/2024,232.02
CUST01032,ORD68C1963C,7/3/2024,153.64
CUST01032,ORD2958EC03,11/7/2023,430.67
CUST01032,ORD479DEDAD,11/22/2024,146.47
CUST01032,ORD351259D8,12/20/2023,458.82
CUST01033,ORDCD6CB327,4/28/2024,210.64
CUST01033,ORDD98ABA75,4/5/2024,91.65
CUST01033,ORD29C453EB,3/8/2025,42.72
CUST01033,ORD8661E418,5/2/2024,437.19
CUST01033,ORD9D1EA109,4/2/2025,314.26
CUST01033,ORD29BD15D9,2/4/2025,290.58
CUST01033,ORDBD4F2111,3/17/2024,393.72
CUST01033,ORDDE0B365B,6/22/2024,437.2
CUST01034,ORD1B1D78A3,11/26/2023,151.24
CUST01034,ORDA5BEFF4A,3/29/2025,240.42
CUST01034,ORD7B8F9035,3/25/2025,217.4
CUST01034,ORD2260D486,9/6/2024,92.28
CUST01034,ORDA919A1B7,3/21/2025,18.42
CUST01034,ORDAF98F405,6/9/2024,481.06
CUST01035,ORD1EC25AC0,1/31/2024,359.14
CUST01035,ORD599ED2D1,11/9/2024,43.02
CUST01035,ORD6A33B65E,7/11/2024,59.74
CUST01035,ORD75DA81E3,12/26/2024,410.47
CUST01035,ORD03084BBB,1/1/2025,97.58
CUST01035,ORDA3780502,9/10/2024,70.83
CUST01035,ORD59A409BA,8/30/2024,236.64
CUST01035,ORD96BAF350,2/28/2024,382.82
CUST01035,ORDE6228025,4/15/2024,364.37
CUST01035,ORD939A76D9,9/4/2024,84.83
CUST01035,ORDC2EB7729,4/9/2024,466.75
CUST01035,ORD86CB880A,4/28/2024,130.37
CUST01035,ORD1770C35C,9/5/2024,14.29
CUST01035,ORD3368820F,1/6/2025,429.15
CUST01035,ORD8CFEB635,3/9/2025,385.51
CUST01035,ORD44712034,6/2/2024,261.49
CUST01035,ORDD9CC5277,3/29/2024,20.15
CUST01035,ORD9FB3C78B,2/26/2024,257.21
CUST01035,ORDD33CDE2C,11/18/2024,37.86
CUST01035,ORD68C0BE0A,1/20/2025,76.13
CUST01036,ORD6988FEFB,4/25/2024,239.84
CUST01036,ORDA9E775D0,12/6/2024,424.8
CUST01037,ORD53B7079C,1/31/2024,432.23
CUST01037,ORD4C3A6068,4/6/2025,418.8
CUST01037,ORDBF8A70B0,2/20/2025,291.19
CUST01037,ORDD03C29DD,3/1/2024,146.85
CUST01037,ORDEBA52783,3/16/2025,130.44
CUST01037,ORD3F9C829D,12/10/2024,95.82
CUST01037,ORD30993945,12/22/2023,63.84
CUST01037,ORDBBD14EAC,1/28/2025,131.63
CUST01038,ORDF6CB89E9,10/8/2024,379.71
CUST01038,ORD4D8EBD92,6/5/2024,42.87
CUST01038,ORDE1FF20AA,2/4/2025,194.94
CUST01038,ORD5916EA45,7/20/2024,10.28
CUST01038,ORDAECF94D0,2/23/2024,235.78
CUST01038,ORD153FF408,4/14/2025,401.43
CUST01038,ORD36A9DA5E,4/16/2024,341.99
CUST01038,ORDCFC53986,3/4/2025,203.56
CUST01038,ORD00AD315C,5/2/2024,275.32
CUST01038,ORDE6BFC2AF,6/20/2024,207.91
CUST01038,ORD514A3C70,10/31/2024,267.27
CUST01038,ORD89278A16,3/4/2025,481.43
CUST01038,ORD49E18B69,2/20/2024,472.21
CUST01038,ORD75D62855,2/14/2025,183.43
CUST01038,ORDC4ADEE00,11/14/2024,306.7
CUST01038,ORD033B3610,5/19/2024,361.99
CUST01038,ORD40749EE8,6/6/2024,377.18
CUST01038,ORDA3B6CEC0,4/11/2025,378.3
CUST01038,ORD13045128,7/26/2024,266.5
CUST01038,ORD5B073DAA,9/2/2024,209.76
CUST01039,ORDBD1CFE5D,6/24/2024,430.38
CUST01039,ORD07296547,1/7/2024,71.86
CUST01039,ORD0E8F590E,8/3/2024,27.84
CUST01039,ORD250280FD,11/22/2023,45.97
CUST01039,ORD8808F702,4/1/2024,497.41
CUST01039,ORD3444049A,1/29/2024,422.55
CUST01039,ORD1639A25C,11/1/2024,66.61
CUST01039,ORD5DDE9EA4,2/13/2024,453.04
CUST01039,ORDD5700EB4,8/5/2024,197.46
CUST01039,ORD3C801309,4/19/2025,156.76
CUST01039,ORDE85FFC45,4/20/2024,21.7
CUST01039,ORD4B260058,11/26/2023,248.74
CUST01039,ORDB61A963A,10/22/2024,377.65
CUST01039,ORD082AE293,8/3/2024,115.63
CUST01039,ORD98D4F84E,3/22/2025,389.79
CUST01039,ORD1B3B893D,9/13/2024,377.67
CUST01039,ORD0184D6BE,1/7/2024,230.47
CUST01040,ORD8264F622,6/27/2024,397.36
CUST01040,ORD171AB857,12/22/2023,377.12
CUST01040,ORD0D845332,4/5/2024,328.04
CUST01040,ORD67151AEF,8/10/2024,157.97
CUST01040,ORD56339770,1/31/2025,129.8
CUST01040,ORD8B25279A,12/26/2024,18.03
CUST01040,ORD7552ED2B,12/1/2023,121.27
CUST01040,ORDD3F58CAB,4/2/2024,225.12
CUST01040,ORD6634A66A,4/4/2024,248.52
CUST01040,ORD4B55AACB,10/14/2024,238.51
CUST01040,ORD6309131D,1/30/2025,237.95
CUST01040,ORD0E41D814,4/10/2025,442.37
CUST01040,ORDCB59D77F,5/24/2024,237.02
CUST01040,ORD1922EABC,11/10/2024,213.74
CUST01040,ORD1E9DF347,4/17/2024,35.16
CUST01040,ORDF60F9343,4/8/2025,474.39
CUST01040,ORDEECC2DFC,10/8/2024,449.55
CUST01040,ORD8C286DEC,9/17/2024,462.15
CUST01040,ORDF50A1E24,2/14/2024,154.75
CUST01041,ORDF58F27D3,8/5/2024,181.77
CUST01041,ORD5219458F,7/22/2023,455.6
CUST01042,ORD58240E4B,1/12/2024,48.28
CUST01042,ORD46459326,12/31/2023,154.04
CUST01042,ORDA2F312D7,3/24/2024,412.34
CUST01042,ORDEAC0643D,4/27/2025,280.29
CUST01042,ORDC4B929A0,12/27/2023,29.86
CUST01042,ORD19553ACF,12/31/2024,490.87
CUST01042,ORD06E775A4,8/30/2024,425.12
CUST01042,ORDF991498B,1/29/2025,43.2
CUST01042,ORD63004EAD,4/14/2024,172.41
CUST01042,ORD9890824A,8/28/2024,162.07
CUST01042,ORDFDAA5AC3,4/24/2025,258.29
CUST01042,ORDE0F30771,1/12/2024,15.42
CUST01042,ORDB6450901,3/4/2025,59.64
CUST01042,ORD363772E7,3/31/2024,374.73
CUST01043,ORDE1B4359C,9/14/2024,142.11
CUST01043,ORD64E6E4CE,5/29/2024,22.09
CUST01043,ORD04ADC74A,10/14/2024,117.16
CUST01043,ORDDE23F5BA,7/18/2024,265.33
CUST01043,ORDD5BB71D5,1/4/2025,21.83
CUST01043,ORDB9EB7EA1,8/1/2024,207.67
CUST01043,ORD767C7987,12/4/2024,401.27
CUST01043,ORD0721E85C,1/30/2024,235.54
CUST01043,ORD226F0182,11/7/2023,314.67
CUST01043,ORD1C8E5015,8/25/2024,149.61
CUST01043,ORD5C377060,12/12/2023,34.95
CUST01043,ORDDCF1378E,10/23/2024,263.33
CUST01043,ORDD8C6C79E,11/22/2023,70.42
CUST01043,ORD0D77F2DB,12/15/2023,224.81
CUST01043,ORDE1825607,6/23/2024,248.88
CUST01043,ORD80C4BCF3,7/13/2024,384.18
CUST01043,ORDD1476CB4,1/26/2025,27.72
CUST01043,ORD8DB66849,9/28/2023,391.86
CUST01044,ORD55638888,11/5/2024,257.91
CUST01044,ORD328108BE,12/24/2024,499.34
CUST01044,ORDDE742AEA,9/15/2024,85.13
CUST01044,ORD52EFCAAA,4/29/2024,414.11
CUST01044,ORD2CDB156B,3/13/2025,171.77
CUST01044,ORD9BD77300,4/24/2025,359.99
CUST01044,ORD4CBA9B05,2/17/2025,368.41
CUST01044,ORD0086BA52,3/3/2024,321.25
CUST01044,ORD60BF98A4,5/13/2024,80.54
CUST01044,ORD3D3F74DD,1/11/2025,383.43
CUST01044,ORD6F47FC72,3/25/2024,106.2
CUST01044,ORD548D41E2,4/30/2024,312.27
CUST01044,ORDB20776BA,7/3/2024,145.12
CUST01044,ORD2002181E,6/5/2024,117.92
CUST01044,ORD7E441896,10/4/2024,31.57
CUST01044,ORD3317F18D,4/12/2024,15.94
CUST01044,ORD85E4E744,9/11/2024,75.14
CUST01044,ORD789EC323,2/10/2024,215
CUST01044,ORD85170B27,1/5/2025,104.9
CUST01045,ORD36AAEBAD,2/25/2024,219.19
CUST01045,ORD550B7EA0,5/23/2024,288.41
CUST01045,ORDAA479528,6/17/2024,495.31
CUST01045,ORD335E4F80,3/11/2024,113.2
CUST01045,ORDCC1803CF,3/11/2025,495.6
CUST01046,ORD39C33379,9/6/2024,430.83
CUST01046,ORD940FF402,6/19/2024,140.1
CUST01046,ORD2695A08C,11/11/2024,246.51
CUST01046,ORDBE778FC3,9/19/2024,42.38
CUST01046,ORDC5B991A9,1/3/2025,239.47
CUST01046,ORDE4F51AE3,7/9/2024,490.79
CUST01047,ORD1464D393,11/6/2023,65.98
CUST01047,ORD44661F48,1/19/2025,338.01
CUST01047,ORD278D5333,4/22/2024,407.73
CUST01047,ORD2D961746,2/1/2025,177.94
CUST01047,ORDDFAA27AA,10/9/2023,366.68
CUST01047,ORD6E82153A,4/2/2024,192.34
CUST01047,ORDC7058543,3/12/2024,239.77
CUST01047,ORD38A6D38B,12/4/2023,478.7
CUST01047,ORD409BDB79,10/16/2024,292.75
CUST01047,ORD71597964,1/21/2025,278.48
CUST01047,ORDAC7EF4FD,9/7/2023,451.65
CUST01047,ORD0C14E1E1,11/9/2024,373.63
CUST01047,ORD30923950,12/18/2024,319.45
CUST01047,ORDE1B5BF36,1/25/2024,170
CUST01047,ORDB4409577,8/29/2023,86.24
CUST01047,ORD663F54C4,1/8/2024,344.16
CUST01048,ORD5D9F4C94,3/9/2025,264.82
CUST01048,ORD7B9E528F,10/7/2023,146.69
CUST01048,ORD88E9DE6F,12/18/2024,300.99
CUST01048,ORD89C45A97,1/11/2024,449.33
CUST01048,ORD7928CD12,9/3/2023,120.84
CUST01048,ORD7F358E6C,1/10/2025,20.89
CUST01048,ORD3E489279,9/23/2023,246.86
CUST01048,ORD2A55F883,7/15/2024,170.8
CUST01048,ORDAD17F13B,10/21/2023,259.33
CUST01048,ORD29614951,5/9/2024,254.45
CUST01048,ORDBA23B27E,12/24/2023,364.9
CUST01048,ORD3AAD6533,10/27/2023,208.31
CUST01048,ORDA3DF50A3,12/10/2023,476.53
CUST01048,ORDE3C00ED8,9/26/2023,157.17
CUST01048,ORDB6A3A0B6,6/10/2024,432.93
CUST01048,ORD752BB362,10/5/2024,62.18
CUST01048,ORDBF009141,2/17/2024,82.51
CUST01048,ORD29E42FB9,2/1/2024,119.58
CUST01048,ORD037013AC,7/21/2024,393.9
CUST01049,ORD1359BB69,6/17/2024,237.53
CUST01049,ORDDA024270,6/14/2024,85.1
CUST01049,ORDAAC60362,4/24/2024,58.31
CUST01049,ORD8F21923A,1/27/2025,275.68
CUST01049,ORDC4312708,1/22/2025,187.87
CUST01049,ORD38E299E5,9/28/2024,373.84
CUST01049,ORD1E015DEA,3/18/2025,215.45
CUST01049,ORD70264125,3/17/2025,172.29
CUST01050,ORD439451E9,1/3/2025,128.82
CUST01050,ORDFB687408,8/11/2024,315.3
CUST01050,ORD010F5CF2,5/21/2024,474.76
CUST01051,ORD22271326,11/27/2024,389.73
CUST01051,ORD21CECC33,6/25/2024,463.8
CUST01051,ORDB362266C,5/30/2024,37.88
CUST01052,ORDBE715626,3/14/2025,409.38
CUST01052,ORD88E70A87,8/3/2024,85.48
CUST01052,ORDC80E80BA,5/13/2024,241.86
CUST01052,ORD72FB7701,7/24/2024,24.99
CUST01052,ORD0999BE92,1/30/2025,469.42
CUST01052,ORD1726A384,6/26/2024,67.93
CUST01052,ORD1979B0BD,12/5/2024,125.48
CUST01052,ORDF91C3E3C,9/17/2024,440.76
CUST01052,ORDBADF0245,7/3/2024,251.01
CUST01052,ORD5EE4C2ED,7/8/2024,479.55
CUST01052,ORDA696BEFE,4/6/2025,298.33
CUST01052,ORD0B39B520,9/16/2024,208.61
CUST01052,ORD72D88FAB,2/20/2025,426.23
CUST01053,ORD0E4702BC,5/20/2024,129.19
CUST01053,ORD663A479E,1/19/2025,404.22
CUST01053,ORD96C9BF1C,7/31/2024,174.69
CUST01053,ORD27E8D56D,7/31/2024,303.01
CUST01053,ORD35FE8D7D,10/6/2024,300.79
CUST01053,ORD1C188628,7/27/2024,428.07
CUST01053,ORD90FEE9C9,9/1/2024,59.32
CUST01053,ORD506781BD,2/10/2025,50.33
CUST01053,ORD8968DB24,2/6/2024,371.34
CUST01053,ORD8106A290,9/30/2024,83.52
CUST01054,ORD921E6886,5/16/2024,251.4
CUST01054,ORD012F83CD,5/21/2024,55.23
CUST01054,ORD93EBC9A1,4/19/2025,485.33
CUST01054,ORD4B511574,10/23/2024,405.97
CUST01054,ORD0FC221F1,4/7/2024,327.51
CUST01054,ORD36F5045D,2/5/2025,496
CUST01054,ORD28885E22,12/7/2024,11.02
CUST01054,ORD48989557,7/4/2024,97.01
CUST01054,ORDE952F20D,1/22/2025,75.41
CUST01054,ORDCA5805AE,3/24/2025,492.01
CUST01054,ORDF38668A8,2/23/2024,189.72
CUST01054,ORDBAC58383,2/9/2025,345.97
CUST01054,ORD2F02E069,1/18/2024,415.11
CUST01054,ORD639FC6EC,2/7/2025,185.05
CUST01055,ORDFFF2D03E,10/28/2023,52.88
CUST01055,ORD8FB014FA,4/20/2024,90.96
CUST01055,ORDD220EABF,2/3/2024,161.79
CUST01055,ORDFF77AD65,12/16/2023,58.99
CUST01055,ORD13EA6332,10/30/2024,498.19
CUST01055,ORD7169D435,4/8/2024,50.35
CUST01055,ORDF9842D99,5/1/2024,29.36
CUST01055,ORD0E82D24D,2/28/2025,10.1
CUST01055,ORDC9DC286A,8/3/2023,462.05
CUST01055,ORD0C8FEDD8,12/26/2024,396.88
CUST01055,ORD7BFF1F76,8/14/2023,449.56
CUST01055,ORDF3E61219,11/3/2024,413.85
CUST01055,ORD733AD1F7,9/29/2024,250.28
CUST01055,ORD29CFA1B2,10/20/2023,140.99
CUST01055,ORD7F63FE38,3/12/2024,152.8
CUST01055,ORDECF6B05B,5/31/2023,420.06
CUST01055,ORD79E42A49,5/15/2024,45.12
CUST01055,ORDE728A357,8/30/2023,310.24
CUST01055,ORDF0181C95,6/5/2024,77.92
CUST01056,ORD331A410A,1/5/2025,307.02
CUST01056,ORDBFD81257,11/29/2023,137.39
CUST01056,ORD3F0BDEEF,3/22/2024,325.3
CUST01056,ORD03F73BF4,5/20/2024,352.97
CUST01056,ORD1342D1F4,4/25/2025,57.1
CUST01056,ORD33EAAB1E,10/19/2023,307.18
CUST01056,ORD68C196AC,2/19/2025,347.63
CUST01056,ORDD3C49116,6/12/2024,25.7
CUST01056,ORD579B845F,3/16/2024,427.56
CUST01056,ORD39C0DFB7,11/4/2024,335.85
CUST01056,ORDF9483983,1/30/2024,350.51
CUST01056,ORD08FC403F,1/8/2024,407.03
CUST01056,ORD9A98BD1C,6/28/2024,185.79
CUST01056,ORDA3A697DF,1/19/2024,259.35
CUST01056,ORDEFACB564,10/27/2024,153.89
CUST01057,ORDC15F1F8B,4/18/2024,214.81
CUST01057,ORDBB02A6AE,4/28/2025,465.94
CUST01057,ORD292CAB44,4/13/2025,399.19
CUST01057,ORDF3503F29,2/15/2025,425.09
CUST01057,ORD49E0A589,2/16/2024,336.47
CUST01057,ORD5E13A121,9/19/2023,113.17
CUST01057,ORDD55C73B0,9/4/2024,236.03
CUST01057,ORD2E182383,4/25/2024,354.58
CUST01057,ORD74F48F8A,12/3/2023,28.03
CUST01057,ORD2A0AECCC,11/29/2024,38.79
CUST01057,ORDBE8F5DF0,2/18/2025,438.82
CUST01057,ORD43FD9927,3/25/2025,82.36
CUST01057,ORD93DA24C4,11/22/2023,499.13
CUST01058,ORD57E4A772,7/26/2024,83.17
CUST01058,ORDEF3DC67C,9/23/2023,45.99
CUST01058,ORDCF42D881,12/19/2024,387.48
CUST01058,ORD96B2A53A,11/1/2023,346.99
CUST01058,ORD5F407D77,9/6/2024,293.84
CUST01059,ORD0133C88F,3/29/2024,223.31
CUST01059,ORD49B14908,9/22/2024,70.08
CUST01059,ORD8997739A,1/27/2025,325.71
CUST01059,ORD6BBECFB0,2/29/2024,471.86
CUST01059,ORD020CF24B,12/20/2024,280.54
CUST01059,ORD94F1B395,3/30/2025,297.96
CUST01059,ORD85DF7A48,4/7/2024,469.34
CUST01059,ORD8BC187E2,4/8/2025,112.79
CUST01059,ORDD8769A1D,4/5/2025,241.88
CUST01059,ORDDD00CB09,2/9/2024,26.58
CUST01059,ORD14BE44F8,11/9/2024,86.7
CUST01059,ORD94CAF46B,4/30/2024,103.83
CUST01059,ORDF334E848,1/27/2025,42.37
CUST01059,ORD8E8F02B2,2/10/2024,25.38
CUST01059,ORD70ED7909,12/29/2024,428
CUST01059,ORD10D62A22,9/4/2024,133.57
CUST01060,ORD12B3714A,12/28/2023,408.13
CUST01060,ORDADA277D0,4/18/2025,237.12
CUST01060,ORD9067DD8E,5/29/2024,483.61
CUST01060,ORD2A3615CD,12/9/2023,394.03
CUST01060,ORD9E5DD851,12/11/2023,432.66
CUST01060,ORD290ACECB,12/28/2024,230.31
CUST01061,ORD14EE42F5,10/29/2024,375.19
CUST01061,ORD2273F59F,7/7/2024,356.62
CUST01061,ORDB3367A59,6/27/2024,332.62
CUST01061,ORD5AF4D2D0,3/14/2025,479.45
CUST01061,ORD58230973,6/28/2024,378.24
CUST01061,ORD8C665F1B,2/21/2025,435.39
CUST01061,ORD247B76DC,6/2/2024,100.14
CUST01061,ORD57DD8AAA,2/8/2025,435.9
CUST01061,ORDF707D6D1,11/11/2024,90.45
CUST01061,ORD02E451F2,12/28/2024,132.79
CUST01061,ORDF02B53E5,12/6/2024,55.68
CUST01062,ORDC0D963A9,12/11/2024,82.6
CUST01062,ORD68C5F631,4/21/2025,443.27
CUST01062,ORDF78A1DD1,6/20/2024,127.61
CUST01062,ORD1A052335,5/10/2024,305.92
CUST01062,ORD848031B6,8/14/2024,478.96
CUST01062,ORD88DA0C94,11/29/2024,454.58
CUST01062,ORDAB26738F,12/18/2024,363.18
CUST01062,ORD9C636E36,10/30/2024,214.76
CUST01062,ORD5FDC0E1B,4/11/2025,387.72
CUST01062,ORDAE4D4C40,11/16/2024,319.45
CUST01062,ORDC9734485,10/9/2024,358.57
CUST01063,ORD2D26391D,2/28/2024,192.78
CUST01063,ORD7AFAC001,4/14/2024,11.34
CUST01063,ORD3A8960EB,11/30/2024,246.57
CUST01063,ORD359A4FF3,4/22/2025,413.92
CUST01063,ORD56C6288A,6/5/2024,255.53
CUST01063,ORD00FC1926,9/30/2024,113.42
CUST01063,ORD32C00E38,2/1/2024,172.93
CUST01063,ORDE0668FB7,1/31/2024,332.75
CUST01063,ORD97567BC1,11/20/2024,370.91
CUST01063,ORD335142E2,5/23/2024,257.44
CUST01063,ORD2D2DE909,3/15/2025,270.13
CUST01063,ORD122BF449,2/14/2025,445.9
CUST01063,ORD9E66ED82,6/22/2024,496.88
CUST01063,ORD057C3F68,6/9/2024,310.11
CUST01063,ORD0FE5CC06,2/27/2024,309.99
CUST01063,ORDB6063153,7/23/2024,223.12
CUST01063,ORD77871731,9/27/2024,475.41
CUST01063,ORD61FEEB14,2/20/2025,402.14
CUST01063,ORD7D33110D,2/2/2024,232.93
CUST01063,ORD7E3D3FF2,4/11/2024,362.36
CUST01064,ORD03243DF4,3/2/2025,152.19
CUST01064,ORDD763FC21,11/10/2023,498.43
CUST01064,ORD2D27141D,3/18/2025,233.65
CUST01064,ORDE946FC8B,12/28/2023,149.4
CUST01064,ORD3B32BEE6,9/2/2024,18.78
CUST01064,ORD9BD51EDA,1/21/2024,298.77
CUST01064,ORDF2AB5C13,11/29/2023,482.89
CUST01064,ORD6C9DBF23,2/25/2024,40.77
CUST01064,ORDCAAE8DD4,4/7/2025,416.48
CUST01064,ORD5E2805DE,10/24/2023,214.45
CUST01064,ORDBABB866D,11/24/2023,237.14
CUST01064,ORD32A90CCF,4/28/2025,443.34
CUST01064,ORDC0460D3C,4/16/2024,290.23
CUST01064,ORD8E4DAC1E,7/5/2024,462.31
CUST01064,ORDD2924119,11/13/2024,419.05
CUST01064,ORDC2EC2CDB,1/14/2024,119.22
CUST01064,ORD916B2F7B,6/6/2024,139.7
CUST01064,ORDAE2743B4,4/3/2024,446.84
CUST01065,ORD03AC6893,6/3/2024,410.2
CUST01065,ORDE8033118,3/6/2025,337.53
CUST01066,ORD17DD46CC,7/24/2024,134.53
CUST01066,ORD6592EFBA,4/16/2025,140.03
CUST01066,ORDA9E712A6,8/25/2023,270.06
CUST01066,ORDA877D182,4/5/2025,29.87
CUST01066,ORD181FBB7A,12/7/2024,476.48
CUST01066,ORDE4D6F76E,4/15/2024,230.13
CUST01066,ORD1AAD69A8,4/7/2025,204.52
CUST01066,ORDA5D0ED1B,7/24/2023,220.71
CUST01066,ORD0D5B9308,10/18/2023,479.73
CUST01066,ORD5CCBDF0C,12/24/2023,403.17
CUST01066,ORD981B1437,1/1/2024,144.08
CUST01066,ORD00BDCF7F,3/19/2025,409.07
CUST01066,ORD44D80EB9,6/23/2024,277.81
CUST01066,ORD5F247E7C,10/7/2024,214.21
CUST01066,ORD60983CA1,1/25/2024,255.86
CUST01066,ORD5D34C34E,1/16/2025,476.77
CUST01066,ORD7F37223E,1/3/2024,399.37
CUST01066,ORDCD9A6240,9/21/2024,323.61
CUST01066,ORD3B78F7B6,1/5/2025,160.04
CUST01067,ORDC4C55DE4,4/11/2024,335.02
CUST01067,ORD6820D487,11/18/2024,253.35
CUST01067,ORD6FADB3A0,12/25/2023,294.29
CUST01067,ORDBCBF4D90,11/13/2024,271.7
CUST01067,ORD98844F73,1/15/2024,280.66
CUST01067,ORD35461FBB,4/13/2024,392.04
CUST01067,ORDC6756826,12/13/2024,429.06
CUST01067,ORDDF5A7852,10/7/2024,463.56
CUST01067,ORDEE3029FE,5/11/2024,200.62
CUST01067,ORD76D4FFAB,2/14/2025,365.6
CUST01067,ORD8B386761,12/3/2024,96.85
CUST01067,ORD22D05D19,5/2/2024,331.49
CUST01067,ORD0EE8E0AC,3/2/2024,16.96
CUST01067,ORD68A7D394,12/12/2024,220.46
CUST01067,ORD94E23D7F,1/25/2025,171.1
CUST01067,ORD6E967D6A,12/25/2023,130.34
CUST01067,ORD04567132,3/10/2024,245.13
CUST01067,ORDE7442B3C,11/14/2024,58.74
CUST01067,ORDE4C0D922,11/29/2024,466.23
CUST01067,ORD8F3F0542,11/5/2024,368.2
CUST01068,ORDA3C48E8B,1/27/2025,332.15
CUST01068,ORDD573054C,3/11/2025,339.19
CUST01068,ORD694AFF3F,8/15/2023,213.63
CUST01068,ORD1FFAA022,5/18/2024,453.92
CUST01068,ORDEE182573,10/11/2023,110.01
CUST01068,ORD5C3DF77C,5/2/2024,90.31
CUST01069,ORDA944757C,2/6/2025,384.9
CUST01069,ORDDF8F0483,7/27/2024,151.5
CUST01069,ORDB39CB530,10/12/2023,498.96
CUST01069,ORDA17E7ADB,7/29/2024,348.86
CUST01070,ORDB587FB13,3/25/2025,47.35
CUST01070,ORD0247A44D,4/12/2025,86.23
CUST01070,ORD3FFED1C1,5/16/2024,69.51
CUST01071,ORDA3BFB29B,3/31/2024,477.26
CUST01072,ORD39CC63FE,8/5/2024,391.55
CUST01072,ORD652EFFC4,12/18/2024,399.27
CUST01072,ORD09BD4A60,6/27/2024,472.74
CUST01073,ORDBB866357,10/13/2023,65.55
CUST01073,ORDA16C0E1E,12/31/2023,231.13
CUST01073,ORDF60EB8EF,4/5/2025,69.51
CUST01073,ORDA5D5D4C5,11/19/2024,385.34
CUST01073,ORDA36B6000,2/18/2025,391.97
CUST01073,ORD107B1064,12/28/2024,238
CUST01074,ORDE9F2ED00,4/20/2024,245.81
CUST01074,ORD18834A3A,11/20/2024,311.04
CUST01074,ORD5F2FE49D,11/18/2024,394.89
CUST01074,ORDF1ABD07C,3/24/2024,184.57
CUST01075,ORD5F8526A4,4/24/2025,183.09
CUST01075,ORD438256EC,3/30/2025,200.06
CUST01075,ORDA298C6FC,8/14/2024,102.76
CUST01076,ORD2720D0D8,1/21/2025,365.4
CUST01076,ORDD61DF45B,6/9/2024,456.35
CUST01076,ORD96F3B1AB,7/10/2024,313.97
CUST01076,ORD94D8ABB5,8/23/2024,485.02
CUST01076,ORDB27AEEE8,4/11/2025,385.58
CUST01076,ORD9FA4B8CA,3/15/2024,496.14
CUST01076,ORD74EE5FFE,10/4/2024,89.52
CUST01076,ORD3B8E3AF4,10/7/2024,177.63
CUST01076,ORDC9C14241,8/11/2024,265.82
CUST01077,ORD8511FA2F,1/4/2025,105.14
CUST01077,ORD352DEB91,11/28/2024,495.65
CUST01077,ORDF5685914,5/4/2024,381.08
CUST01077,ORD9ABDB5DF,11/1/2024,182.18
CUST01077,ORDDF68856D,4/15/2025,176.69
CUST01077,ORD00C723D4,9/7/2024,200.75
CUST01077,ORD598F8B6C,2/28/2025,380.81
CUST01077,ORD4559A589,10/23/2024,60.75
CUST01077,ORD3069AF24,5/14/2024,261.09
CUST01077,ORD8CB7C36F,7/9/2024,407.79
CUST01077,ORD7961E8F0,8/18/2024,114.06
CUST01077,ORD0D3A8499,11/9/2024,103.17
CUST01077,ORDA3F5FDFD,4/14/2024,322.37
CUST01077,ORD01AF2735,12/7/2024,389
CUST01077,ORD6EEBCE8B,4/17/2024,376.39
CUST01077,ORD08B9FD40,2/9/2025,42.78
CUST01077,ORD6C9FFCAA,8/1/2024,496.58
CUST01077,ORDBBC309B5,6/13/2024,121.11
CUST01078,ORD9E8DB15F,9/26/2024,283.15
CUST01078,ORD93C8CA3E,11/8/2024,234.35
CUST01078,ORDCC18A878,10/5/2024,167.88
CUST01078,ORDAB3C66C0,6/5/2024,190.75
CUST01078,ORDDB48813C,8/26/2024,450.99
CUST01078,ORDBDE97258,2/22/2024,27.83
CUST01078,ORDF0B711A4,12/14/2024,102.16
CUST01078,ORDCD9FA777,11/29/2024,289.76
CUST01078,ORD384C96B1,2/4/2024,18.39
CUST01078,ORD4AD52267,11/19/2024,335.64
CUST01078,ORDE3E63A87,9/15/2024,192.54
CUST01078,ORD140D9AA9,12/4/2023,175.98
CUST01078,ORD9C07F77D,2/6/2024,377.37
CUST01078,ORD82B7ACB9,1/14/2024,13.64
CUST01078,ORD88FB98FA,11/13/2024,164.43
CUST01078,ORD510247C6,1/13/2024,237.11
CUST01079,ORD6ED561E2,2/28/2025,423.08
CUST01079,ORD5CD6F32B,3/19/2025,301.38
CUST01079,ORDFA5DD433,5/18/2024,285.09
CUST01079,ORDA1B1E0A7,12/6/2024,67.08
CUST01079,ORDB56462FF,7/4/2024,76.53
CUST01080,ORD34002338,12/25/2024,281.26
CUST01080,ORD3E8F7414,3/1/2025,280.29
CUST01080,ORDEB04212D,1/24/2025,383.18
CUST01080,ORD0B87CCB5,11/10/2024,68.68
CUST01080,ORD10085CDD,8/10/2024,407.31
CUST01080,ORD2DDEFE0F,6/1/2024,395.21
CUST01080,ORD8943C2F7,7/11/2024,322.66
CUST01080,ORD1FF1CF8E,4/1/2025,130.56
CUST01080,ORD646D9EBF,1/8/2025,273.17
CUST01080,ORDCC054571,5/1/2024,218.56
CUST01080,ORDB68F5D54,8/1/2023,29.08
CUST01080,ORD05E2BE26,8/17/2023,62.22
CUST01080,ORD690E331C,8/21/2024,470.13
CUST01080,ORD2BFC59BB,10/5/2024,335.76
CUST01080,ORDC2DFF5AB,9/17/2023,499.22
CUST01080,ORD039CC994,4/18/2025,350.99
CUST01081,ORDA3039138,11/14/2023,499.65
CUST01081,ORDF5530306,11/20/2023,147.53
CUST01081,ORD3AAA9D90,1/1/2025,426.37
CUST01081,ORD27351E84,1/22/2024,490.84
CUST01081,ORD70DD7AB9,3/22/2025,487.81
CUST01081,ORDC13B8B96,12/13/2024,188.25
CUST01081,ORD78AD6C62,10/19/2024,254.16
CUST01081,ORD00104934,1/30/2025,371.93
CUST01081,ORDC4A7112E,11/30/2024,209.37
CUST01081,ORD3EAAA2E7,9/8/2024,22.81
CUST01081,ORD4EF0EF6C,6/30/2024,149.73
CUST01081,ORDBE6DF090,5/24/2024,100.54
CUST01081,ORD26506AB7,3/14/2024,55.61
CUST01082,ORD59A629C7,4/26/2025,466.39
CUST01082,ORD0447E780,12/20/2024,305.42
CUST01082,ORD0A368083,3/28/2024,427.27
CUST01082,ORD86C578E5,5/9/2024,187.64
CUST01082,ORD5629E374,7/26/2024,56.63
CUST01083,ORDC64A1302,2/23/2024,386.32
CUST01083,ORD3002F01C,10/7/2024,165.97
CUST01083,ORD2DA5C334,2/7/2025,70.63
CUST01083,ORD8CADA81D,7/1/2024,292.44
CUST01083,ORDA446C977,2/25/2025,295.29
CUST01083,ORD3A26ABCA,3/14/2024,48.63
CUST01083,ORD2496AAF0,12/18/2023,34.05
CUST01083,ORD5B45467D,4/21/2025,162.63
CUST01083,ORDA382CB15,11/8/2023,382.71
CUST01084,ORD1BEBAD88,8/7/2024,457.36
CUST01084,ORD4E2804DC,12/20/2023,49.03
CUST01084,ORDD186F9D3,11/23/2024,359.28
CUST01084,ORD50F92A01,10/21/2024,468.25
CUST01084,ORD8A54ED20,12/19/2023,436.45
CUST01084,ORDA8D65817,11/24/2024,277.57
CUST01084,ORD1A0243A9,8/6/2024,454.1
CUST01084,ORD5D47C965,10/13/2024,332.37
CUST01084,ORDE4C3FBEA,7/13/2024,59.21
CUST01084,ORD8EEEE88E,5/14/2024,207.79
CUST01084,ORDCE58259A,12/5/2024,466.09
CUST01084,ORD00DA9AA6,4/12/2025,162.83
CUST01084,ORD7163CCEA,1/20/2025,440.2
CUST01084,ORD308D2B47,3/7/2024,55.55
CUST01084,ORD0266D043,8/31/2024,173.3
CUST01084,ORD0B3BE899,9/28/2023,373.14
CUST01084,ORD2CF8E426,4/6/2024,77.08
CUST01084,ORDFC4E75E0,1/8/2025,56.21
CUST01085,ORD9D7AB148,8/5/2024,11.96
CUST01085,ORD813D4FC7,6/30/2023,446.79
CUST01085,ORD9EC2C6F7,3/15/2025,30.84
CUST01085,ORDADF63D71,7/26/2024,406.66
CUST01085,ORD5E6E7187,3/11/2025,208.93
CUST01085,ORDD4914EEC,9/15/2023,62.38
CUST01085,ORD7D916D1D,3/29/2025,87.82
CUST01085,ORDF226FA21,10/26/2024,470.43
CUST01085,ORD9CA16ABB,5/14/2024,448.56
CUST01085,ORD4D0B0A44,5/29/2023,131.31
CUST01085,ORDD8F4A032,4/3/2025,173.69
CUST01085,ORD5A2CCDC8,11/24/2024,100.71
CUST01085,ORD8DE34C50,7/20/2023,459.9
CUST01085,ORDC3E2EE9E,8/14/2024,353.34
CUST01085,ORD83D76609,8/16/2023,60.9
CUST01085,ORD084556A6,10/1/2023,408
CUST01085,ORDC9357CFE,4/13/2024,240.45
CUST01085,ORD1DB54D96,10/3/2023,367.09
CUST01085,ORDF370362E,8/5/2024,72.06
CUST01086,ORDF22180CA,1/2/2025,126.91
CUST01086,ORDDCF52B89,2/15/2024,209.88
CUST01086,ORD76792A87,8/4/2023,343.89
CUST01086,ORD7809A6BC,7/5/2024,438.79
CUST01086,ORD667D29F8,1/30/2025,292.58
CUST01086,ORDA6D5D25B,2/23/2024,367.63
CUST01086,ORDEB00C2FA,2/8/2025,422.5
CUST01086,ORD32774D9B,11/26/2023,251.4
CUST01086,ORDB9CBE301,9/22/2023,126.58
CUST01086,ORDBE5B160D,1/29/2024,220.56
CUST01086,ORD872D9E9A,12/24/2023,310.5
CUST01086,ORD53CE3D1F,7/30/2023,200.34
CUST01086,ORD08960864,3/16/2025,414.26
CUST01086,ORDCF1DA858,9/19/2024,153.43
CUST01086,ORD453D375A,3/2/2024,76.74
CUST01086,ORDB864AD48,2/4/2025,487.12
CUST01086,ORD926D4B79,11/23/2023,211.66
CUST01087,ORD1A849E4D,9/3/2024,150.95
CUST01087,ORD049E4DB1,6/18/2024,132.03
CUST01087,ORDC01EE764,9/18/2024,429.51
CUST01087,ORD2AC1B66A,10/22/2024,71.08
CUST01087,ORDE5586687,8/2/2024,215.91
CUST01087,ORD00AB196A,1/6/2025,327.69
CUST01087,ORDD0000419,5/8/2024,253.86
CUST01087,ORDF95A93F1,2/15/2024,489.13
CUST01087,ORD63BB8EA0,9/22/2024,208.72
CUST01087,ORD6D896178,11/16/2024,103.67
CUST01087,ORD2CE6E71F,12/31/2024,133.94
CUST01087,ORD4DEDB551,4/20/2025,72.81
CUST01087,ORD195FDB3B,1/25/2025,100.34
CUST01087,ORD71F1B314,2/7/2025,324
CUST01087,ORD6DE0784A,8/8/2024,68.79
CUST01087,ORD8622FADC,3/19/2025,338.8
CUST01087,ORD4C3097AA,12/6/2023,74.9
CUST01087,ORD4696CAB0,12/11/2024,29.7
CUST01087,ORDE54D18C4,5/10/2024,499.09
CUST01088,ORDAA9F7F46,1/31/2024,368.31
CUST01088,ORDAB78CB9F,7/9/2024,345.19
CUST01089,ORDD2C0C1F2,9/15/2024,482.96
CUST01089,ORD21C87FB3,12/9/2024,145.51
CUST01089,ORDC0777208,2/25/2024,65.18
CUST01089,ORD21C66665,5/27/2024,11.38
CUST01089,ORD1031EB4D,4/25/2024,113
CUST01090,ORD51FFF382,7/28/2024,416.69
CUST01090,ORDCF14FC89,8/10/2024,16.74
CUST01090,ORDCC1911EE,11/14/2024,62.41
CUST01090,ORD63B40EFD,9/11/2024,111.1
CUST01091,ORD04DCC505,5/30/2024,82.02
CUST01091,ORD582697F4,1/5/2025,327.5
CUST01091,ORD3C239B78,4/28/2025,70.39
CUST01091,ORDE54D2C88,12/20/2023,190.69
CUST01091,ORD599FD9F0,8/28/2024,488.85
CUST01092,ORD35945721,1/29/2024,333.16
CUST01092,ORD1E726225,6/2/2024,343.35
CUST01092,ORD3FFFCC2F,2/9/2024,227.27
CUST01092,ORD11CD76BD,8/10/2024,108.76
CUST01092,ORDE953907E,2/20/2025,321.18
CUST01092,ORD4DFF3082,11/11/2024,111.32
CUST01092,ORD67C82153,10/13/2024,183.06
CUST01092,ORD2538E35A,6/30/2023,436.28
CUST01092,ORDBA0E9A1D,2/1/2024,430.48
CUST01092,ORD29DAD4DC,4/3/2025,334.53
CUST01092,ORD4B172891,9/13/2023,250.06
CUST01092,ORDF30B2875,3/24/2025,475.08
CUST01092,ORD227DAB8A,5/14/2024,224.35
CUST01093,ORD0C3F143C,3/1/2024,11.5
CUST01093,ORD7BFAD419,8/13/2024,237.16
CUST01093,ORD07955A77,6/19/2024,40.09
CUST01093,ORD9151EA4D,7/24/2024,445.58
CUST01093,ORD2ED645F0,11/30/2024,39.2
CUST01093,ORD94D8715E,9/19/2024,234.79
CUST01093,ORDEAE25976,10/23/2024,151.65
CUST01093,ORD1AD53700,6/18/2024,212.57
CUST01093,ORDBE16D980,2/5/2024,441.84
CUST01094,ORDE7AF9A75,6/30/2023,148.89
CUST01094,ORD688F2CA1,1/13/2025,96.76
CUST01094,ORD221D2265,12/23/2024,386.84
CUST01094,ORDAAC60506,3/7/2024,241.88
CUST01094,ORD88C31CD5,5/6/2024,383.69
CUST01095,ORD7D502DF7,2/8/2025,297.38
CUST01095,ORD0B21A45B,2/5/2024,180.44
CUST01095,ORD92CCC6F6,2/27/2025,325.68
CUST01096,ORD97697EEE,7/2/2024,108.45
CUST01096,ORDB150675C,9/1/2024,433.29
CUST01096,ORD12458441,2/23/2025,421.34
CUST01096,ORD41D49F12,8/28/2024,482.12
CUST01096,ORDDE9656BD,10/14/2024,142.12
CUST01096,ORD630D0A1D,5/9/2024,245.37
CUST01096,ORD7EDFD3F5,9/18/2024,224.68
CUST01096,ORDE1511399,12/24/2024,75.41
CUST01096,ORD3CAE397E,1/8/2025,392.69
CUST01096,ORD9FBA2209,2/17/2025,326.16
CUST01096,ORD89E52D05,4/3/2024,198.45
CUST01096,ORDFCE9A4FB,3/13/2024,493.38
CUST01096,ORD4FB5361D,5/22/2024,280.36
CUST01096,ORDDF7C1CEC,6/5/2024,324.53
CUST01096,ORD29D93C02,2/22/2025,80.9
CUST01097,ORDC4DE403E,1/22/2024,363.41
CUST01097,ORD4CDBDA4B,8/20/2024,265.79
CUST01097,ORD0C3E4095,11/8/2024,348.05
CUST01097,ORD22BD7364,9/12/2023,143.19
CUST01097,ORD24AD1CA3,1/27/2024,332.56
CUST01097,ORD2468F2E7,3/20/2025,401.74
CUST01097,ORD09523BEA,2/19/2024,375.74
CUST01097,ORD9C552CE6,4/27/2025,19.95
CUST01097,ORD67CEC457,3/12/2024,287.91
CUST01098,ORD35691F55,8/27/2023,128.2
CUST01098,ORD7C47FD36,2/28/2025,148.58
CUST01098,ORD7E5E0DFD,1/19/2025,406.76
CUST01098,ORD666D3686,9/28/2024,381.29
CUST01099,ORDCA918F32,5/9/2024,429.37
CUST01099,ORD25BBC611,3/24/2024,291.46
CUST01099,ORD89096C22,12/7/2023,462.97
CUST01099,ORD4753A4BC,1/30/2024,461.7
CUST01099,ORD734BCE6C,12/22/2024,317.48
CUST01099,ORDE183F424,5/18/2024,488.95
CUST01099,ORDE522950A,1/12/2024,11.65
CUST01099,ORD2B46E1DB,1/1/2024,479.72
CUST01099,ORDE62F0905,8/19/2024,170.41
CUST01099,ORDD758756F,12/9/2024,347.92
CUST01099,ORD75CE86F5,1/9/2025,281.4
CUST01099,ORD24D59DFE,10/12/2024,288.3
CUST01099,ORDE388241C,1/11/2024,10.72
CUST01099,ORD4F643238,7/9/2024,104.78
CUST01099,ORD2FB7E7C9,2/21/2024,63.15
CUST01099,ORD3C36227C,4/12/2024,160.11
CUST01099,ORD37F18F52,9/1/2024,384.44
CUST01099,ORD3A8D7491,10/16/2024,133.07
CUST01100,ORD496EE12E,2/9/2024,297.23
CUST01100,ORD3F98AC73,12/27/2023,318.14
CUST01100,ORDA4F11C70,7/14/2024,338.22
CUST01100,ORD578D1B6C,4/13/2024,480.72
CUST01100,ORDBD66F0CE,10/28/2023,286.96
CUST01100,ORD2E8E54FF,1/9/2024,184.87
CUST01100,ORD7DBCA773,4/23/2025,196.16
CUST01100,ORD86C014E8,5/23/2024,316.06
CUST01100,ORD8CC3B963,2/4/2025,446.23
CUST01101,ORD93E9F33B,9/20/2024,32.44
CUST01101,ORD651064E7,4/15/2024,174.71
CUST01101,ORDE0664E42,3/7/2024,240.98
CUST01101,ORD3885B713,4/10/2024,128.17
CUST01101,ORDB5757067,4/7/2025,173.38
CUST01101,ORD78079BEA,12/18/2024,121.51
CUST01101,ORDAE279DA1,4/10/2025,479.18
CUST01101,ORD073CC27C,4/22/2024,18.05
CUST01101,ORD3CCFDCC4,6/16/2024,47.37
CUST01101,ORD4F51E6FB,8/15/2024,286.93
CUST01101,ORD628F66D0,3/24/2025,77.13
CUST01102,ORDACEE7309,12/12/2023,434.61
CUST01102,ORD3C1AAF5A,8/6/2024,110.43
CUST01102,ORD6DB1C61B,5/7/2024,212.06
CUST01102,ORD2E50DE0F,11/6/2024,498.02
CUST01102,ORD17196E05,9/2/2024,45.58
CUST01102,ORD208DED50,2/21/2025,343.67
CUST01102,ORDB3A48F3A,4/11/2025,488.2
CUST01102,ORD5EBAAF6F,6/27/2024,226.23
CUST01102,ORD27A6C776,3/25/2025,76.5
CUST01102,ORD13653588,10/28/2024,371.63
CUST01102,ORD6828AA73,6/23/2024,117.05
CUST01102,ORD824140D1,12/1/2023,57.46
CUST01102,ORD1A4B8F95,9/4/2023,135.66
CUST01102,ORD603B9ADE,9/2/2024,459.92
CUST01103,ORDE8443F17,1/13/2025,68.94
CUST01103,ORD46C7BA42,6/14/2024,147.4
CUST01103,ORD2918EBCF,5/16/2024,298.43
CUST01103,ORD83C166A7,4/6/2025,230.42
CUST01103,ORD3E2FCC63,2/9/2024,112.45
CUST01103,ORDF37EFA33,12/6/2023,177
CUST01103,ORD193B0EC4,5/5/2024,125.99
CUST01103,ORD576BDC6F,9/12/2024,68.2
CUST01103,ORDB885F9C6,7/24/2024,404.65
CUST01103,ORDEB80CBC9,9/3/2023,397.64
CUST01103,ORD8C5E7AC6,12/3/2023,273.08
CUST01103,ORDD0DCBDBE,10/15/2024,318.26
CUST01103,ORD06516822,12/6/2024,382.85
CUST01103,ORDC672BF04,3/8/2024,31.64
CUST01104,ORDC2531E14,11/1/2023,275.13
CUST01104,ORDDD11960D,12/30/2023,332.08
CUST01104,ORD49ACD46D,1/20/2024,350.98
CUST01104,ORD3023465D,12/14/2024,13.11
CUST01104,ORD36755645,2/13/2025,422.6
CUST01104,ORDD4BF8827,3/8/2025,410.36
CUST01104,ORDCF73DA8F,6/18/2024,116.02
CUST01104,ORD995C696E,3/21/2025,211.79
CUST01104,ORD73D0C38C,5/18/2024,172.06
CUST01105,ORD59C0EE52,8/5/2024,256.81
CUST01105,ORD10B575DB,4/11/2025,122.37
CUST01105,ORD66A1C600,6/3/2024,292.08
CUST01106,ORD4AAA282E,3/24/2025,219.28
CUST01107,ORD9C79BCB9,8/1/2024,467.98
CUST01107,ORDE3F3EB7E,2/25/2025,379.13
CUST01107,ORDD7C089A8,9/25/2024,282.58
CUST01107,ORD82BC63E8,11/24/2024,90.5
CUST01107,ORDEB0EA42A,3/2/2025,372.06
CUST01107,ORDAF719B2F,2/5/2025,490.55
CUST01107,ORDF4253974,6/20/2024,290.14
CUST01107,ORDB7A7049A,2/1/2025,336.98
CUST01107,ORD9314C486,1/17/2025,104.35
CUST01107,ORD73E8C40B,2/3/2025,412.93
CUST01107,ORD9350935C,12/25/2024,124.77
CUST01107,ORDAF58C3E2,11/25/2024,32.15
CUST01108,ORD6546313E,4/20/2024,105.97
CUST01108,ORDA72C8318,2/16/2024,112.44
CUST01108,ORDFCBF9411,5/29/2024,74.99
CUST01108,ORDBB5661E1,2/3/2024,235.82
CUST01108,ORDA8F29B3E,6/23/2024,334.21
CUST01108,ORDBFF076DB,2/7/2024,120.56
CUST01109,ORD695CD87E,4/15/2025,25.43
CUST01109,ORD00519DF6,9/10/2024,365.61
CUST01109,ORD70AC31F6,6/10/2024,364.79
CUST01109,ORD7038A411,9/11/2024,189.65
CUST01109,ORD31FBEB2E,10/4/2023,380.73
CUST01110,ORD60E89300,11/9/2024,419.03
CUST01110,ORDDD75342D,8/2/2024,221.59
CUST01110,ORDEF283700,12/2/2024,347.08
CUST01110,ORD5755D230,1/17/2025,418.47
CUST01110,ORD6D0F7A87,12/22/2024,87.94
CUST01110,ORD510E6AD5,4/22/2025,195.26
CUST01110,ORD336DD774,3/27/2024,93.97
CUST01110,ORD5A1D5BE5,2/27/2025,27.21
CUST01110,ORDA693F779,2/17/2025,95.8
CUST01110,ORDE118AE13,8/19/2024,423.02
CUST01111,ORDC175B14A,2/12/2024,63.18
CUST01111,ORD442DE910,4/14/2024,384.56
CUST01111,ORD169BE8E2,3/12/2025,113.77
CUST01111,ORDB1F02299,10/19/2024,85.33
CUST01111,ORD060F6F3A,4/14/2025,63.14
CUST01111,ORDC8F0A20D,5/19/2024,122.34
CUST01111,ORD87E111F5,10/3/2024,408.17
CUST01111,ORDD08640A6,6/3/2024,140.41
CUST01111,ORDCB8E8AED,3/23/2024,264.93
CUST01111,ORD73973661,1/22/2025,281.95
CUST01111,ORDC62938A4,12/24/2023,341.8
CUST01111,ORD5AF41553,12/13/2024,475.48
CUST01111,ORDD79A9A36,5/15/2024,466.71
CUST01111,ORD199631E7,5/10/2024,450.5
CUST01112,ORD5BE94B2D,2/4/2025,492.36
CUST01112,ORD1C3CE356,3/6/2025,444.33
CUST01112,ORD8AABED60,7/21/2024,87.12
CUST01112,ORD94C42B4B,12/19/2024,498.64
CUST01112,ORD8529C5ED,5/24/2024,271.1
CUST01112,ORDFE5E2646,11/9/2024,287.97
CUST01112,ORDDA7F93C8,12/3/2024,477.27
CUST01112,ORDB8866552,4/1/2025,218.19
CUST01112,ORDFD2A74A0,4/4/2025,309.36
CUST01112,ORD4D2B518C,9/18/2023,399.41
CUST01112,ORD2E8CE290,12/29/2024,146.8
CUST01112,ORD4357BCA3,1/9/2024,137.51
CUST01112,ORD02DF27F2,2/8/2024,114.93
CUST01112,ORD56EB3929,12/5/2023,369.37
CUST01112,ORD707B0423,3/11/2024,388.19
CUST01112,ORD5666E988,10/1/2023,19.81
CUST01112,ORDBBC8C80F,4/10/2025,208.85
CUST01112,ORD1B4C6A57,2/11/2025,194.01
CUST01112,ORD30FFE47E,2/20/2025,272.37
CUST01113,ORD96930EB3,12/4/2023,438.62
CUST01113,ORD192C68D3,2/4/2025,66.52
CUST01113,ORD1B2D381A,9/1/2024,350.31
CUST01114,ORDADF8A985,2/29/2024,122.57
CUST01114,ORD4FB9E40E,8/28/2024,353.13
CUST01115,ORD14D99353,10/6/2024,284.43
CUST01115,ORD56829B20,1/14/2024,203.36
CUST01115,ORDEADA6A87,4/10/2025,328.33
CUST01115,ORD0A3F7DC8,9/20/2024,359.1
CUST01116,ORD816517D7,7/1/2024,35.89
CUST01116,ORD030D79EB,7/25/2024,98.1
CUST01116,ORDB1D2C9BC,9/5/2024,439.14
CUST01116,ORD95403B3E,2/28/2025,401.48
CUST01116,ORD489A0696,2/17/2025,127.84
CUST01117,ORDCCAFE994,6/7/2024,259.12
CUST01117,ORD8285D1DF,7/13/2023,307.38
CUST01118,ORDA47EB6DA,7/16/2024,128.33
CUST01118,ORD6A83E538,9/30/2024,280.62
CUST01118,ORD33D6567B,11/4/2024,176.16
CUST01119,ORD6C95B97B,3/26/2025,55.83
CUST01119,ORDBF73FF3A,3/2/2025,137.96
CUST01119,ORD3D71D590,10/28/2024,278.96
CUST01119,ORD38B2E170,3/14/2025,415.77
CUST01119,ORD8AF74D2E,12/7/2024,31.57
CUST01119,ORDBA2F1EC1,3/21/2025,250.35
CUST01119,ORD17A5C534,6/3/2024,420.57
CUST01119,ORD8E848E94,12/27/2024,78.46
CUST01119,ORD2B63AF37,4/30/2024,397.11
CUST01119,ORD013F4840,9/7/2024,352.4
CUST01119,ORDF23ACFA0,4/23/2025,53.8
CUST01119,ORDCF94E3FA,10/7/2024,82.43
CUST01119,ORDDFA02F5B,3/21/2025,226.75
CUST01119,ORD581D61CC,3/25/2025,216.84
CUST01119,ORD6FC8A0AD,12/6/2024,320.59
CUST01119,ORD05968C8E,2/14/2025,49.28
CUST01119,ORD85FAA57F,11/25/2024,382.47
CUST01119,ORDA51F3F01,1/1/2025,235.84
CUST01120,ORD67F5ADC1,10/23/2024,496.45
CUST01120,ORD1EA60924,10/19/2023,175.46
CUST01120,ORD420DD1D4,7/16/2024,26.22
CUST01120,ORD07ABD6CE,4/11/2025,15.65
CUST01120,ORD6EE2E4C6,1/9/2025,23.39
CUST01120,ORD41ACF4C8,10/18/2023,335.79
CUST01120,ORD88F602D5,7/14/2024,21.86
CUST01120,ORD11FA38A3,12/30/2023,406.7
CUST01120,ORD5A7CABC3,2/14/2024,24.87
CUST01121,ORD82282948,12/27/2024,90.81
CUST01121,ORD537E6C57,3/9/2025,373.68
CUST01121,ORDD121C0B0,12/31/2023,322.15
CUST01121,ORDFEEF99D7,5/13/2024,49.72
CUST01121,ORD9BEB2D11,10/28/2024,347.1
CUST01121,ORDED630267,4/5/2025,245.58
CUST01121,ORD78CA5B83,8/18/2024,404.63
CUST01121,ORD568D95EA,4/21/2025,225.1
CUST01121,ORD9B42A798,1/13/2025,448.2
CUST01121,ORDE7015A1D,4/21/2024,327.3
CUST01121,ORD65AA3B8E,9/14/2024,38.05
CUST01122,ORDBDA63D22,12/18/2024,22.66
CUST01122,ORD00410EF3,10/8/2023,83.39
CUST01122,ORD94352E53,11/3/2024,183.14
CUST01122,ORDA9BD1AD5,6/6/2024,195.73
CUST01122,ORD3AB7EA4D,3/26/2025,66.43
CUST01122,ORD2CBC293B,7/28/2024,457.99
CUST01122,ORD4AD3ED3D,8/29/2024,326.35
CUST01122,ORD6C8367D4,6/16/2024,378.74
CUST01122,ORDD7B12BBE,5/23/2024,137.79
CUST01122,ORD9A24FB46,4/6/2024,51.67
CUST01122,ORDBE19825B,8/30/2024,408.26
CUST01122,ORDEC58520E,4/22/2025,304.17
CUST01122,ORD50C8F18A,4/17/2025,292.43
CUST01122,ORD30DAFA12,4/22/2024,243.62
CUST01122,ORDE9FA3ADD,1/26/2024,250.66
CUST01122,ORDFC77BBB4,12/13/2023,456.02
CUST01122,ORDC11F6F6C,11/15/2024,47.54
CUST01122,ORD7693C68B,12/12/2023,96.11
CUST01122,ORD4E48CB57,6/4/2024,383.98
CUST01122,ORD0477EF91,12/24/2023,255.69
CUST01123,ORD63B71491,4/24/2024,163.92
CUST01123,ORDA695E17D,12/19/2024,239.75
CUST01124,ORD0A81C0C6,8/11/2024,223
CUST01124,ORD986190CC,8/21/2023,22.86
CUST01124,ORD9A3BC82E,7/27/2024,303.61
CUST01124,ORDD1F4F7F7,1/30/2024,11.37
CUST01124,ORDED870B2B,9/25/2024,138.03
CUST01124,ORDAAED1EA1,6/20/2024,130.35
CUST01124,ORD3A196E2C,9/16/2023,179.22
CUST01124,ORDA9A0AEDB,3/1/2024,177.33
CUST01124,ORD4E1B5A3A,4/30/2024,187.12
CUST01124,ORDC4C9B0FC,8/18/2023,262.79
CUST01124,ORD66AD8065,6/25/2023,269.72
CUST01124,ORD28E1E69E,12/11/2023,208.54
CUST01124,ORDFDE4E162,5/23/2024,285.87
CUST01124,ORD5CC97DF6,10/12/2023,125.54
CUST01124,ORD546CB108,2/26/2025,83.14
CUST01124,ORD1E7405DE,7/27/2023,142.01
CUST01124,ORDC276EEC5,5/31/2024,121.64
CUST01125,ORD5B3CAAE7,3/30/2024,191.09
CUST01125,ORD56524CC3,10/6/2024,34.01
CUST01125,ORDC712BE25,12/2/2024,161.96
CUST01125,ORD5F22CBD8,1/5/2024,93.42
CUST01125,ORD6FB68D3B,8/11/2024,292.64
CUST01125,ORD3370D5DB,11/8/2023,367.5
CUST01125,ORDE81CDA30,2/28/2025,280.75
CUST01125,ORD25844746,3/25/2025,29.29
CUST01125,ORD70F1B36E,8/2/2024,240.19
CUST01125,ORD3C655C13,4/27/2024,209.3
CUST01125,ORD8DAF6373,3/30/2025,127.79
CUST01126,ORD23DB547F,4/14/2024,429.45
CUST01126,ORD91EC300E,4/1/2025,283.55
CUST01126,ORDB926A150,9/5/2024,312.86
CUST01126,ORD2A0EFD5B,12/19/2024,395.4
CUST01126,ORD5F71D53B,2/8/2024,18.33
CUST01126,ORDBA0FD2E2,5/2/2024,315.96
CUST01126,ORDCF2CBFCD,10/23/2024,321.76
CUST01126,ORDE559A035,10/17/2023,469.91
CUST01126,ORD95D8505F,8/15/2024,463.07
CUST01126,ORDB8D84A4C,12/22/2024,100.54
CUST01126,ORDB64E93C4,2/28/2025,41.61
CUST01126,ORDE83A23B3,5/27/2024,141.23
CUST01126,ORD1FF101C5,2/25/2025,33.02
CUST01126,ORD14DC3588,1/2/2025,69.98
CUST01126,ORD23559B18,4/15/2025,201.92
CUST01126,ORD14E3FDFD,1/19/2024,419.1
CUST01126,ORD6B8AFBC1,1/18/2025,70.89
CUST01126,ORD332C2E80,3/1/2024,282.34
CUST01126,ORDFF5F9551,7/6/2024,269.35
CUST01126,ORD704E9E41,4/24/2025,12.44
CUST01127,ORD62681B94,2/20/2025,481.45
CUST01127,ORDC148C680,2/22/2025,325.45
CUST01127,ORDB7745B25,8/26/2024,278.26
CUST01127,ORD34EB1735,2/10/2024,242.08
CUST01127,ORD8B40E361,12/23/2024,441.42
CUST01127,ORD5AAD0AF5,2/4/2024,132.02
CUST01127,ORDFDFCCF64,8/7/2024,104.99
CUST01127,ORD8AB937CB,4/26/2024,361.91
CUST01127,ORD04E1A423,4/28/2024,101.97
CUST01128,ORDDD482899,3/11/2025,205.86
CUST01128,ORD5AFB5FB8,12/21/2024,128.69
CUST01128,ORDB9274CC4,9/20/2024,339.77
CUST01129,ORD121614FF,1/13/2024,351.36
CUST01129,ORD13B4342B,9/16/2024,313.35
CUST01129,ORD28192572,11/30/2024,154.62
CUST01129,ORD683D05B1,9/1/2024,93.73
CUST01129,ORD87C7DC27,9/6/2023,290
CUST01130,ORDE9F29F7E,11/26/2023,209.74
CUST01130,ORD90B5D91F,11/9/2024,87.71
CUST01130,ORDFD6B9A7D,2/27/2025,128.93
CUST01130,ORD137AFEBD,6/14/2024,215.7
CUST01130,ORD07D7C3AC,1/12/2025,361.33
CUST01130,ORDEB7CA9C1,8/30/2024,190.45
CUST01130,ORDF727515B,2/5/2024,365.36
CUST01130,ORD8E52A8A8,6/4/2024,268.88
CUST01130,ORD6AC94DA4,7/13/2024,114.8
CUST01130,ORD4AC793DB,7/14/2024,161.7
CUST01131,ORD70F33549,5/14/2024,50.26
CUST01131,ORDCE45E0CA,9/1/2023,437.99
CUST01131,ORD6815CCEF,4/19/2024,412.8
CUST01131,ORD259D5FEE,9/22/2023,152.9
CUST01131,ORDCCD411BB,4/2/2024,491.28
CUST01131,ORDCE3B24DE,7/13/2024,201.04
CUST01131,ORD5085F2E8,11/13/2023,183.79
CUST01131,ORDBBC49DD0,2/9/2024,377.64
CUST01131,ORD823C6F48,4/17/2024,381.25
CUST01132,ORDF20F1536,4/16/2024,101.43
CUST01132,ORDBD6D681F,3/16/2025,396.44
CUST01133,ORD3106B9D4,3/30/2024,176.57
CUST01133,ORD4DEE0113,3/10/2025,344.76
CUST01133,ORD43A02238,3/7/2025,153.98
CUST01133,ORD6890E8F5,3/16/2024,480.02
CUST01133,ORD24FA1E07,5/30/2024,456.6
CUST01133,ORD4A427181,3/27/2025,21.4
CUST01133,ORD15130915,6/8/2024,51.46
CUST01133,ORDBFA1AA56,10/7/2024,194.86
CUST01133,ORD10A29AF9,2/17/2025,211.48
CUST01133,ORD22DA4D53,5/22/2024,147.1
CUST01133,ORDA7932693,7/21/2024,152.39
CUST01133,ORDBB978AFF,3/7/2024,292.1
CUST01134,ORD0A7D1F2F,9/19/2024,257.56
CUST01134,ORD42DEB982,3/29/2025,459.85
CUST01134,ORD7C8E00A6,4/5/2025,388.3
CUST01134,ORD5AC5C099,8/24/2023,368.08
CUST01134,ORD75E70DD9,3/2/2025,190.5
CUST01134,ORDAE4219AD,11/17/2023,282.48
CUST01134,ORD548174BF,11/26/2024,255.48
CUST01134,ORD849DD397,2/5/2024,97.44
CUST01134,ORD88816CD2,1/3/2024,491.33
CUST01134,ORDB3D41200,4/1/2025,172.46
CUST01134,ORD35009F82,10/15/2023,486.51
CUST01134,ORD44F557D2,2/1/2025,238.18
CUST01134,ORD5B9780CB,1/11/2024,417.56
CUST01134,ORD4BC90ABB,1/3/2025,40.15
CUST01134,ORDA8FDC39A,12/3/2023,347.25
CUST01134,ORD4F4557A6,3/13/2025,28.4
CUST01134,ORD7F162C05,9/30/2024,346.55
CUST01135,ORD66FCFA85,1/17/2025,496.63
CUST01135,ORD131CE53C,2/17/2024,152.77
CUST01136,ORD53496D55,4/19/2024,459.08
CUST01136,ORD30BC0CA0,10/8/2024,112.38
CUST01136,ORD5E4479EA,4/29/2024,384.87
CUST01136,ORD8E18A2F9,4/10/2025,183.98
CUST01136,ORD16FA94B3,3/2/2024,415.98
CUST01136,ORDC047ED79,12/13/2024,136.28
CUST01136,ORD65739582,11/20/2024,164.39
CUST01137,ORDF7E6B00A,11/5/2023,203.41
CUST01137,ORD37D99D6A,6/19/2024,118.72
CUST01137,ORDB7A1A559,5/7/2024,79.29
CUST01137,ORD34111420,3/4/2025,60.07
CUST01138,ORD9D4326F4,10/3/2024,358.54
CUST01138,ORDB2FEB5BF,4/12/2024,232.82
CUST01138,ORD498FCC0F,6/1/2023,238.56
CUST01138,ORDEF7A2A2D,4/7/2024,440.51
CUST01139,ORD62EAA390,5/8/2024,276.75
CUST01139,ORD697A2B24,4/17/2024,307.16
CUST01139,ORDDF648A40,4/29/2024,107.32
CUST01139,ORDDEA2AC56,7/24/2024,300.73
CUST01140,ORDA0AAFC77,5/5/2024,251.36
CUST01140,ORD2B1186C2,5/6/2024,76.01
CUST01140,ORD6E004ABA,2/16/2024,325.57
CUST01140,ORD7E3E9F8D,4/7/2024,499.73
CUST01140,ORD31870AEF,11/15/2024,29.21
CUST01140,ORDFDD981F8,3/8/2024,209.26
CUST01140,ORDFF4514E9,3/2/2024,27.03
CUST01141,ORD285D0DAA,11/23/2024,478.54
CUST01141,ORD81652578,3/14/2024,459.88
CUST01141,ORDB72F1CFA,11/15/2024,309.82
CUST01142,ORD7586878B,3/3/2025,253.37
CUST01142,ORDE5AEA788,4/15/2024,481.23
CUST01142,ORDF5E4B1E7,4/8/2025,495.8
CUST01142,ORD2A29D069,7/30/2024,56.7
CUST01142,ORD925EDDBB,10/19/2024,480.76
CUST01142,ORD3E30111E,2/12/2024,430.61
CUST01142,ORD50E2A32C,5/5/2024,391.67
CUST01142,ORDE0E7BDD2,7/31/2024,362.94
CUST01142,ORD84204AE2,1/17/2025,266.99
CUST01142,ORDD467500C,9/29/2024,14.11
CUST01142,ORD2BA2B20C,2/25/2024,456.64
CUST01142,ORD300A98C0,10/6/2024,112.26
CUST01142,ORDB6011127,6/17/2024,23.02
CUST01142,ORD25E71507,10/26/2024,407.24
CUST01142,ORD577289E4,3/12/2025,297.18
CUST01142,ORDFD4A443F,7/27/2024,173.95
CUST01142,ORD97FD4F51,2/22/2024,213.36
CUST01143,ORD7181487A,8/30/2024,72.67
CUST01143,ORDEDB2DAB0,10/4/2023,302.63
CUST01143,ORDBD6E6F9D,6/18/2024,462.92
CUST01143,ORD5B854860,2/6/2025,129.75
CUST01143,ORD3C507317,12/8/2023,194.87
CUST01143,ORD1DA56903,9/29/2024,241.41
CUST01143,ORD8B7ED07D,11/9/2024,354.39
CUST01143,ORDB2B5464D,11/18/2023,139.3
CUST01143,ORD6841ABD9,11/15/2024,148.99
CUST01143,ORDAA0553C6,11/26/2023,489.71
CUST01143,ORDB9B5B025,8/31/2023,68.65
CUST01143,ORD58BE45CD,3/30/2024,365.14
CUST01143,ORDC2C3293A,3/24/2024,213.6
CUST01143,ORD0B1BA81A,3/17/2024,11.51
CUST01143,ORDD27DD4FC,8/20/2023,314.32
CUST01143,ORDA6575B2B,2/1/2024,114.71
CUST01143,ORD1545ECF8,4/29/2025,190.27
CUST01143,ORD7A3D13FF,12/24/2024,398.12
CUST01144,ORDF06AA38B,12/23/2023,444.08
CUST01144,ORDEEEB3948,7/7/2024,47.36
CUST01144,ORD6735AF1F,8/25/2024,305.81
CUST01144,ORD8EE78DBE,1/8/2025,406.17
CUST01144,ORD2A15CBD0,2/22/2024,436.71
CUST01145,ORD144DC27E,7/16/2024,150.55
CUST01145,ORD7E6CBB43,4/22/2024,274.22
CUST01145,ORD4F75192F,6/21/2023,120.66
CUST01145,ORDFAEE4771,10/3/2024,204.53
CUST01145,ORD606F23C1,8/20/2024,243.9
CUST01145,ORD50FB4A5F,12/14/2023,420.65
CUST01145,ORD69DB87E4,1/18/2025,297.41
CUST01145,ORD5AE1DA66,5/30/2024,380.7
CUST01145,ORDAAADC0F2,1/20/2024,209.57
CUST01145,ORD6FDFB9F7,2/18/2024,93.59
CUST01145,ORD88DC8EE9,1/5/2024,364.25
CUST01145,ORDAC95115D,3/13/2024,471.38
CUST01145,ORD8D7CBD6B,2/8/2025,307.22
CUST01145,ORD939ADC70,6/8/2024,257.87
CUST01145,ORDB35D3BF2,5/29/2024,46.02
CUST01145,ORD29D1FB08,6/19/2024,231.13
CUST01145,ORDB903685E,7/10/2023,174.24
CUST01145,ORD667C8DDB,1/5/2025,214.95
CUST01145,ORD6FE67191,12/12/2024,55.19
CUST01146,ORDD3EB0564,5/19/2024,350.75
CUST01146,ORD7CDC3964,3/3/2025,430.07
CUST01147,ORDB5642FAF,3/3/2025,73.73
CUST01147,ORD76AF6F1E,10/1/2024,272.69
CUST01147,ORD32EB2A83,4/22/2024,470.93
CUST01147,ORDC50DDA77,9/4/2024,31
CUST01147,ORDC751A78E,2/19/2025,189.75
CUST01147,ORDAD2FD4CD,3/7/2025,20.41
CUST01147,ORD0D23D99D,2/15/2025,398.1
CUST01147,ORDE3D50B81,5/28/2024,126.45
CUST01147,ORDE59C44CA,11/29/2024,468.44
CUST01147,ORD965C6696,3/13/2025,220.05
CUST01148,ORD05148078,12/22/2024,264.48
CUST01148,ORD530AFC60,7/1/2023,57.03
CUST01149,ORD1A259637,4/11/2024,218.99
CUST01149,ORD1A03F173,2/25/2024,424.8
CUST01149,ORDE471B65A,1/23/2024,470.03
CUST01149,ORDA60A7C27,12/14/2023,472.49
CUST01149,ORD756B535F,3/24/2024,438.67
CUST01150,ORD4ED395A2,7/24/2023,264.93
CUST01150,ORD8FE24927,2/16/2024,109.56
CUST01151,ORDC71163A2,12/28/2023,204.94
CUST01151,ORD394614FA,5/11/2024,307.64
CUST01151,ORD4ADC96F4,9/17/2023,410.9
CUST01151,ORD8AB83FD5,7/16/2023,383.74
CUST01151,ORDCDFFD728,8/4/2024,199.28
CUST01151,ORD8F83AF9F,8/27/2024,345.6
CUST01151,ORD38D78CF7,3/16/2025,45.61
CUST01151,ORDECA26A62,11/16/2023,470.75
CUST01151,ORDC0054914,5/22/2024,114.3
CUST01151,ORDF9F15220,2/22/2024,476.87
CUST01151,ORDD7126CD4,4/29/2025,386.12
CUST01151,ORDB56879D8,10/2/2023,134.47
CUST01151,ORDEF8300A9,8/10/2023,176.86
CUST01152,ORD754CF7AE,3/11/2025,410.52
CUST01152,ORD3F1ED09C,6/13/2024,259.45
CUST01153,ORDD110829F,2/18/2025,223.76
CUST01153,ORD467A9CE9,11/15/2024,63.3
CUST01153,ORD4124A042,5/3/2024,316.93
CUST01153,ORD59364300,4/6/2024,247.78
CUST01153,ORD33878B03,5/20/2024,383.9
CUST01153,ORDC23E323C,3/17/2025,325.63
CUST01154,ORD76E97872,1/27/2024,314.38
CUST01154,ORD0E41FA78,3/18/2024,492.12
CUST01154,ORD748B64D4,12/8/2024,417.38
CUST01154,ORD67763779,5/25/2024,152.3
CUST01154,ORD0B2CF585,1/17/2025,481.93
CUST01155,ORD9A50C67F,10/7/2024,128.63
CUST01155,ORDE65C72F8,1/9/2025,449.22
CUST01155,ORD07EF79D1,12/23/2024,12.43
CUST01155,ORD7B981533,6/21/2024,268.63
CUST01156,ORDDB873ACB,8/18/2024,392.32
CUST01156,ORD86D204EB,12/31/2024,177.88
CUST01156,ORD7773EC68,8/23/2024,126.34
CUST01156,ORDAB9E70E7,11/22/2024,432.79
CUST01156,ORD2BE42A29,5/8/2024,457.23
CUST01156,ORDE0181599,7/16/2024,370.96
CUST01156,ORDB7993A2E,1/17/2025,269.02
CUST01156,ORDB4AE9607,5/5/2024,209.65
CUST01156,ORD1C57FAB0,2/24/2025,113.86
CUST01156,ORDAD887CF3,3/15/2025,326.12
CUST01156,ORD0B76BA7D,7/20/2024,311.11
CUST01156,ORD27A092DC,8/11/2024,70.83
CUST01156,ORD41C6CFF3,3/30/2025,60.21
CUST01156,ORDFB276CC0,4/19/2024,191.58
CUST01156,ORDE58ACCA9,10/23/2024,348.64
CUST01157,ORD143F976A,3/3/2024,306.78
CUST01158,ORD00404ECC,11/13/2023,258.63
CUST01158,ORD50DC059E,3/29/2024,496.66
CUST01159,ORD5226E705,12/11/2023,356.7
CUST01159,ORD91ECE656,9/18/2024,403.61
CUST01159,ORD03FBF49F,9/4/2023,150.02
CUST01159,ORD7BDC7B9B,7/9/2023,99.07
CUST01159,ORD7E1F50CD,5/28/2023,17.73
CUST01159,ORDDFEE5BC0,7/14/2023,497.73
CUST01159,ORD67349D86,10/4/2023,496.03
CUST01159,ORDB63E2ED2,9/9/2023,295.62
CUST01159,ORD2FED90F0,7/28/2024,91.14
CUST01159,ORDD0D3F8AF,10/11/2023,380.55
CUST01159,ORDBA868706,12/22/2024,356.02
CUST01159,ORD70612CA1,6/20/2024,315.65
CUST01159,ORD38DD3D83,10/29/2024,316.72
CUST01159,ORD6BBFF3E4,10/14/2024,385.65
CUST01159,ORD13C2FDD9,7/23/2024,290.63
CUST01159,ORD04C56ADB,8/10/2023,194.18
CUST01159,ORD6C210412,8/31/2023,392.45
CUST01159,ORDBC97C30B,12/15/2023,155.24
CUST01159,ORD81EFF2A1,6/22/2023,280.82
CUST01160,ORD44DE3552,1/27/2025,382.15
CUST01160,ORD5370AAB7,2/7/2025,375.55
CUST01160,ORD8254E60B,9/17/2024,341.2
CUST01160,ORD4590A7EE,2/19/2025,382.93
CUST01160,ORD1F4B48A8,8/2/2024,428.56
CUST01160,ORDF508AF50,7/5/2024,53.93
CUST01160,ORD52B087D1,9/10/2024,265.88
CUST01160,ORD55D73708,5/16/2024,81.14
CUST01160,ORDFC72F49C,2/1/2025,393.93
CUST01160,ORD6EE67ADB,5/17/2024,293.85
CUST01160,ORD68F9B83D,3/11/2024,322.02
CUST01160,ORDB1D504B1,3/15/2025,288.69
CUST01160,ORD09837120,1/17/2024,82
CUST01160,ORDAFCBAB58,6/2/2024,287.02
CUST01160,ORD5B043C28,4/10/2025,154.26
CUST01160,ORD7F3AE859,12/29/2023,388.43
CUST01160,ORDB3E39772,10/23/2023,444.8
CUST01160,ORDAD7C708D,10/10/2023,289.05
CUST01160,ORD42A4790A,10/13/2023,398.23
CUST01160,ORD75B086E4,9/13/2024,429.85
CUST01161,ORD2AFE0DDF,4/20/2025,446.36
CUST01161,ORD274506E6,2/14/2024,63.09
CUST01161,ORD5FD3DE72,3/31/2025,421.2
CUST01161,ORD15E87401,7/10/2024,405.47
CUST01161,ORDF98EF264,2/26/2025,119.28
CUST01161,ORDD76E6A0D,3/22/2025,392.46
CUST01162,ORDEC1B6291,1/12/2024,208.06
CUST01162,ORD88F5D96D,3/22/2025,284.33
CUST01162,ORD90B61E82,2/11/2024,469.39
CUST01162,ORD857BB6A9,4/21/2024,209.83
CUST01162,ORDA96B8D17,4/23/2025,352.84
CUST01162,ORD14A0329F,12/26/2024,495.11
CUST01162,ORD02282CCE,11/16/2024,241.76
CUST01162,ORDDC935FBC,5/31/2024,205.02
CUST01162,ORD5FE6FC14,3/28/2025,67.68
CUST01162,ORDBAADF380,1/27/2025,384.26
CUST01162,ORD1C8A11AC,8/14/2024,486.45
CUST01162,ORD18E59544,1/15/2025,24.95
CUST01162,ORD3FEFB8A7,5/31/2024,226.57
CUST01162,ORD9BA8F0C3,8/23/2024,377.15
CUST01163,ORD18C00F0E,7/12/2024,285.21
CUST01163,ORDA509E050,12/13/2024,497.4
CUST01163,ORDA35D147C,5/1/2024,121.77
CUST01163,ORDAEE5D5EE,5/27/2024,307.3
CUST01163,ORD23A81326,11/14/2024,169.63
CUST01163,ORD89BA688B,10/7/2024,334.65
CUST01163,ORD373FC687,7/29/2024,454.85
CUST01163,ORD069FF97B,2/7/2025,328.59
CUST01163,ORDBB9521B4,2/20/2025,450.28
CUST01163,ORD9944087D,1/31/2025,264.9
CUST01164,ORDA87ADB03,11/28/2023,380.94
CUST01164,ORD4D41F704,10/23/2023,419.63
CUST01164,ORD3C78AA7E,9/14/2024,490.66
CUST01164,ORD4D0B9E49,10/9/2024,415.73
CUST01164,ORD5106C3AD,1/15/2024,449.65
CUST01164,ORDD551C046,4/8/2025,480.41
CUST01164,ORDD3679160,1/4/2024,444.77
CUST01164,ORDC8181E39,9/13/2023,67.72
CUST01164,ORDD620D862,4/22/2025,79.8
CUST01164,ORD1FA38C41,12/9/2023,350.62
CUST01164,ORD749BC163,10/23/2023,308.9
CUST01164,ORDAB2781C0,7/14/2024,177.26
CUST01164,ORD671F67DD,9/10/2024,279.13
CUST01164,ORD9DF9D4F7,5/8/2024,426
CUST01164,ORD1BCBA7D4,10/28/2023,82.15
CUST01164,ORDBB39D514,8/11/2024,299.35
CUST01164,ORDF68AB927,12/30/2023,185.77
CUST01164,ORDFEDD5AEB,11/25/2024,341.51
CUST01165,ORDC49664E3,9/15/2024,333.85
CUST01165,ORDCD036FB6,5/9/2024,55.81
CUST01165,ORD407CE80E,3/24/2025,279.8
CUST01165,ORD74670C77,4/23/2024,290.73
CUST01165,ORDA7CEEDE1,8/24/2024,178.91
CUST01165,ORD1B386DA4,2/4/2025,318.87
CUST01165,ORD90BE2593,5/2/2024,462.5
CUST01165,ORD7B77E9F3,9/13/2024,116.15
CUST01165,ORDBD209EE0,4/12/2024,285.28
CUST01165,ORDAF27F574,3/1/2025,406.28
CUST01165,ORDA2EBB47C,12/30/2024,58.14
CUST01165,ORD87813DE4,2/10/2025,417
CUST01165,ORDF358C571,4/15/2025,442.32
CUST01165,ORD24906677,10/21/2024,385.58
CUST01166,ORD80AB2B01,12/9/2023,163.71
CUST01166,ORD0A6F6D72,10/30/2024,175.06
CUST01166,ORD4DEA1170,8/16/2024,462.67
CUST01166,ORD71174669,2/6/2025,68.89
CUST01166,ORD1D9F9C33,10/29/2024,423.22
CUST01166,ORDB276E719,3/30/2025,390.84
CUST01166,ORD85297B43,8/22/2024,205.35
CUST01166,ORDA43EF369,4/12/2025,82.99
CUST01166,ORDE6BE2896,1/3/2024,297.93
CUST01166,ORD2DF9F2BD,7/15/2024,388.84
CUST01166,ORD3F99C6DC,1/24/2024,426.38
CUST01166,ORDC0450473,3/31/2025,143.23
CUST01166,ORD555F1666,7/24/2024,450.51
CUST01166,ORD45CE8CA7,2/8/2024,428.77
CUST01166,ORDC85FF4A1,9/7/2024,417.94
CUST01166,ORD01637C07,9/15/2024,90.48
CUST01166,ORD55888F53,2/14/2024,378.64
CUST01167,ORD57EA94A2,2/19/2024,13.19
CUST01168,ORD63128F5D,11/20/2024,222.78
CUST01168,ORD9FE9D094,7/8/2024,201.43
CUST01168,ORD75DECA8D,7/7/2024,443.76
CUST01168,ORDD8CE3B6E,11/30/2024,40.68
CUST01168,ORDF510AAAD,12/31/2024,37.02
CUST01168,ORDF650E700,11/2/2024,418.52
CUST01168,ORDD2BBA540,3/21/2025,383.99
CUST01168,ORD26234CF9,9/17/2024,256.91
CUST01168,ORDE2E68AD1,8/15/2024,46.78
CUST01168,ORD6A4A8E7C,8/26/2024,337.47
CUST01168,ORD6F49F1BB,1/16/2025,409.01
CUST01168,ORD10B50AF7,1/18/2025,174.07
CUST01168,ORD1D28E617,2/12/2024,485.05
CUST01168,ORD2EB784D1,3/22/2025,428.68
CUST01168,ORDA6EAF13A,2/18/2025,33.48
CUST01168,ORDE4756964,8/18/2024,42.45
CUST01168,ORD8C5EB9EE,5/2/2024,268.63
CUST01169,ORDC683F22A,10/12/2024,327.66
CUST01169,ORDEE0B708E,12/20/2024,49.25
CUST01169,ORD361ED946,4/3/2024,318.63
CUST01169,ORD716ADFBC,6/25/2024,45.85
CUST01169,ORD23E402D7,8/1/2024,371.49
CUST01169,ORDE43E4C30,11/8/2024,36.62
CUST01169,ORD3FC26523,1/11/2025,209.82
CUST01169,ORD7065F3CA,1/16/2025,96.82
CUST01169,ORDB3076A91,9/28/2024,318.47
CUST01169,ORD3270BA5F,2/8/2024,105.99
CUST01169,ORD96597C3A,12/9/2023,295.41
CUST01169,ORD63054CEB,6/13/2024,227.22
CUST01169,ORD9AE776DA,12/13/2023,211.46
CUST01169,ORD94765D9E,7/24/2024,80.39
CUST01169,ORD2E92AFE8,7/26/2024,367.69
CUST01169,ORD31B0263B,1/25/2025,118.05
CUST01169,ORDD62EA82B,10/13/2023,147.1
CUST01169,ORDAE8B10EB,5/26/2024,18.24
CUST01169,ORD8271FFBA,12/1/2024,252.68
CUST01169,ORD39D97271,11/20/2023,226.92
CUST01170,ORD1301ED91,9/17/2024,201.46
CUST01170,ORD814F0960,2/3/2025,38.51
CUST01170,ORD5A30E97E,1/17/2024,472.04
CUST01170,ORD7A706F18,1/23/2024,443.86
CUST01170,ORD56B553C8,2/15/2025,365.75
CUST01170,ORD013F16DE,3/2/2024,383.85
CUST01170,ORD624FE1B2,1/17/2024,211.71
CUST01170,ORDF07E89C5,10/22/2024,73.71
CUST01170,ORD34E0311A,9/22/2024,77.22
CUST01170,ORD0BF0D2E5,7/20/2024,19.54
CUST01171,ORDFF5BFF86,1/27/2025,375.47
CUST01171,ORDDF61A0A8,2/24/2025,251.13
CUST01171,ORD92CC446D,5/5/2024,316.44
CUST01172,ORD3A9E6919,9/4/2023,462.19
CUST01172,ORD90F1F355,2/9/2025,462.31
CUST01172,ORD4E6A067D,11/7/2024,491.17
CUST01172,ORDE6FA839A,9/17/2023,287.06
CUST01172,ORD43401418,12/11/2024,466.92
CUST01172,ORD23B684AA,4/14/2024,42.73
CUST01172,ORDA2BF6212,1/27/2025,391.09
CUST01172,ORDAF5375D4,10/26/2023,21.14
CUST01172,ORDE67CD5F4,12/28/2024,468.92
CUST01172,ORD55ADBAA6,1/2/2025,340.57
CUST01172,ORDFB198D14,2/19/2025,138.77
CUST01172,ORD8B1F4782,11/4/2023,485.45
CUST01172,ORD718B4FDF,12/31/2023,107.24
CUST01172,ORDB5A227E0,10/17/2024,232.39
CUST01172,ORD8B345039,6/23/2024,53.7
CUST01172,ORD907D983F,1/15/2025,75.01
CUST01173,ORD045A760B,3/11/2025,185.36
CUST01173,ORDAA6FF72B,11/15/2023,466
CUST01173,ORDB08A01E4,6/11/2024,109.28
CUST01173,ORD228C77D6,11/28/2023,458.75
CUST01173,ORD2A24C16C,2/23/2024,206.64
CUST01173,ORD2DBAF26C,10/24/2023,238.92
CUST01173,ORD0BA19410,7/3/2024,464.31
CUST01173,ORD54B43A17,1/21/2024,237.48
CUST01173,ORD80E65BEB,10/14/2024,110.41
CUST01173,ORD95E85510,7/29/2023,498.09
CUST01173,ORDB15F7AD0,2/20/2024,454.74
CUST01174,ORDF4A6914B,5/28/2024,48.51
CUST01174,ORD428909B6,1/14/2024,90.06
CUST01174,ORD85CD59F1,8/31/2024,196.12
CUST01174,ORDF258CB83,4/8/2024,117.25
CUST01175,ORDAB58BE1D,4/17/2025,126.61
CUST01175,ORDCA052504,11/30/2024,261.51
CUST01175,ORDC9793887,1/9/2024,338.12
CUST01175,ORDA1EF45A0,12/4/2024,74.85
CUST01175,ORD26CE9722,11/10/2023,252.92
CUST01175,ORD41D9B356,9/27/2024,290.98
CUST01175,ORDE24610BD,2/19/2024,179.03
CUST01175,ORD3ADD4173,1/11/2024,69.42
CUST01175,ORDDF6177F3,6/26/2024,116.94
CUST01175,ORD176102D6,2/13/2025,46.42
CUST01175,ORDBB33B9A5,9/10/2024,337.26
CUST01175,ORD96E4A42B,1/8/2024,155.4
CUST01175,ORDA59108DA,12/24/2024,139.65
CUST01175,ORD168FBA05,5/31/2024,34.1
CUST01176,ORD9CD88922,11/2/2023,433.63
CUST01176,ORDDA64DCE4,7/15/2024,168.28
CUST01176,ORDBCCD9BE0,7/26/2023,79.02
CUST01176,ORD87213F6C,3/20/2024,203.84
CUST01176,ORD24744F8B,4/16/2024,260.03
CUST01176,ORDC28A00BD,8/24/2024,486.81
CUST01177,ORDB9378428,2/19/2025,221.27
CUST01177,ORDDE4A7695,5/7/2024,149.53
CUST01177,ORD085BB116,9/19/2024,35.92
CUST01177,ORD4F74FBB5,11/26/2024,231.35
CUST01178,ORDD0CFA8CF,1/8/2025,417.68
CUST01178,ORDE3578487,1/5/2025,205.2
CUST01178,ORDDD833069,3/31/2025,271.75
CUST01178,ORDAD1E99F7,4/9/2024,464.57
CUST01178,ORDA7F0DB9D,5/9/2024,453.47
CUST01178,ORD7A44446A,3/28/2025,373.05
CUST01178,ORD84F5C8A3,3/21/2025,254.83
CUST01178,ORDE4D198F9,8/4/2024,261.56
CUST01178,ORD22586504,2/17/2025,458.43
CUST01179,ORDCE919AB8,1/10/2024,16.87
CUST01179,ORDC4FFE615,3/1/2025,89.12
CUST01179,ORD6CCA42FB,8/30/2024,55.21
CUST01180,ORDC424B096,1/11/2025,448.19
CUST01180,ORD39B24859,2/11/2025,298.61
CUST01180,ORD95D0313C,8/21/2024,415.39
CUST01180,ORD434228A0,12/9/2024,60.15
CUST01180,ORDD2A05E7A,3/27/2024,104.76
CUST01180,ORD37B3B7B9,3/14/2025,264.52
CUST01180,ORD99BEE1AD,9/18/2024,487.1
CUST01180,ORD0F2323C3,6/29/2024,94.09
CUST01180,ORD7C21E467,3/18/2024,277.6
CUST01180,ORD8953CAD7,8/2/2024,369.93
CUST01180,ORD5D64D8DD,2/4/2024,250.74
CUST01180,ORDD99BF4A6,10/22/2023,368.3
CUST01180,ORD372E91EF,1/31/2024,307.18
CUST01180,ORDEC863FD2,10/15/2024,124.59
CUST01180,ORD78AB53F4,2/15/2025,218.75
CUST01180,ORD820B66D1,10/5/2024,414.9
CUST01181,ORD0F5502F4,8/14/2023,129.08
CUST01181,ORDF0D8FE1D,3/31/2024,66.34
CUST01181,ORD4E6FBF67,1/20/2024,262.5
CUST01181,ORD0D2F34F1,12/10/2024,276.32
CUST01181,ORD805E11D2,5/5/2024,498
CUST01181,ORD3070D6A6,7/23/2024,210.13
CUST01181,ORDECED4954,4/29/2024,175.85
CUST01181,ORDE4A5ABC2,9/18/2023,290.49
CUST01181,ORDF248EA9B,8/12/2024,230.33
CUST01181,ORD4B60151D,4/6/2025,372
CUST01181,ORDD5CADD23,1/25/2025,251.48
CUST01181,ORDE3CD5C88,5/13/2024,354.38
CUST01181,ORD404F8851,6/27/2023,276.85
CUST01181,ORDECB7582C,8/31/2024,321.96
CUST01181,ORDB6F0C77B,1/11/2024,207.36
CUST01181,ORD36B5B149,7/12/2024,464.28
CUST01181,ORDB393C521,10/3/2023,68.31
CUST01181,ORDFD5688F3,8/19/2023,244.38
CUST01182,ORD0EA43145,9/1/2024,207.3
CUST01182,ORD381FDE04,9/17/2024,469.72
CUST01183,ORDD7EBFAE4,3/26/2025,451.15
CUST01183,ORDCA666D8D,2/19/2025,263.96
CUST01183,ORDA0FE3CF2,8/4/2024,405.73
CUST01183,ORDB08EABF3,8/7/2024,431.45
CUST01183,ORD907A7ED2,1/7/2025,17.58
CUST01183,ORD9B13E2D0,4/9/2024,384.62
CUST01183,ORDFB444391,3/24/2024,194.3
CUST01183,ORDCD965890,4/11/2025,80.38
CUST01184,ORD930406C7,8/26/2024,98.42
CUST01184,ORD13A82640,11/14/2024,318.3
CUST01184,ORD6909AF23,11/7/2023,170.67
CUST01184,ORD3ED1F04F,2/7/2025,88.02
CUST01184,ORD910E1F5C,9/26/2024,496.15
CUST01184,ORDC9709633,11/27/2024,342.59
CUST01185,ORDE322CFA8,1/20/2024,17.27
CUST01185,ORDB11D2C4C,12/22/2024,174.17
CUST01185,ORD053E6399,12/14/2024,494.55
CUST01185,ORDB556C91C,3/5/2025,469.16
CUST01185,ORDD4F2031C,3/28/2024,346.51
CUST01185,ORD7891E14A,8/26/2024,208.42
CUST01185,ORD0CDB932B,9/24/2023,83.67
CUST01185,ORD3F684598,7/2/2024,45.7
CUST01185,ORD5C67B6B2,7/19/2024,329.14
CUST01185,ORD7F5FF2A8,1/9/2024,469.16
CUST01185,ORDAB5AC7D0,8/7/2024,45.65
CUST01185,ORD903DBF90,12/28/2024,289.6
CUST01186,ORD799C051B,10/20/2023,288.25
CUST01186,ORDAA292100,9/9/2024,484.77
CUST01186,ORDEBE04DA1,10/23/2023,379.93
CUST01186,ORD1946B4F4,11/28/2023,477.9
CUST01186,ORDDE602DD9,1/11/2025,283.19
CUST01186,ORDC9968531,12/15/2023,271.79
CUST01186,ORD6348B3C3,10/16/2023,344.11
CUST01186,ORDD548A322,3/11/2025,125.26
CUST01186,ORD1F9B7D1E,11/7/2024,315.48
CUST01186,ORDFB2A9F5B,4/20/2024,275.51
CUST01186,ORD3855F850,7/26/2024,393.84
CUST01187,ORD8D9B770E,2/23/2024,477.01
CUST01188,ORD00269E92,1/22/2025,447.17
CUST01188,ORD2B236837,7/25/2023,28.52
CUST01188,ORD139A08AF,1/24/2025,172.13
CUST01188,ORD7767225A,3/31/2025,26.62
CUST01188,ORDBD7A7C11,6/12/2024,306.53
CUST01189,ORDDC10D04D,12/5/2024,334.53
CUST01189,ORDF163D268,1/28/2025,275.72
CUST01189,ORD219DB5B1,11/24/2024,487.75
CUST01189,ORD6C700EAF,1/30/2025,303.13
CUST01189,ORD4C10ADE3,2/3/2025,348.79
CUST01189,ORDAD7500BE,6/11/2024,258.61
CUST01189,ORD0113416B,12/19/2024,153.02
CUST01189,ORD76AC8645,1/27/2024,73.69
CUST01190,ORDC99FD2FB,6/12/2024,175.48
CUST01190,ORD07E0F039,8/29/2023,370.36
CUST01190,ORD75B5C84D,8/17/2024,260.98
CUST01190,ORDB3AB89C3,4/5/2024,318.46
CUST01190,ORDB8A4F9F5,10/24/2023,327.16
CUST01190,ORD6D66431C,6/28/2024,148.95
CUST01190,ORD279EB1BC,2/3/2024,231.41
CUST01190,ORD5C05B2D2,10/27/2024,277.39
CUST01190,ORD9021E14D,9/29/2023,234.36
CUST01190,ORDF82AE8CD,3/16/2025,407.03
CUST01190,ORDAADF1C23,4/23/2025,457.33
CUST01190,ORD7F7F1DBE,4/21/2025,350.69
CUST01190,ORD8370F5B7,7/24/2024,226.29
CUST01190,ORDD7093E63,11/13/2023,184.9
CUST01190,ORD4F5F77E8,3/22/2024,97.73
CUST01190,ORD4F3290D9,8/13/2024,448.65
CUST01190,ORDDA69F9DF,4/3/2025,206.81
CUST01190,ORD8C8C6ECB,11/27/2024,201.34
CUST01190,ORD961BAA38,4/4/2024,106.03
CUST01190,ORDBBD71F7C,4/19/2025,386.86
CUST01191,ORD431E4FCE,12/7/2024,22.85
CUST01191,ORD743A33F0,10/10/2024,311.64
CUST01191,ORD88BF8D6C,7/7/2024,144.7
CUST01191,ORDC5E0AC28,4/7/2025,392.32
CUST01191,ORD93265070,11/19/2024,482.13
CUST01191,ORDD3AD45E0,6/28/2024,41.11
CUST01192,ORD64D6464D,2/2/2024,252.5
CUST01192,ORDE903151C,2/5/2024,270.78
CUST01192,ORDE24C44A5,2/10/2024,198.39
CUST01192,ORDE09F49AB,2/18/2025,83.46
CUST01192,ORD29FFD90B,12/20/2024,315.58
CUST01192,ORDC3530735,3/4/2025,458.51
CUST01192,ORD544DA370,1/11/2024,257.84
CUST01192,ORD5B691585,11/21/2023,362.08
CUST01192,ORD1965B6E9,10/6/2023,85.42
CUST01192,ORDDF4D20A0,1/22/2024,418.7
CUST01192,ORD1DDCEF71,12/16/2023,166.86
CUST01192,ORD0C7D6D16,8/5/2024,292.63
CUST01192,ORD24B2116F,5/15/2024,252.01
CUST01192,ORD09155258,1/2/2025,377.38
CUST01192,ORD7F038DB8,9/27/2024,397.36
CUST01193,ORD65B66C55,2/24/2025,165.94
CUST01193,ORD4DFFA953,1/7/2025,266.95
CUST01193,ORD9AD4C95F,8/23/2024,205.31
CUST01193,ORD56657EB7,3/28/2024,101.26
CUST01193,ORDB560EBA8,3/21/2025,316.35
CUST01193,ORDF0F0D1FB,11/4/2024,126.37
CUST01193,ORD781AECC2,5/30/2024,35.42
CUST01193,ORD7D1D2CD0,1/21/2024,141.97
CUST01193,ORD14784B7A,6/30/2024,24.65
CUST01193,ORD078E98AC,12/21/2024,448.41
CUST01193,ORDD15E9F88,2/25/2024,186.58
CUST01193,ORDACFEAE11,8/1/2024,497.29
CUST01193,ORD1463CA8D,5/21/2024,196.66
CUST01193,ORD6ED6F40D,6/14/2024,313.57
CUST01193,ORD17FFA322,10/23/2024,345.95
CUST01193,ORD12AAB668,2/27/2024,288.9
CUST01193,ORDFBA696D5,2/12/2025,25.01
CUST01193,ORDC0079088,12/27/2024,71.16
CUST01194,ORDAEDFED6B,6/11/2024,450.89
CUST01194,ORDC4233182,8/30/2024,96.19
CUST01194,ORD3AC22673,10/5/2024,375.77
CUST01194,ORD13E9C959,4/19/2025,427.72
CUST01194,ORD0B417B11,1/16/2025,141.48
CUST01194,ORD27DB5B2F,4/15/2025,99.45
CUST01194,ORD133AD54C,1/24/2025,266.56
CUST01194,ORD2EEAE89C,5/30/2024,235.74
CUST01194,ORD04A01B2E,11/13/2024,203.09
CUST01195,ORD9185059E,11/10/2023,182.98
CUST01195,ORD22C97197,8/18/2024,409.46
CUST01195,ORD08A25E46,11/9/2024,154.14
CUST01195,ORDD1945F9A,4/21/2025,322.77
CUST01195,ORDB6224FD5,1/14/2024,320.64
CUST01196,ORDAB7D74BF,11/13/2024,344.93
CUST01196,ORD7D02AE5B,4/1/2025,372.29
CUST01196,ORDD53F7AFE,7/2/2024,424.9
CUST01196,ORDACACE0BD,11/19/2024,396.87
CUST01196,ORDB6E3653D,10/27/2024,416.85
CUST01197,ORD82F4FD6B,11/11/2023,434.48
CUST01197,ORDB5C308BF,4/20/2024,105.34
CUST01197,ORD43EA2FDB,1/17/2025,480.63
CUST01197,ORDB6EE59BA,1/13/2024,462.65
CUST01197,ORD3FA9DABF,4/5/2024,467.92
CUST01197,ORDCA7E0EB9,1/28/2025,176.69
CUST01197,ORDBBDDC518,4/5/2025,90.57
CUST01197,ORDD0BC4068,1/9/2025,49.01
CUST01198,ORD91821B6E,9/2/2024,101.43
CUST01198,ORDB8EB8AA3,10/3/2024,383.13
CUST01198,ORDAD9BC0FF,1/3/2025,363.99
CUST01198,ORDFCF6E033,2/12/2025,466.76
CUST01198,ORD28AB98B6,2/26/2025,97.17
CUST01198,ORDCA7AB489,4/2/2025,473.06
CUST01198,ORD2A5AAD5C,7/17/2024,200.65
CUST01198,ORD97A9DBC7,1/22/2025,484.63
CUST01198,ORD3B2ED010,8/28/2024,94.21
CUST01198,ORD653EECBE,2/16/2025,473.57
CUST01198,ORD537A21F8,6/11/2024,118.61
CUST01199,ORDEE56C1BE,9/30/2024,178.23
CUST01199,ORD7E1424E1,12/31/2023,307.89
CUST01199,ORDACD3475A,4/11/2025,346.35
CUST01199,ORD6BBB7413,3/28/2024,60.09
CUST01199,ORDCD570843,12/17/2023,431.62
CUST01199,ORDD7F22882,8/13/2024,470.39
CUST01199,ORD1C4239C0,10/10/2024,62.04
CUST01199,ORD258A823E,4/4/2024,358.2
CUST01200,ORD2ECD3646,9/26/2023,189.24
CUST01200,ORD5672B8A8,11/29/2024,476.3
CUST01200,ORD42F37D7A,10/6/2024,249.92
CUST01200,ORD487F1552,9/11/2024,138.8
CUST01200,ORD45D4CC34,10/9/2024,199.28
CUST01200,ORD4FAD7914,3/10/2025,426.56
CUST01200,ORD1611B190,9/4/2024,168.94
CUST01200,ORD817D602F,2/17/2025,308.84
CUST01200,ORD4B72DFC3,2/17/2025,380.43
CUST01200,ORDD4EAD91A,3/20/2025,388.77
CUST01200,ORDDAD69BC5,3/13/2024,150.78
CUST01200,ORD5D0959CA,7/30/2024,138.24
CUST01201,ORDC5AC9016,7/18/2024,105.14
CUST01202,ORD42CB5DE0,5/30/2024,68.79
CUST01202,ORD8B5ECF64,1/9/2025,340.96
CUST01202,ORDA4A4BE9D,1/14/2025,261.03
CUST01202,ORD3D2C4A24,8/16/2024,292.71
CUST01202,ORDFEB6A314,3/11/2024,463.9
CUST01202,ORD6CDBC791,4/24/2024,65.47
CUST01202,ORDD68F6731,2/9/2024,245.8
CUST01202,ORD30EECA50,12/13/2024,247.28
CUST01202,ORD8698BB2C,8/11/2024,32.98
CUST01202,ORDE7EB8E2D,4/11/2024,265.56
CUST01202,ORD6927B21A,10/1/2024,355.3
CUST01202,ORD99E6051B,4/29/2025,295.17
CUST01202,ORDE577A60C,11/10/2024,141.88
CUST01202,ORD44B11CEA,3/28/2025,28.47
CUST01202,ORDC6B8BC9B,3/29/2024,420.9
CUST01202,ORD145C7D3A,4/7/2024,112.99
CUST01202,ORD3CDBC7E7,4/22/2024,160.71
CUST01202,ORD5576FBCB,8/17/2024,169.37
CUST01202,ORD093EB1FA,8/12/2024,232.3
CUST01202,ORD5E339F98,12/8/2024,170.12
CUST01203,ORDCFABE394,7/9/2024,109.13
CUST01203,ORDD14ED193,4/17/2024,116.13
CUST01203,ORDB12E8B12,2/6/2024,95.02
CUST01203,ORD380E0C6A,12/30/2023,313.5
CUST01203,ORD7A5B84BF,5/5/2024,115.09
CUST01203,ORDC9C16BC0,9/28/2024,215.55
CUST01203,ORDF3626444,12/18/2024,366.64
CUST01203,ORD78719DE4,11/28/2024,475.81
CUST01203,ORD41183E0C,8/7/2024,57.72
CUST01203,ORDE6D9785A,8/9/2024,401.41
CUST01203,ORDE210F137,4/4/2024,229.19
CUST01204,ORDC87C39B4,9/15/2024,32.44
CUST01204,ORD52D4E1A2,4/24/2025,480.3
CUST01204,ORD85AFC9F7,4/12/2025,140.22
CUST01204,ORD63FE98FA,3/23/2024,424.84
CUST01204,ORDC1B3D965,12/19/2024,351.59
CUST01204,ORD6C1F06B5,10/18/2024,325.22
CUST01204,ORD37B31599,12/5/2024,63.46
CUST01204,ORD32BB78DE,8/27/2024,475.69
CUST01204,ORDA5904FC4,10/4/2024,398.3
CUST01204,ORD094D72CB,3/4/2024,27.24
CUST01204,ORD10755A89,5/17/2024,183.39
CUST01205,ORD3A0375DD,10/1/2023,197.64
CUST01205,ORD8F4EBE4F,4/27/2024,269.31
CUST01205,ORDB5ECE80C,4/1/2025,498.82
CUST01205,ORD9D66EB4A,4/14/2024,351.08
CUST01205,ORD366A8B91,8/28/2023,266.62
CUST01205,ORD0D38A449,11/19/2023,285.13
CUST01205,ORDF6BB2DAB,7/23/2024,306.49
CUST01205,ORDF90D5A35,10/2/2023,419.11
CUST01205,ORD63FF7423,11/22/2024,381.3
CUST01205,ORD8A469AEE,4/13/2025,13.3
CUST01205,ORDE300614B,10/30/2023,186.88
CUST01205,ORD8BAE84BE,5/30/2024,125.15
CUST01205,ORD473AFAC9,5/8/2023,261.99
CUST01205,ORD4C3B1DCC,4/12/2025,283.32
CUST01205,ORD75C01ADC,4/11/2025,385.82
CUST01206,ORD6A7D06DB,10/4/2023,89.77
CUST01206,ORD285A2C42,12/11/2023,77.06
CUST01206,ORDC54B54B2,6/27/2024,172.14
CUST01206,ORDC0C7A83B,2/10/2024,406.46
CUST01206,ORD993D9BBB,8/1/2024,406.6
CUST01206,ORD7957CDFB,11/1/2023,219.79
CUST01206,ORD5EF1B86A,10/25/2023,38.6
CUST01206,ORDD05F6A33,1/12/2024,168.98
CUST01206,ORD03CC118E,7/5/2024,388.73
CUST01206,ORDDC0E6936,1/27/2025,258.16
CUST01206,ORD400D34AE,3/9/2025,398.22
CUST01206,ORD7FB4EA8D,8/28/2023,230.39
CUST01206,ORDF380CD2D,4/20/2025,226.68
CUST01207,ORD82A46C78,11/14/2024,432.67
CUST01207,ORD2A9CBAB8,10/10/2024,77.73
CUST01207,ORD9A6CA6BB,3/2/2024,355.99
CUST01207,ORD5BF002EA,6/7/2024,260
CUST01207,ORD4845A8FC,2/19/2024,491.75
CUST01207,ORD4AD49C88,6/2/2024,447.65
CUST01207,ORD3898C480,6/5/2024,147.01
CUST01207,ORD2879BB1A,8/20/2024,319.76
CUST01207,ORD288A1A60,9/2/2024,369.12
CUST01207,ORDB197F35B,1/28/2025,216.76
CUST01208,ORD65A8A479,12/10/2023,400.34
CUST01208,ORDD5FA8C59,3/22/2025,165.49
CUST01208,ORD84DC9C4A,7/12/2023,359.21
CUST01208,ORD99C436EB,3/17/2024,310.69
CUST01208,ORDCDC6AAC2,12/23/2023,97.11
CUST01208,ORD40617B13,3/25/2025,73.16
CUST01208,ORD27EF82CB,10/23/2023,479.42
CUST01208,ORDD632F246,3/10/2025,456.14
CUST01208,ORD432D32CA,5/29/2024,484.14
CUST01208,ORDF325854F,7/24/2023,408.08
CUST01208,ORD387DB744,9/10/2023,219.77
CUST01208,ORD04570B13,11/2/2024,172.82
CUST01209,ORD7CAFFF02,11/2/2023,466.96
CUST01209,ORD88D02BE4,7/26/2023,13.07
CUST01209,ORD3C736B4C,4/17/2025,29.31
CUST01209,ORD9E7E9537,3/18/2025,86.41
CUST01209,ORDC68DCF62,5/30/2023,160.35
CUST01210,ORDD73B04FC,5/27/2024,297.3
CUST01210,ORDDA0196DF,12/15/2024,440.42
CUST01210,ORD83AD3171,11/26/2024,45.65
CUST01210,ORDA4CB2417,10/5/2024,125.85
CUST01210,ORD7B11DA72,3/8/2024,324.9
CUST01210,ORD5A3D4F58,8/15/2024,414.65
CUST01210,ORDD0D1C137,6/5/2024,495.69
CUST01210,ORDAE01F61E,12/11/2024,66.71
CUST01211,ORD3C64FC04,9/3/2024,435.56
CUST01211,ORD1C906736,1/17/2025,43.93
CUST01211,ORDFB0C3E98,9/8/2024,12.73
CUST01211,ORDC8A593D3,1/27/2025,176.57
CUST01211,ORD66B426CA,3/18/2025,26.56
CUST01211,ORDEE5DBAB9,8/30/2024,110
CUST01211,ORDF4983D34,4/8/2025,320.17
CUST01211,ORD4033CE00,10/22/2024,282.22
CUST01211,ORD94EA48C5,11/1/2024,99.25
CUST01211,ORDB3A6C8B5,11/27/2024,59.18
CUST01211,ORDF626A5C3,10/23/2024,158.6
CUST01212,ORD51117EC2,7/14/2024,267.15
CUST01212,ORD68486D18,12/23/2023,197.7
CUST01212,ORD01321785,9/6/2024,297.35
CUST01212,ORDFB50BBF0,1/28/2024,497.6
CUST01212,ORDB9E3A30F,3/14/2024,250.41
CUST01212,ORD6BF353FF,2/17/2025,254.8
CUST01212,ORD91F2C799,10/12/2024,426.67
CUST01212,ORDBB989C3A,1/27/2024,495.33
CUST01212,ORD10082A60,12/29/2024,118.82
CUST01212,ORDA140A8CA,1/6/2025,230.01
CUST01212,ORDB0AF8A88,2/23/2025,322.29
CUST01212,ORD7A7A869F,5/11/2024,226.12
CUST01212,ORD713D4152,5/2/2024,475.23
CUST01212,ORD36FB829F,1/5/2024,325.14
CUST01212,ORD09675581,1/1/2024,83.36
CUST01212,ORDF43D189F,4/29/2024,13.12
CUST01212,ORD68DA9AA3,6/18/2024,189.48
CUST01213,ORDF7C7BB7D,12/30/2024,492.55
CUST01213,ORD2100FBD6,11/7/2023,354.81
CUST01213,ORDEB09524A,8/23/2024,460.43
CUST01213,ORDF3C03057,10/27/2024,151.08
CUST01213,ORD2AE3DC6A,7/8/2023,475.35
CUST01213,ORD2AB8F548,5/28/2024,44.1
CUST01213,ORDE8F3839F,12/7/2023,117.03
CUST01213,ORDBA58B79D,2/15/2025,408.65
CUST01213,ORDB0DC4FD3,11/21/2024,356.71
CUST01213,ORD9550C91D,1/6/2024,405.79
CUST01213,ORD7BB53D66,8/23/2023,61.87
CUST01213,ORD43AFC54A,3/22/2024,75.53
CUST01213,ORDEDDDBACF,4/8/2024,419.81
CUST01213,ORDDA7C6312,8/29/2023,71.88
CUST01213,ORD4B48762A,1/21/2024,307.22
CUST01213,ORD2A650C8B,12/2/2024,440.55
CUST01213,ORD29F92B44,10/3/2024,326.12
CUST01214,ORD457A07A8,8/19/2024,315.79
CUST01214,ORD43239323,11/16/2024,38.9
CUST01214,ORD6B3DA87D,11/20/2024,371.77
CUST01214,ORD6BBEF51C,4/16/2025,443.89
CUST01214,ORDEDB29E87,6/15/2024,264.6
CUST01214,ORD247B1048,3/17/2024,213.53
CUST01214,ORD69A16B72,2/19/2025,249.87
CUST01214,ORDDEC190E1,9/11/2024,109.94
CUST01214,ORD33A36447,2/8/2025,280.85
CUST01214,ORDCF087D42,3/15/2024,179.05
CUST01215,ORD3D3EE1C6,4/12/2024,90.88
CUST01215,ORD256F8DD4,2/5/2025,241.11
CUST01215,ORD3301B45D,11/30/2024,264.15
CUST01215,ORD94EC2AC2,5/22/2024,52.68
CUST01215,ORD944B3875,6/17/2024,233.45
CUST01215,ORDAC5B4EBE,11/6/2024,395.59
CUST01215,ORD9CF47E97,5/10/2024,450.93
CUST01215,ORD2EA90F5D,12/29/2024,245.24
CUST01215,ORDB333C62D,10/26/2024,167.22
CUST01215,ORDE9B76062,11/13/2024,375.95
CUST01215,ORDD804E6FB,12/25/2024,187.96
CUST01215,ORD89DB3D7F,5/11/2024,317.59
CUST01215,ORDCC3FC3F7,1/11/2025,247.08
CUST01215,ORD73B9DCF7,7/23/2024,195.67
CUST01215,ORD9675DBCD,1/19/2025,432.74
CUST01215,ORD98858F2A,10/13/2024,471.65
CUST01215,ORDE9ED6ABA,11/22/2024,169.46
CUST01215,ORD3BC5B5B5,4/13/2024,313.12
CUST01216,ORD43EA686B,2/24/2025,410.17
CUST01216,ORD452D6F29,4/17/2025,428.89
CUST01216,ORDB278B8E9,2/24/2024,373.53
CUST01216,ORD6B587B12,3/13/2024,197.38
CUST01216,ORDABA89093,9/18/2024,332.26
CUST01216,ORD2A7F1048,1/13/2024,128.13
CUST01216,ORD75175643,1/22/2024,60.1
CUST01216,ORD43067D99,5/13/2024,36.02
CUST01216,ORD5E486446,4/10/2025,435.82
CUST01216,ORD1A3A0221,7/4/2024,361.96
CUST01216,ORD7B7305B1,2/11/2024,480.57
CUST01216,ORDF85A791F,11/15/2024,326.26
CUST01216,ORD7DEFC31B,9/13/2024,96.02
CUST01216,ORD4A4063A1,1/10/2025,234.01
CUST01216,ORD11C34DD1,6/18/2024,115.38
CUST01216,ORD317DCA61,3/7/2024,227.02
CUST01216,ORD3904DFFA,11/4/2024,361.43
CUST01217,ORDE86E2D99,8/30/2024,463.64
CUST01217,ORDB9DBC829,10/31/2023,331.14
CUST01217,ORDCE683E1C,4/25/2024,483.64
CUST01217,ORD6A66BC89,4/23/2024,478.78
CUST01217,ORDC3FEF5B5,12/2/2024,463.78
CUST01217,ORD128D6486,12/19/2023,169.65
CUST01217,ORD5A81BF16,12/18/2023,94.55
CUST01218,ORDD2EF2D54,7/13/2024,478.04
CUST01218,ORD2478E81F,12/26/2024,455.72
CUST01218,ORDC6AE8258,12/16/2024,114.91
CUST01218,ORDDD100D90,11/3/2024,211.85
CUST01218,ORDD50673B6,4/21/2025,93.88
CUST01218,ORDC47DF25F,2/24/2025,59.4
CUST01218,ORD6EF8CB36,12/27/2024,219.28
CUST01218,ORD259D824D,9/11/2024,170.21
CUST01218,ORD1DD8276A,2/18/2025,428.4
CUST01218,ORDDC0287FB,4/4/2025,46.93
CUST01218,ORD34E3D7B3,1/20/2025,158.57
CUST01218,ORD2F8BD9D0,1/16/2025,281.04
CUST01218,ORD8DB1A214,10/3/2024,80.5
CUST01218,ORDF91BE006,4/25/2024,449.39
CUST01218,ORD7FB36907,4/18/2024,169.3
CUST01218,ORD407F0E35,10/5/2024,188.21
CUST01218,ORD45B2ED7A,6/27/2024,482.43
CUST01218,ORD2A319281,10/16/2024,396.78
CUST01218,ORD80084C39,3/21/2024,429.29
CUST01219,ORD569520FD,3/14/2025,109.56
CUST01219,ORDD2B16F3D,10/19/2024,282.41
CUST01219,ORD285B4B77,6/21/2024,160.95
CUST01219,ORD7DFE28D7,2/2/2024,214.76
CUST01219,ORD30A178DA,4/2/2025,249.66
CUST01219,ORD633189C9,9/21/2024,325.86
CUST01219,ORD22E403F8,12/1/2024,371.19
CUST01219,ORDBA6F2716,12/24/2024,442.43
CUST01219,ORD64A842E2,10/16/2024,117.24
CUST01219,ORD512D466A,2/23/2025,406.04
CUST01219,ORD7771059B,4/18/2025,152.02
CUST01219,ORDBD697F37,7/13/2024,471.53
CUST01219,ORDDCC393E9,12/15/2024,289.81
CUST01219,ORD823A7E05,4/19/2025,137.91
CUST01219,ORDCE48EF1F,1/16/2024,134.41
CUST01219,ORDD0E6DB63,3/28/2024,407.27
CUST01219,ORD7D2AE03C,4/30/2024,389.72
CUST01219,ORDE7DF7255,4/18/2024,309.49
CUST01220,ORD242215C6,4/18/2025,98.43
CUST01220,ORDE5C835A4,5/4/2024,228.95
CUST01220,ORD803B2FC2,3/22/2025,414.19
CUST01220,ORD27FB2ECD,8/15/2024,431.7
CUST01221,ORD84C8CA0A,5/16/2023,11.32
CUST01221,ORD733ACDCD,3/28/2025,289.81
CUST01221,ORD7D874570,3/22/2024,225.67
CUST01221,ORD1959E83C,3/8/2025,89.42
CUST01221,ORD85041412,11/24/2023,172.24
CUST01221,ORDED524BFA,3/23/2024,336.69
CUST01221,ORD8D91E162,9/9/2023,301.99
CUST01221,ORD3C10BEBB,2/20/2025,382.28
CUST01221,ORDB2B19EA4,2/7/2024,456.23
CUST01221,ORDC6DE9D38,12/14/2024,362.19
CUST01221,ORD3C0C0089,7/6/2024,114.98
CUST01221,ORD378B35B5,9/27/2023,356.88
CUST01221,ORD20A68AD0,1/25/2025,410.58
CUST01221,ORDFF4A75D1,3/11/2025,77.75
CUST01221,ORD59820646,5/31/2024,476.11
CUST01222,ORDAC8CF268,4/7/2025,129.08
CUST01222,ORD39C314AE,12/18/2024,83.13
CUST01222,ORD5C36249F,6/3/2024,408.04
CUST01222,ORDE890E4AF,10/25/2024,378.85
CUST01222,ORDE67A56D4,7/29/2024,58.29
CUST01222,ORDDB792FFA,9/12/2024,398.68
CUST01222,ORD515EA71C,2/17/2024,204.59
CUST01222,ORD682C5906,7/11/2024,397.39
CUST01222,ORD88BA42FF,9/13/2024,432.86
CUST01222,ORD3F75910E,2/3/2024,278.51
CUST01222,ORDCC440EDF,1/27/2025,94.9
CUST01222,ORDC331C977,3/6/2024,442.85
CUST01222,ORDA059782A,7/2/2024,140
CUST01222,ORD671C5B1E,1/17/2024,281.56
CUST01222,ORD64889A28,1/24/2025,307.22
CUST01222,ORDC5E7B70A,11/23/2024,470.47
CUST01222,ORD82A88605,3/14/2024,443.56
CUST01223,ORDFF65BEDA,4/24/2025,256.7
CUST01223,ORDA349A28B,3/15/2024,433.18
CUST01223,ORDB4BD5FB4,1/18/2025,224.8
CUST01223,ORDC29A3983,10/27/2024,344.96
CUST01223,ORD2323194C,11/2/2024,349.73
CUST01223,ORD2FFD8BDF,1/22/2025,363.8
CUST01223,ORDAC6C3C5A,11/20/2024,440.47
CUST01223,ORDB019D3AD,3/21/2024,337
CUST01223,ORDFCC60FA7,3/14/2025,185.11
CUST01223,ORD9DB509C0,6/20/2024,126.03
CUST01223,ORDFF194B29,5/15/2024,272.14
CUST01223,ORD56B84A26,10/27/2024,462.91
CUST01223,ORDAC15950B,2/13/2024,401.36
CUST01223,ORD551E3F08,2/6/2025,462.05
CUST01223,ORDF060654A,1/22/2025,397.26
CUST01223,ORD54D9AEA2,4/12/2025,408.67
CUST01223,ORDA313B43E,4/5/2025,29.81
CUST01224,ORD9862A5E5,12/3/2024,146.28
CUST01225,ORD04ACA905,4/5/2024,125.78
CUST01225,ORD6E6C1429,12/21/2024,200.05
CUST01225,ORD85C2AB74,11/17/2023,50.18
CUST01225,ORD49568A44,3/31/2025,290.61
CUST01225,ORD80479DED,4/14/2024,399.18
CUST01225,ORDF58DA8C2,2/4/2024,167.16
CUST01225,ORD65370804,3/2/2025,235.51
CUST01225,ORD0796CFDF,10/12/2023,179.97
CUST01225,ORDEE09ECB9,11/24/2023,437.19
CUST01225,ORDF08759DB,10/8/2023,477.51
CUST01226,ORD105178F9,8/5/2024,450.28
CUST01226,ORDFE196A73,12/3/2024,435.12
CUST01226,ORD5D79378C,2/22/2025,21.19
CUST01226,ORD32AD6A69,8/26/2024,83.12
CUST01226,ORD14790F6C,9/30/2024,292.82
CUST01226,ORDE123AA1F,10/28/2024,391.82
CUST01226,ORD567A6852,9/29/2023,367.59
CUST01226,ORD6C2B29AC,8/28/2023,297.57
CUST01226,ORD563997EF,7/29/2023,180.64
CUST01226,ORD640A72CC,9/17/2023,21.77
CUST01226,ORDD5B1F188,7/29/2024,158.37
CUST01226,ORDB7931268,11/23/2024,244.2
CUST01226,ORD1EEC3EEC,8/16/2024,330.34
CUST01226,ORDE1CB1760,9/21/2024,370.11
CUST01226,ORD49945D0C,4/18/2024,104.5
CUST01226,ORDDB0CF1BD,9/29/2024,309.92
CUST01226,ORDCA1B1C0B,7/30/2023,106.2
CUST01226,ORD895D3B53,11/1/2023,12.41
CUST01226,ORD31AD910E,3/14/2025,213.64
CUST01227,ORD1F1F70BF,7/2/2024,50.5
CUST01227,ORDF2B155C2,9/19/2024,346.52
CUST01227,ORDFC0CBF98,1/8/2025,254.93
CUST01227,ORDA44CF013,4/4/2025,308.26
CUST01227,ORDB1E79532,2/9/2025,66.43
CUST01227,ORDF09CCEDD,12/18/2024,204.93
CUST01227,ORD8C5C507A,2/13/2025,320.31
CUST01227,ORD61151C1E,6/12/2024,368.56
CUST01227,ORD94725172,2/12/2025,66.62
CUST01227,ORD7A989DE2,7/22/2024,87.13
CUST01227,ORD9CBAF11D,1/23/2025,434.7
CUST01227,ORD41E1A779,6/14/2024,462.75
CUST01227,ORD3AEB26DE,7/20/2024,480.46
CUST01227,ORD4C924619,2/20/2025,210.95
CUST01227,ORD79D16BD9,9/23/2024,378.8
CUST01227,ORD2CA2585F,3/12/2024,78.42
CUST01228,ORD6AB69857,5/4/2024,306.86
CUST01228,ORD2B01873E,4/13/2024,375.55
CUST01228,ORD3448210A,4/27/2024,53.73
CUST01228,ORDDB3D5B4D,7/3/2023,65.23
CUST01229,ORD46614EC4,5/10/2024,61.21
CUST01229,ORD2DB8CAC0,12/16/2023,457.51
CUST01229,ORDF8BC1B1C,10/4/2024,30.51
CUST01229,ORDC11C379B,11/18/2024,312.58
CUST01229,ORD1B610009,12/20/2024,25.64
CUST01229,ORDE19714DB,3/21/2025,76.63
CUST01229,ORD2E2ED417,12/24/2023,178.04
CUST01229,ORD68E29F4F,9/6/2024,373.86
CUST01229,ORD0D5BE5D2,1/25/2025,269.29
CUST01229,ORDC71A87EF,5/7/2024,224.44
CUST01229,ORD238F1C39,10/1/2024,131.85
CUST01229,ORD9182A8D7,8/28/2024,463.49
CUST01229,ORDDA09D0FB,9/29/2023,375.92
CUST01230,ORDC149D6F8,4/23/2024,28.14
CUST01230,ORD048038F6,12/11/2024,290.22
CUST01230,ORDCC4A0C8E,7/24/2024,221.41
CUST01230,ORD786433ED,1/24/2025,175.28
CUST01230,ORD2466B2EF,10/2/2024,272.71
CUST01230,ORD814EBE8D,11/23/2023,333.57
CUST01230,ORD20AA37D5,8/24/2024,233.12
CUST01231,ORD838F590F,7/12/2024,390.56
CUST01231,ORD6E381019,8/26/2024,60.78
CUST01231,ORDD866A532,10/23/2024,384.54
CUST01231,ORDD43BA19A,1/26/2025,148.2
CUST01231,ORDB84DD1F4,10/1/2024,59.22
CUST01231,ORD6BF6B614,9/3/2024,149.38
CUST01231,ORD1FE8BC69,8/1/2024,397.02
CUST01231,ORD2156A1CB,12/10/2024,344.69
CUST01231,ORD54A6489E,4/14/2024,316.42
CUST01231,ORDEDCB88D2,2/23/2025,78.9
CUST01232,ORD5D948F7C,10/27/2024,431.32
CUST01232,ORDEE495B6A,11/22/2024,292.45
CUST01232,ORD13846DA7,8/17/2024,170.05
CUST01232,ORDFF93C5C4,1/15/2024,75.97
CUST01232,ORD0F25381B,10/21/2023,302.2
CUST01232,ORD5D0082F7,11/14/2024,194.03
CUST01232,ORD18C41C85,5/6/2024,18.39
CUST01232,ORDAAF1BB2D,10/2/2024,413.39
CUST01232,ORD523C853E,11/9/2024,104.89
CUST01232,ORD13B696C7,4/11/2024,424.97
CUST01232,ORD41CC3D2F,6/28/2024,497.34
CUST01233,ORD60716ECC,2/6/2024,363.57
CUST01233,ORDCB41C586,7/21/2024,421.43
CUST01233,ORDB6301FF8,6/12/2024,42.35
CUST01233,ORD5545C57C,3/23/2024,373.63
CUST01233,ORD23E4387C,3/4/2024,331.03
CUST01233,ORDE41B93ED,4/30/2024,404.63
CUST01233,ORDB7301DB4,2/4/2025,115.16
CUST01233,ORD4478F06A,1/22/2025,336.81
CUST01233,ORD315DB5AB,6/26/2024,302.14
CUST01233,ORD18BBDF0A,12/15/2023,72.82
CUST01233,ORD95A14FA7,8/28/2024,350.33
CUST01233,ORD9B158C4E,12/14/2024,253.31
CUST01234,ORD666A8C6B,12/11/2024,390.42
CUST01235,ORDFAC81D38,4/19/2024,484.75
CUST01235,ORD9CF4F947,7/4/2024,68.14
CUST01235,ORD3070F287,12/1/2024,144.98
CUST01235,ORDB8DC6B38,5/22/2024,217.69
CUST01235,ORD649D4098,5/19/2024,185.92
CUST01235,ORD06241B36,3/27/2024,170.05
CUST01235,ORDB6CEA550,3/13/2024,189.68
CUST01235,ORDF6D52ED4,6/17/2024,160.4
CUST01236,ORD629D529B,12/10/2024,113.89
CUST01236,ORD7A2DA3E5,4/27/2025,23.25
CUST01236,ORD1E875569,2/7/2025,471.34
CUST01236,ORD00B03E06,11/4/2024,445.17
CUST01236,ORDC3CA9DB8,5/31/2024,391.48
CUST01237,ORD4C9062FB,12/18/2024,79.01
CUST01238,ORD8CE82353,12/26/2024,465.79
CUST01238,ORDEABA2207,9/30/2023,217.01
CUST01238,ORD1AAFFDF5,8/1/2024,187.29
CUST01238,ORDBC38AC0E,12/12/2024,89.36
CUST01238,ORD6A82B819,11/27/2023,123.1
CUST01238,ORDFFFC78E8,9/25/2024,252.48
CUST01238,ORDD32A969E,1/14/2024,39.55
CUST01238,ORD944A7A4A,7/1/2024,303.54
CUST01238,ORDF05166BF,11/16/2024,40.14
CUST01238,ORD1F24AB08,10/22/2023,362.23
CUST01238,ORDC103B1D2,10/1/2023,482.36
CUST01238,ORD02B0E689,9/15/2024,221.3
CUST01238,ORDF82D784A,4/13/2025,432.36
CUST01238,ORD132E7EBB,8/8/2024,20.97
CUST01238,ORD2F645BE6,8/12/2023,121.82
CUST01238,ORDB8F82144,1/19/2025,71.98
CUST01239,ORDBE360B51,12/1/2024,270.21
CUST01239,ORDCAF3FD4F,3/16/2024,473.12
CUST01239,ORD998D3534,1/28/2025,62.45
CUST01239,ORDE39A52A7,3/28/2025,166.52
CUST01239,ORDD7B5DFAC,11/29/2023,476.93
CUST01239,ORD90939796,12/30/2023,87.71
CUST01239,ORDD7148560,4/7/2024,440.51
CUST01239,ORD08D76062,3/25/2025,319.55
CUST01239,ORDA69DC56C,11/15/2024,13.71
CUST01239,ORDF414227E,11/5/2023,353.59
CUST01240,ORD3FD97C6D,7/14/2024,25.87
CUST01240,ORD78D906E3,6/18/2024,38.74
CUST01240,ORDD64B476A,11/9/2024,18.26
CUST01240,ORD37D856AE,10/8/2024,187.96
CUST01240,ORD363431B9,11/22/2024,453.5
CUST01240,ORDE3632EC8,1/21/2025,478.73
CUST01240,ORDABB227D3,6/23/2024,286.57
CUST01240,ORD937EF45A,4/23/2024,386.52
CUST01240,ORDDEB95A4D,11/25/2024,231.22
CUST01240,ORDB69456E0,5/21/2024,217.36
CUST01241,ORD188809A9,4/21/2025,315.22
CUST01241,ORD78C7BB79,11/18/2024,191.74
CUST01241,ORD067E57FF,10/15/2024,299.16
CUST01241,ORD80AFEEBC,4/14/2024,391.41
CUST01241,ORDC286C5E3,7/22/2024,180.54
CUST01241,ORDD2A6255B,3/28/2024,149.67
CUST01241,ORDCC28D235,3/26/2024,423.32
CUST01241,ORDC9B6963B,2/9/2025,473.43
CUST01241,ORD525424F3,7/22/2024,133.13
CUST01241,ORD5ACAA7E9,10/13/2024,422.37
CUST01242,ORD61691ACD,8/3/2023,420.02
CUST01242,ORDAEECF007,9/15/2024,133.04
CUST01242,ORD54C320BB,8/24/2023,222.75
CUST01242,ORDD3C99B8C,8/18/2024,64.17
CUST01242,ORD6848709E,1/3/2025,281.92
CUST01243,ORDB9E40C56,10/6/2024,400.66
CUST01243,ORDB989E170,5/3/2024,261.95
CUST01243,ORDA0CD8A4E,2/27/2025,28.98
CUST01243,ORDA12815CB,2/24/2024,23.06
CUST01244,ORD23EB1B55,6/12/2023,281.38
CUST01244,ORD0CE3DE4F,11/2/2023,59.18
CUST01244,ORD98984B1B,2/4/2024,205.33
CUST01244,ORDA7586C46,1/8/2024,384.09
CUST01244,ORD5F0CB361,3/7/2024,54.09
CUST01244,ORD13CF8EB4,2/1/2024,89.32
CUST01244,ORD32605060,6/12/2024,262.98
CUST01244,ORD46FF832D,1/8/2025,276.74
CUST01244,ORD66612B76,4/1/2025,263.26
CUST01244,ORD2EA734F0,3/30/2024,408.04
CUST01244,ORD80BDBC9C,3/10/2025,338.4
CUST01244,ORDB875D989,12/5/2024,229.4
CUST01244,ORD8E5BB103,10/24/2023,82.58
CUST01244,ORD05A685E1,1/14/2024,24.94
CUST01245,ORDBDEA8045,11/4/2024,487.36
CUST01245,ORD4BF9DA3B,5/28/2024,355.11
CUST01245,ORDD2032DBA,12/23/2024,237.09
CUST01245,ORDC4743748,3/6/2024,105.79
CUST01246,ORD8C79D742,4/16/2025,210.21
CUST01246,ORD76D41BC9,7/2/2024,59.82
CUST01247,ORDB8FB8E85,7/24/2024,236.35
CUST01247,ORD85A30E08,3/21/2025,122.3
CUST01248,ORD893C3AF5,3/31/2025,484.7
CUST01248,ORD201494BF,8/23/2023,408.37
CUST01248,ORD5B9DFD30,6/24/2023,150.99
CUST01249,ORDF4C0E575,11/27/2024,477.4
CUST01249,ORDFECA6A72,4/20/2025,251.1
CUST01249,ORD191489E6,2/19/2025,107.75
CUST01249,ORDE3D65707,10/24/2024,206.3
CUST01249,ORD5BEF2C6C,1/2/2025,65.96
CUST01249,ORDC70BBE8A,6/21/2024,106.31
CUST01249,ORD78B007B6,3/24/2024,18.54
CUST01249,ORD13A164FE,10/27/2024,223.2
CUST01249,ORD6F446F95,10/1/2024,180.98
CUST01249,ORD69305E22,4/11/2025,431.11
CUST01249,ORD1F46DF0C,2/6/2024,341.42
CUST01249,ORD85F9C436,9/14/2024,228.94
CUST01249,ORD4A3AC41F,9/19/2024,354.67
CUST01249,ORD85B04ECD,10/21/2024,302.12
CUST01249,ORDEDDBCED1,6/27/2024,253.13
CUST01249,ORDDA2E2C8C,11/13/2024,110.24
CUST01249,ORDA94DF431,1/30/2025,285.02
CUST01250,ORD579FB651,4/6/2025,107.49
CUST01250,ORD50DD1BB0,1/10/2025,338.81
CUST01250,ORDA94C4734,4/21/2025,437.36
CUST01250,ORDCC064F48,3/22/2024,108.18
CUST01250,ORD5D86766D,4/7/2025,207.26
CUST01250,ORD2415DC77,8/23/2024,413.07
CUST01250,ORD49B7CE90,8/8/2024,460.53
CUST01250,ORDAF04A52D,3/28/2024,225.34
CUST01250,ORD6F633C4A,10/20/2023,134.57
CUST01250,ORDF7C50130,3/27/2025,224.36
CUST01250,ORDE76FA46E,4/29/2025,202.88
CUST01251,ORD3127D2F1,5/10/2024,48.68
CUST01251,ORD9C550C83,11/20/2024,296.72
CUST01251,ORD6F486FA9,8/22/2024,267.06
CUST01251,ORD2CAE936B,1/22/2025,417.04
CUST01251,ORD8D9BC250,12/8/2024,352.74
CUST01252,ORD1B1B8722,11/21/2023,19.3
CUST01252,ORDAA53D0C1,4/16/2025,38.21
CUST01252,ORD060118CB,7/22/2024,140.34
CUST01252,ORD167EB42B,10/27/2023,213.25
CUST01252,ORDF9239044,12/12/2024,59.08
CUST01252,ORD99CFA285,8/8/2024,482.89
CUST01252,ORDC929791B,6/10/2024,317.15
CUST01252,ORD9A3F6F41,5/22/2024,22.22
CUST01252,ORD9C0CECD5,10/16/2024,43.23
CUST01252,ORDF7F58602,12/17/2024,67.07
CUST01252,ORD6B905D74,12/21/2023,229
CUST01252,ORD30C415BF,9/4/2024,247.97
CUST01252,ORD01DDBD2B,8/20/2024,239.01
CUST01252,ORD3081C8DA,2/6/2024,457.83
CUST01252,ORD597FC011,10/8/2024,28.3
CUST01252,ORDAB158D83,11/14/2023,377.02
CUST01253,ORDF9167D0F,10/4/2023,296.93
CUST01253,ORD400B3520,1/24/2024,276.5
CUST01253,ORDF16845AC,2/22/2024,471.32
CUST01253,ORDC34E28B2,1/9/2024,43.29
CUST01253,ORD9EF1D99B,5/28/2024,360.3
CUST01253,ORD2A919DD9,9/26/2024,381.07
CUST01253,ORD30218B71,7/30/2024,430.38
CUST01253,ORD0D0C5BDB,4/13/2025,319.23
CUST01253,ORDD020BACB,3/12/2025,142.08
CUST01254,ORDFEFB7D61,10/8/2024,164.37
CUST01255,ORD30E85794,12/25/2024,165.17
CUST01255,ORD66EEF5F3,5/17/2024,94.34
CUST01255,ORD0C519F78,4/20/2024,135.21
CUST01256,ORDF687C494,6/4/2024,255.9
CUST01256,ORD6E5EDBD2,5/5/2024,405.84
CUST01256,ORD3BAF8A12,9/5/2024,155.84
CUST01256,ORD323A76D1,8/18/2024,416.76
CUST01256,ORD46C67EF9,12/3/2024,412.64
CUST01256,ORDE4DCFE9E,6/17/2024,465.34
CUST01256,ORDD894EA77,7/26/2024,203.55
CUST01256,ORD8DFF957E,9/2/2024,306.99
CUST01256,ORDD77E1F89,1/30/2025,494.95
CUST01256,ORDA85D673F,5/28/2024,323.05
CUST01256,ORD0BE51F0E,3/29/2025,327.53
CUST01256,ORD4DD8B22E,3/7/2025,107.35
CUST01256,ORDC10E0514,7/11/2024,299.26
CUST01256,ORD3B167528,7/25/2024,345.73
CUST01256,ORD1E331F46,3/28/2025,408.7
CUST01256,ORD2BF2E135,4/28/2024,197.29
CUST01256,ORD5C5DD42C,11/19/2024,282.71
CUST01256,ORDA9841AA2,6/30/2024,153.38
CUST01256,ORDCD2E5F20,5/23/2024,211.33
CUST01256,ORD09421886,1/10/2025,197.18
CUST01257,ORD6CDBBEB3,1/10/2024,82.74
CUST01257,ORD3647EC0B,4/8/2024,247.63
CUST01257,ORDF27903A5,9/1/2024,476.75
CUST01257,ORD420B1822,9/8/2024,247.66
CUST01258,ORD9F2100C4,1/12/2024,140.43
CUST01258,ORD4AE7D5CA,3/14/2025,124.32
CUST01258,ORD5B9D9D94,9/26/2024,95.36
CUST01258,ORDE5283825,7/9/2024,167.94
CUST01258,ORD264C46BC,11/14/2023,99.68
CUST01258,ORD34C0B9A1,10/19/2023,371.11
CUST01258,ORD5F33250A,6/26/2024,483.85
CUST01258,ORD14777E55,11/17/2024,338.17
CUST01258,ORD31049C7F,1/24/2025,301.61
CUST01258,ORDDCACE7F2,8/5/2024,295.6
CUST01258,ORD95E946E2,12/7/2023,456.87
CUST01258,ORD8DFA1BBB,9/10/2023,497.88
CUST01258,ORD31EAFEDF,2/22/2024,228.57
CUST01258,ORD6F625103,5/2/2024,17.18
CUST01258,ORDF6B8B30D,4/28/2024,358.63
CUST01258,ORD9D4F809D,1/30/2024,456.42
CUST01258,ORDCED4407C,10/9/2024,90.92
CUST01258,ORD5FDD53AC,10/1/2023,221.09
CUST01258,ORDCB09F548,12/21/2023,494.14
CUST01259,ORDE30AAA7C,7/31/2024,22.89
CUST01259,ORD5421C35B,4/25/2024,238.96
CUST01259,ORD0967D774,10/24/2024,262.63
CUST01259,ORD5419A06D,3/28/2025,411.71
CUST01259,ORD38EF8013,7/4/2024,274.87
CUST01260,ORDCECEA39E,6/1/2024,61.79
CUST01260,ORD29BC05C3,4/28/2025,211.26
CUST01260,ORD9A194BC3,5/1/2024,422.1
CUST01260,ORD626D69A3,7/10/2024,333.77
CUST01260,ORDD173435D,9/24/2024,333.04
CUST01260,ORD2CA78F9E,2/3/2024,319.1
CUST01261,ORDDDBF6624,7/3/2024,56.59
CUST01261,ORDABBDC495,12/22/2024,466.14
CUST01261,ORD64CB2FB0,12/18/2023,468.89
CUST01261,ORDA18F7D0D,9/21/2024,472.42
CUST01261,ORD77C166B9,10/24/2023,401.6
CUST01261,ORD8358EBEB,9/9/2023,125.25
CUST01261,ORD3C8D51E7,9/25/2023,345.33
CUST01261,ORD8746E4A5,3/8/2025,377.95
CUST01261,ORD330A1475,3/30/2025,290.07
CUST01262,ORDCAA4A5ED,9/22/2023,257.18
CUST01262,ORD54A91CD2,11/11/2024,496.6
CUST01262,ORDEAFAF607,11/18/2023,296.51
CUST01262,ORDAC0A9A42,11/1/2024,451.41
CUST01262,ORD4857DD33,4/22/2025,449.75
CUST01262,ORD7810AD40,1/1/2024,50.92
CUST01262,ORDB35B7837,8/4/2024,227.78
CUST01262,ORD7E8D3016,10/6/2023,20.98
CUST01262,ORDFFA40EA2,3/31/2024,419.78
CUST01262,ORD53ACCABE,10/28/2024,256.79
CUST01262,ORD621C82A2,11/5/2024,297.95
CUST01262,ORDA17901BB,3/11/2025,151.99
CUST01262,ORD87BB33F0,2/29/2024,334.13
CUST01262,ORD648C97DF,9/16/2024,24.96
CUST01262,ORD2431DDDE,10/5/2024,411.97
CUST01262,ORDF7BC1087,5/20/2024,44.6
CUST01262,ORD401B154C,6/11/2024,277.84
CUST01262,ORDE08F11CD,2/15/2024,205.51
CUST01262,ORD21F546A2,4/17/2025,137.42
CUST01262,ORD6F1EA8D3,7/19/2024,272.2
CUST01263,ORD5EFD6AB8,2/3/2024,381.34
CUST01263,ORD767E20C4,7/9/2024,231.13
CUST01263,ORDEA47E634,11/2/2023,441.29
CUST01263,ORDC7DE6DBE,10/1/2024,184.46
CUST01263,ORD6860A7C0,2/8/2025,261.44
CUST01263,ORDBF7D9CCD,2/6/2025,464.28
CUST01264,ORD416A4F71,3/1/2024,491.6
CUST01264,ORD7C7FCF68,4/4/2025,486.53
CUST01264,ORD0CA47B4F,1/22/2025,193.16
CUST01264,ORD8FCD9614,9/10/2024,466.93
CUST01264,ORDCAF5DC92,4/6/2024,274.16
CUST01264,ORD9E304B1F,2/25/2025,40.24
CUST01264,ORD00BE26F8,8/8/2024,22.59
CUST01264,ORDCBD8AAA6,12/7/2024,274.65
CUST01264,ORDEB08E3FC,3/29/2024,215.21
CUST01264,ORD19FD8602,6/18/2024,166.9
CUST01264,ORD6D3D6DE0,2/15/2025,336.63
CUST01264,ORD9DA83B36,9/3/2024,416.12
CUST01264,ORDF71B85FE,4/26/2025,98.12
CUST01264,ORDA409ED51,8/23/2024,102.57
CUST01264,ORD5EE7B5AF,12/15/2024,286.08
CUST01264,ORD86D920CA,6/21/2024,156.78
CUST01264,ORDA8EBDA28,4/26/2024,207.58
CUST01264,ORDE911389B,12/15/2024,384.66
CUST01264,ORDCC09E9DE,1/31/2025,337.31
CUST01265,ORD50CA42EB,11/18/2023,260.34
CUST01265,ORD6406E80D,11/1/2024,254.85
CUST01265,ORDBCEE7B72,3/25/2024,410.4
CUST01265,ORDCDD80818,7/7/2024,142.5
CUST01265,ORD8F3EDC70,9/29/2024,91.02
CUST01265,ORDCBC60EF9,12/9/2023,338.5
CUST01266,ORD797A5B2E,7/28/2024,452.87
CUST01266,ORD73F9F149,7/7/2024,83.71
CUST01266,ORD2F9A7960,12/8/2023,365.84
CUST01266,ORD9C4C9D76,4/25/2024,202.13
CUST01266,ORD1F0B0CEC,11/4/2024,472.2
CUST01266,ORD1A56A760,1/13/2025,338.44
CUST01266,ORD8ECDFCC2,1/20/2025,425.49
CUST01266,ORD2D9735AD,2/16/2024,335.65
CUST01266,ORD7B462096,3/13/2024,34.51
CUST01266,ORDFEFBA028,9/14/2024,31.14
CUST01266,ORDAD6CF2D9,1/21/2024,183.77
CUST01266,ORDAC4AAF6D,1/18/2025,359.56
CUST01266,ORD44A70279,1/21/2024,136.74
CUST01266,ORDE4DA5160,12/28/2024,397.33
CUST01266,ORD7125D153,12/30/2023,397.16
CUST01266,ORD85DD7509,11/17/2024,217.53
CUST01266,ORDDB59272A,11/19/2023,183.76
CUST01266,ORDFEF85CBD,3/3/2024,31.57
CUST01267,ORD23310837,9/8/2024,324.74
CUST01267,ORD677D80E2,4/4/2025,96.74
CUST01267,ORD55E79F9F,8/1/2024,149.22
CUST01267,ORDBA9AE143,2/15/2025,447.94
CUST01267,ORDB381E3DF,6/20/2024,348.56
CUST01267,ORD302CF89F,1/21/2024,283.51
CUST01267,ORDBECB6356,5/4/2024,173.32
CUST01267,ORD61C9D17C,7/10/2024,194.92
CUST01267,ORD54879B71,4/18/2024,62.43
CUST01267,ORD87CB1CEC,3/15/2025,466.19
CUST01267,ORD28709603,2/16/2024,294.71
CUST01267,ORDC6A0638D,10/17/2023,430.91
CUST01267,ORD1CD8856A,12/25/2024,332.73
CUST01267,ORD5EB77BBF,10/7/2023,324.18
CUST01267,ORDAA272C90,12/7/2023,99.05
CUST01267,ORD07A623F4,4/6/2024,323.6
CUST01267,ORDB618B709,5/25/2024,443.54
CUST01267,ORDD592753F,9/5/2023,463.85
CUST01268,ORDFE914BD8,1/28/2024,419.19
CUST01268,ORD77F8C93D,2/16/2025,194.39
CUST01268,ORD6F66ED45,2/20/2024,277.93
CUST01268,ORDD39A22EE,5/7/2024,362.97
CUST01268,ORDAC9B0706,10/7/2024,468.42
CUST01268,ORD27B5FD0B,5/12/2024,220.36
CUST01268,ORD7F1AF8D1,5/16/2024,140.17
CUST01268,ORDCF88C2B2,3/15/2025,260.73
CUST01268,ORD1B030A04,10/14/2024,84.33
CUST01268,ORD4935A624,4/7/2024,227.53
CUST01269,ORDBABCAF2C,8/29/2023,284.81
CUST01269,ORDF74F08D0,12/1/2024,60.08
CUST01269,ORD597674C4,1/2/2024,79.75
CUST01269,ORDAB5B264D,8/1/2023,490.8
CUST01269,ORD3023A096,2/24/2025,184.23
CUST01270,ORD231B3CC7,4/19/2024,414.5
CUST01270,ORD1D8E4CEE,10/10/2024,209.25
CUST01270,ORD23E39203,2/25/2025,275.88
CUST01270,ORD4F7CE006,4/21/2024,71.28
CUST01270,ORD4B07D6C4,12/10/2024,256.24
CUST01270,ORDD6405707,1/11/2025,291.2
CUST01270,ORD2BC25E5D,3/4/2025,396.78
CUST01270,ORD9AD91885,11/11/2024,118.78
CUST01271,ORD79E9A6FF,4/25/2025,206.06
CUST01271,ORD2433BA7E,1/15/2025,351.38
CUST01271,ORD58D19C17,3/8/2024,121.7
CUST01271,ORD33D1B02B,8/24/2024,30.13
CUST01271,ORD71800525,4/20/2025,223.6
CUST01271,ORD6FC8BF0D,9/21/2024,492.66
CUST01271,ORD5245841B,3/12/2025,203.64
CUST01271,ORDC0C2248A,8/31/2024,84.16
CUST01271,ORD0443DC84,3/20/2025,493.89
CUST01271,ORD738FFBBC,4/18/2024,268.33
CUST01271,ORDFD123C8E,4/9/2025,304.95
CUST01271,ORDA1917C46,11/8/2024,43.39
CUST01271,ORD5678FEEA,3/20/2025,20.81
CUST01271,ORDFC716BAA,4/25/2025,418.18
CUST01271,ORD65FA0BF1,7/30/2024,53.7
CUST01271,ORD4D0B94BD,6/19/2024,46.19
CUST01271,ORD22280D76,6/16/2024,499.37
CUST01271,ORDFFE97FDE,9/8/2024,65.34
CUST01272,ORD2DF49849,10/26/2023,185.3
CUST01272,ORD90C90A8C,12/13/2023,380.19
CUST01272,ORDDE0F9AAE,9/27/2023,303.85
CUST01272,ORDC1CDE12C,9/15/2024,409.28
CUST01272,ORDFCD36DD2,12/28/2023,499.3
CUST01272,ORDD5A5E65B,1/22/2025,437.84
CUST01272,ORD4120FCB1,4/1/2024,360.22
CUST01272,ORD487B6285,8/10/2024,62.9
CUST01273,ORDE5DCEAAF,12/30/2024,242.8
CUST01273,ORD77B1E968,2/9/2024,209.74
CUST01273,ORD5048CCF0,11/11/2023,10.21
CUST01273,ORD2296C096,11/26/2024,101.42
CUST01273,ORDE6987478,12/17/2024,131.83
CUST01273,ORDFD548A44,3/17/2024,459.99
CUST01273,ORDB877C54E,10/26/2024,167.4
CUST01274,ORD3DB7760F,12/1/2024,56.25
CUST01274,ORDE17EC263,12/22/2024,172.9
CUST01274,ORDE18A6C20,9/25/2024,416.73
CUST01274,ORD2F7447BE,4/3/2024,20.75
CUST01274,ORD2953380D,9/25/2024,91.13
CUST01274,ORDBDA594AD,11/30/2024,454.15
CUST01274,ORD6E99E286,4/9/2024,146.42
CUST01274,ORD013F2C21,4/8/2025,158.02
CUST01274,ORD2FA1F3F9,2/20/2025,80.88
CUST01274,ORD1C758D85,12/31/2024,71.04
CUST01274,ORD086D9DE6,1/12/2024,57.71
CUST01274,ORD1681A0A6,8/30/2024,165.76
CUST01274,ORDB4B0D82C,1/7/2024,25.47
CUST01274,ORDB7CF7AAB,7/20/2024,104.69
CUST01274,ORD86149EF1,6/6/2024,151.68
CUST01274,ORDECBE7B2C,4/27/2025,23.84
CUST01274,ORD50654494,8/25/2024,287.94
CUST01275,ORDF45150CE,3/15/2025,424.11
CUST01275,ORD3B965348,3/13/2025,240.32
CUST01275,ORDA6388547,1/1/2025,372.76
CUST01275,ORD7D9525A1,9/13/2024,449.32
CUST01275,ORD927684AC,3/4/2024,466.37
CUST01275,ORDBC3FAA4C,10/8/2024,42.01
CUST01275,ORDD1CBCE2D,10/1/2024,262.74
CUST01275,ORDD1840C29,11/30/2024,353.1
CUST01275,ORDEEDB7846,6/15/2024,301.33
CUST01275,ORD332E9462,9/4/2024,290.88
CUST01275,ORD27086E0D,12/24/2024,277.84
CUST01275,ORD38F13613,10/9/2024,30.5
CUST01275,ORD24055710,8/3/2024,275.11
CUST01276,ORD85D85374,4/28/2024,434.49
CUST01277,ORDCB2A75BF,10/18/2024,418.33
CUST01277,ORDF3F75B83,10/29/2024,81.28
CUST01277,ORDFFFBF5DA,3/6/2024,143.03
CUST01277,ORD06744053,4/11/2025,227
CUST01277,ORDFC59C55E,8/3/2024,212.71
CUST01277,ORDFE9292D1,6/7/2024,425.42
CUST01277,ORD183FADF3,9/20/2024,61.25
CUST01277,ORD373D97A9,11/16/2024,120.97
CUST01277,ORD1927B64E,12/25/2024,169.96
CUST01277,ORDACFD8E23,9/24/2024,100.51
CUST01277,ORD36ACA02B,11/23/2024,203.31
CUST01277,ORD6211968A,11/15/2024,194.5
CUST01277,ORD5492F28E,1/29/2025,139.86
CUST01277,ORDB54BBB9B,12/9/2024,216.87
CUST01277,ORD95C11ABD,10/13/2024,334.95
CUST01278,ORDBBAFAA17,4/1/2025,404.34
CUST01278,ORDA5B1110A,4/28/2025,132
CUST01278,ORD8796C128,3/21/2025,487.88
CUST01278,ORD5E763CE6,11/16/2024,203.96
CUST01278,ORDBB0C40E9,3/1/2024,313.09
CUST01278,ORDF0D356E1,7/18/2024,225.77
CUST01278,ORD2854AB77,5/7/2024,465.85
CUST01278,ORD751E2486,11/20/2024,196.77
CUST01278,ORD7A79912C,12/16/2024,163.05
CUST01278,ORDB75C469D,4/29/2024,447.34
CUST01278,ORD127FD1C7,12/31/2024,54.24
CUST01278,ORDFAD85B58,4/8/2025,176.74
CUST01278,ORDE5D1197D,4/20/2024,138
CUST01278,ORD09F0D5D9,11/27/2024,163.64
CUST01278,ORD18F4470C,8/13/2024,333.35
CUST01278,ORD06556C68,11/23/2024,64.22
CUST01278,ORD648588EE,6/19/2024,310.71
CUST01278,ORD4EBED6BA,4/12/2024,363.97
CUST01278,ORD807CD9DB,12/11/2024,342.97
CUST01278,ORD8B0797DD,5/21/2024,38.71
CUST01279,ORD014102EA,3/5/2025,497.4
CUST01279,ORDF657627E,11/15/2024,130.73
CUST01279,ORDB80543CB,4/27/2025,465.09
CUST01279,ORD1EDEBC71,7/19/2024,445.69
CUST01279,ORD25FBCDFC,9/18/2024,31.8
CUST01279,ORD6BC2FF51,5/1/2024,65.56
CUST01279,ORDD2EFCA38,5/23/2024,242.5
CUST01279,ORDC34AC153,4/13/2025,217.02
CUST01279,ORDAF620E79,1/27/2025,366.82
CUST01279,ORDAC6955EB,1/13/2025,121.26
CUST01279,ORD6E4B4F59,2/6/2025,302.04
CUST01279,ORD06B49807,5/10/2024,378.83
CUST01279,ORD9487ED59,4/20/2024,282.07
CUST01279,ORD00BF4B10,12/9/2024,203.49
CUST01279,ORD52192F0B,6/5/2024,216.41
CUST01279,ORD11134C16,12/8/2024,131.79
CUST01280,ORD9488E101,5/27/2024,59
CUST01280,ORDE96A4024,6/24/2024,293.84
CUST01280,ORD6B630D4A,9/3/2024,170.55
CUST01280,ORD73BC31ED,3/17/2025,303.75
CUST01280,ORD9E26E4A2,10/11/2024,195.7
CUST01281,ORD4E0AAA5F,12/2/2024,34.08
CUST01282,ORDFDF4F2E4,5/2/2024,331.47
CUST01282,ORD381B937A,8/13/2024,290.48
CUST01282,ORDD3DB2958,3/14/2024,405.43
CUST01282,ORD8195F28F,7/14/2024,156.37
CUST01282,ORD3C666920,5/8/2024,485.92
CUST01282,ORD18F2AFD8,6/28/2024,132.61
CUST01282,ORD7A696A4C,6/6/2024,33.01
CUST01282,ORDD47BB629,8/2/2024,461.05
CUST01282,ORD75847DEF,7/12/2024,499.33
CUST01282,ORD6A9FD2B3,2/10/2025,344.38
CUST01282,ORD4679C85F,12/11/2024,144.25
CUST01282,ORD26F1D22B,11/22/2024,452.48
CUST01282,ORD9CB0EF43,4/8/2024,432.17
CUST01282,ORD032EDE96,1/9/2025,310.56
CUST01282,ORDF9707A0E,12/21/2024,221.36
CUST01282,ORD57BF8C2C,11/22/2024,211.13
CUST01282,ORD35211207,4/25/2025,170.17
CUST01282,ORD78282996,1/5/2025,223.54
CUST01282,ORDE795BFAA,7/28/2024,89.3
CUST01282,ORD621F38F4,1/23/2025,411.89
CUST01283,ORDFF13DE3F,11/7/2024,164.23
CUST01283,ORDECE55EFB,4/21/2024,433.94
CUST01283,ORD1472A2A2,6/18/2024,250.11
CUST01283,ORD626E9F16,12/13/2024,227.12
CUST01283,ORD6174FB1E,7/6/2024,273.38
CUST01283,ORD68B9B117,8/17/2024,24.3
CUST01283,ORD039F6401,8/20/2024,230.8
CUST01283,ORD67041CB6,5/26/2024,476.97
CUST01283,ORDDDA851D0,12/24/2023,386.32
CUST01283,ORDBE8B0163,1/19/2024,482.73
CUST01284,ORDDEEF96ED,9/10/2024,392.82
CUST01284,ORD5597E3DC,12/5/2023,404.58
CUST01284,ORD7487A766,7/19/2024,24.16
CUST01284,ORD904C5DA4,10/11/2024,74.12
CUST01284,ORDC4890830,1/25/2025,429.95
CUST01284,ORD669CC6A9,1/10/2025,191.07
CUST01284,ORD93660DD8,6/15/2023,401.48
CUST01285,ORDC3EA2630,5/28/2024,393.81
CUST01285,ORD7933F5A9,6/21/2023,428.6
CUST01285,ORD85FFFC22,1/17/2025,100.32
CUST01285,ORDA2709B98,3/1/2025,215.18
CUST01285,ORDFC441A2E,3/12/2025,353.29
CUST01285,ORD7D00BDD0,3/1/2025,36.55
CUST01285,ORDDEF01A8F,5/10/2024,204.28
CUST01285,ORD8910BB02,3/2/2024,173.66
CUST01285,ORDE8357534,3/27/2025,308.04
CUST01285,ORD7859D304,1/6/2024,122.16
CUST01285,ORD574543E4,10/16/2024,36.31
CUST01285,ORDF0D7545E,2/21/2025,350.45
CUST01285,ORDFBC75C12,5/17/2023,340.88
CUST01286,ORD42A7E0C1,6/20/2024,429.23
CUST01286,ORDBE15922F,2/18/2024,68.02
CUST01286,ORD20502DC2,6/6/2024,84.56
CUST01286,ORD4C592832,1/24/2025,98.71
CUST01286,ORD3CC935EC,1/16/2024,383.4
CUST01286,ORDA728C1F3,8/14/2024,231.44
CUST01287,ORD82C3D3A1,3/14/2024,350.04
CUST01287,ORD5234D708,3/20/2025,242.23
CUST01287,ORDCBB6C550,3/31/2024,206.61
CUST01287,ORD24021F4C,3/7/2024,384.27
CUST01287,ORDAB70E4C8,12/8/2024,310.5
CUST01287,ORD9501A6DA,2/13/2025,201.17
CUST01287,ORD383A1AB2,10/25/2024,60.79
CUST01287,ORDE1CAD3AC,2/3/2024,96.67
CUST01287,ORDF85F469F,5/26/2024,357.48
CUST01287,ORDEB6C3083,12/27/2023,58.96
CUST01287,ORD3F9046FC,3/25/2025,192.53
CUST01287,ORDF7953C7A,5/5/2024,486.48
CUST01287,ORD923AFD3E,7/8/2024,256.65
CUST01287,ORD80004FC9,11/7/2024,478.71
CUST01287,ORDBD521803,1/17/2024,271.37
CUST01287,ORD01901CF4,6/16/2024,263.36
CUST01288,ORDCAC85BEB,1/4/2025,496.75
CUST01288,ORDC06ECFF3,4/17/2024,13
CUST01288,ORD17C18752,7/21/2024,453.17
CUST01288,ORD33B2474D,12/25/2024,273.06
CUST01288,ORD3B621ABF,3/10/2024,63.09
CUST01288,ORDE92FF366,11/17/2024,298.52
CUST01288,ORD5CB11130,1/28/2025,491.17
CUST01288,ORD9DD80E56,2/26/2024,245.79
CUST01288,ORDB5D55B91,3/4/2025,252.32
CUST01288,ORD438D138C,3/12/2024,283.83
CUST01288,ORDC3012349,3/8/2025,105.98
CUST01288,ORDA665BDAD,11/9/2024,48.77
CUST01288,ORD22B0F1FA,10/28/2023,293.14
CUST01289,ORD164A3D2A,8/24/2024,227.6
CUST01289,ORD85472E02,7/11/2024,394.94
CUST01289,ORDEBE82E54,1/5/2025,16.67
CUST01289,ORD6F8B02C8,12/9/2024,402.94
CUST01289,ORD696493F2,3/31/2024,228.6
CUST01289,ORD453797A7,1/16/2025,497.17
CUST01289,ORDC4D8EE6F,6/24/2024,210.19
CUST01289,ORD52971E74,3/10/2025,138.93
CUST01289,ORD8E906A98,2/27/2025,90.41
CUST01289,ORDD60D1BBE,7/2/2024,407.87
CUST01289,ORD75674841,9/21/2024,47.31
CUST01289,ORD4408BEEB,3/14/2024,367.92
CUST01290,ORD829B2D82,4/28/2024,36.2
CUST01290,ORDF4B244A1,2/17/2025,269.09
CUST01290,ORD4C6315B2,1/2/2024,122.12
CUST01290,ORD27808319,6/12/2024,382.26
CUST01290,ORDFF3A9E36,11/17/2023,244.57
CUST01290,ORD71920D28,4/1/2025,121.71
CUST01291,ORDBE89A8EA,7/3/2024,351.25
CUST01291,ORD8AE1C9D2,11/9/2024,367.45
CUST01291,ORD428642ED,4/26/2025,434.54
CUST01291,ORD49B040A2,4/15/2024,270.82
CUST01291,ORD95830B28,8/11/2024,235.99
CUST01291,ORD4A01B43B,2/5/2024,181.67
CUST01291,ORD314E5D00,4/26/2024,411.31
CUST01291,ORD56880A52,3/21/2024,92.71
CUST01291,ORDE6C5C9C1,1/17/2025,491.87
CUST01291,ORD583C141D,6/1/2024,474.51
CUST01291,ORD18AF096F,8/20/2024,95.67
CUST01291,ORDA29288A4,1/16/2025,72.68
CUST01292,ORD76E3E871,2/19/2025,350.41
CUST01292,ORD9224227E,11/25/2024,123.95
CUST01292,ORD8E82DB99,5/18/2024,168.91
CUST01292,ORDFE51C7D1,8/4/2024,134.08
CUST01292,ORD06D188B0,5/1/2024,400.49
CUST01292,ORDB8CA4BF8,10/2/2024,490.17
CUST01292,ORD0304F077,11/1/2024,141.49
CUST01292,ORDE1A1B429,6/7/2024,25.4
CUST01292,ORDD5F33B00,1/12/2025,472.84
CUST01292,ORD9BCE454B,7/14/2024,134.69
CUST01292,ORD27F73E9A,6/26/2024,329.88
CUST01292,ORDB4501628,9/9/2024,149.75
CUST01292,ORD726BCC17,9/14/2024,238.94
CUST01292,ORD0C9A7788,3/15/2025,372.49
CUST01292,ORDAFDC6F3F,6/3/2024,436.24
CUST01292,ORD99D3FF38,4/28/2025,424.3
CUST01292,ORD57AEA8F5,10/13/2024,47.58
CUST01292,ORD07B06ECC,4/9/2025,78.57
CUST01293,ORDB0E1DF77,6/15/2024,85.54
CUST01293,ORD4B2E279C,12/30/2024,359.33
CUST01293,ORDAC56A771,10/9/2023,229.25
CUST01293,ORDBBD47AA7,6/20/2023,387.18
CUST01293,ORDAD3909A3,10/30/2023,311.24
CUST01293,ORD0B7DD388,12/28/2024,370.87
CUST01293,ORD517FB784,3/13/2025,488.8
CUST01294,ORDF0F7822C,7/17/2024,369.39
CUST01294,ORD87C32BD0,7/20/2024,491.81
CUST01294,ORDA6C1908F,12/3/2024,230.87
CUST01294,ORD8683FBC6,2/8/2025,451.57
CUST01294,ORD92D42B75,9/22/2024,205.09
CUST01294,ORD6B5BC9BB,4/28/2024,111.08
CUST01294,ORD1BA4A11E,10/14/2024,335.6
CUST01294,ORD55485455,8/28/2024,326.08
CUST01294,ORD15EBCB20,7/14/2024,342.47
CUST01294,ORD90FA1E7F,12/30/2024,91.52
CUST01294,ORD1B66BF49,1/11/2025,93.16
CUST01294,ORD1F8577E5,4/4/2025,103.9
CUST01294,ORD93DA4EA7,10/11/2024,417.98
CUST01294,ORD75DB042C,10/11/2024,274.06
CUST01294,ORDF718BF52,6/11/2024,345.69
CUST01294,ORD826B6A61,3/30/2025,411.63
CUST01294,ORD627CD726,11/20/2024,449.89
CUST01294,ORDA34CABB5,4/10/2025,183.28
CUST01294,ORD1BDEC5DC,1/3/2025,16.18
CUST01294,ORDB7A9AED0,4/15/2025,276.02
CUST01295,ORD4EFD69A4,8/9/2024,307.3
CUST01295,ORD63978DFA,2/5/2025,199.64
CUST01295,ORD760B8156,7/22/2024,131
CUST01296,ORD866FB0B8,3/25/2025,134.92
CUST01296,ORDB203141F,4/30/2024,360.23
CUST01297,ORD48EBA3C9,3/25/2025,26.27
CUST01297,ORD3E71B9FE,11/3/2024,308.35
CUST01297,ORD551A05E8,11/26/2023,398.48
CUST01297,ORDD8C48B7C,8/19/2024,122.48
CUST01297,ORD61D4F98D,5/15/2024,362.4
CUST01297,ORD72056895,6/10/2024,256.49
CUST01297,ORDE3B5F5D8,8/24/2024,80.96
CUST01298,ORD1AEF3BD4,8/30/2024,447.96
CUST01298,ORD632DC41F,11/21/2024,172.2
CUST01298,ORD30D49AC9,7/29/2024,122.46
CUST01298,ORD887FE79C,10/7/2024,159.74
CUST01298,ORD626689DC,6/7/2024,27.52
CUST01298,ORD1C8B1495,2/7/2024,461.21
CUST01298,ORDF52A9697,10/28/2024,353
CUST01298,ORD3C6CB06B,5/20/2024,320.84
CUST01298,ORD29744B5C,12/20/2024,60.88
CUST01298,ORD46CFF66B,1/8/2025,43.87
CUST01298,ORD0E33DCA0,4/8/2025,437.57
CUST01298,ORDB7F128CB,6/27/2024,225.87
CUST01298,ORD5C40B739,2/12/2024,257.53
CUST01298,ORD0580466D,6/13/2024,261.95
CUST01298,ORD487F8C89,5/2/2024,42.81
CUST01298,ORD21822A02,4/11/2025,218.24
CUST01298,ORD06FA3FF8,12/6/2024,494.56
CUST01298,ORD45AEEEE3,8/9/2024,146.64
CUST01298,ORD87CBDDE3,4/1/2024,134.65
CUST01298,ORDF82CE119,7/29/2024,338.31
CUST01299,ORD7206C16C,4/16/2024,138.21
CUST01299,ORD750BBF92,10/21/2024,219.47
CUST01299,ORD9EFF9795,12/10/2024,414.67
CUST01299,ORD46BADCD5,2/3/2025,113.03
CUST01299,ORDC045DCB9,4/26/2025,272.19
CUST01299,ORD6A7D7300,1/3/2025,187.2
CUST01299,ORD1DE18248,4/2/2024,42.32
CUST01299,ORD65053019,3/1/2024,305.36
CUST01299,ORDB310364C,3/11/2025,116.55
CUST01299,ORDC639D8DD,9/8/2024,355.24
CUST01299,ORDA653634E,8/11/2024,280.71
CUST01299,ORD93A3360E,3/30/2025,17.63
CUST01300,ORDCA07D701,5/18/2024,128.05
CUST01300,ORD02BC2C61,8/3/2023,301.92
CUST01300,ORD35E7C4B6,8/4/2024,82.07
CUST01300,ORD6328BB06,2/6/2025,233.68
CUST01300,ORDFC8D2696,11/12/2023,256.15
CUST01300,ORDE9B29258,5/18/2024,333.92
CUST01300,ORD943B8796,1/7/2025,438.33
CUST01300,ORDE8433EB3,1/29/2024,370.32
CUST01300,ORDE157384A,12/21/2024,403.91
CUST01300,ORDECF8E74B,6/8/2024,288.27
CUST01300,ORDDD44E149,5/15/2024,218.54
CUST01301,ORD6482ED84,9/17/2024,268.57
CUST01301,ORD6DDC74E4,10/4/2024,390.44
CUST01301,ORD49D43E69,1/4/2025,443.55
CUST01301,ORD84EBA447,6/21/2024,384.52
CUST01301,ORD92DBF841,3/11/2024,303.44
CUST01301,ORD93B3CDC7,3/6/2024,159.98
CUST01301,ORD63CCF6C8,4/1/2025,492.79
CUST01301,ORD5B4C7CAE,1/11/2024,245.81
CUST01301,ORDC10BF3EB,11/22/2023,354.51
CUST01301,ORDDB8EB0BB,7/1/2024,420.38
CUST01301,ORDC1E94024,5/10/2024,61.28
CUST01301,ORD1B96F4CF,11/16/2023,421.48
CUST01301,ORD05694D1B,6/18/2024,343.7
CUST01301,ORDA0936DA5,4/27/2024,134.36
CUST01301,ORD539032C8,5/9/2024,123.95
CUST01301,ORDB5128B6E,2/24/2025,407.01
CUST01301,ORD4E1FC629,10/14/2024,432.31
CUST01301,ORD934FEEC4,10/22/2024,493.38
CUST01301,ORD540F4A07,5/14/2024,274.82
CUST01302,ORD6ADDF780,12/24/2024,358.13
CUST01302,ORD3692A315,12/15/2023,95.76
CUST01302,ORD36E533EC,4/1/2025,74.78
CUST01302,ORDE1F484A1,1/1/2025,109.83
CUST01302,ORDE3B95124,4/7/2024,282.81
CUST01302,ORD602CED61,3/28/2024,120.93
CUST01302,ORD7227FD75,8/1/2023,230.27
CUST01302,ORD021C5D48,10/21/2024,265.52
CUST01302,ORDA246B225,3/16/2025,126.75
CUST01302,ORDE0017B74,11/7/2024,398.25
CUST01302,ORD08F4D8B0,10/2/2024,83.96
CUST01302,ORD72BD978B,9/28/2024,65.24
CUST01302,ORD915DBCA7,11/9/2024,326.57
CUST01303,ORD7DBE7A1D,7/21/2024,254.98
CUST01303,ORD60C5C1B7,3/16/2024,202.03
CUST01303,ORD64650FF3,12/6/2024,410.29
CUST01303,ORDCEAF8A0D,8/11/2023,472.41
CUST01303,ORDC34DF3B7,5/14/2024,287.62
CUST01303,ORD400917E9,2/20/2024,491.87
CUST01303,ORD0E497D3F,9/22/2023,263.37
CUST01303,ORD538650C2,10/14/2024,262.2
CUST01303,ORDA7D96272,11/16/2023,34.19
CUST01303,ORD0C74F87A,12/28/2023,293.26
CUST01303,ORDAD304681,5/2/2024,462.82
CUST01303,ORDBA864AF3,8/15/2024,92.21
CUST01303,ORD954344F8,4/1/2025,69.35
CUST01303,ORDC446EAF9,7/8/2024,409.95
CUST01303,ORDBC239AC5,1/17/2024,17.3
CUST01303,ORDFCDFBBFA,2/6/2024,122.71
CUST01303,ORD05A8DE8D,3/7/2024,445.59
CUST01303,ORD0341D556,10/27/2024,17.98
CUST01304,ORD84FF375D,1/10/2024,199.11
CUST01304,ORDB619BEB2,3/16/2024,222.65
CUST01304,ORD6900A0BD,4/18/2024,66.16
CUST01304,ORD69C07145,11/18/2024,455.92
CUST01304,ORD5CBF2104,4/25/2024,258.88
CUST01304,ORDB16BB462,3/1/2024,319.38
CUST01304,ORD0D74E61D,8/28/2023,339.02
CUST01304,ORDEA244F14,1/10/2024,283.47
CUST01304,ORD9036E283,6/23/2024,403
CUST01304,ORD426209F6,8/25/2023,245.61
CUST01304,ORD94AA2D7A,7/14/2024,199.25
CUST01304,ORDF6DF6A91,9/6/2023,15.49
CUST01304,ORD801F0F33,6/19/2024,50.97
CUST01304,ORD611E66C9,3/26/2025,154.78
CUST01304,ORD60D2F896,4/21/2025,192.61
CUST01304,ORD6D2F9043,3/18/2024,400.46
CUST01304,ORDEC856582,6/14/2024,151.49
CUST01305,ORDD360B902,7/31/2023,449.89
CUST01305,ORDB2C91E6A,7/7/2024,151.79
CUST01305,ORD43EE2A82,9/6/2024,166.47
CUST01305,ORD11E3AF47,6/12/2023,129.54
CUST01305,ORDC64924E7,7/13/2024,472.27
CUST01305,ORD80A11F0D,7/31/2024,298.92
CUST01305,ORD0E83F142,5/29/2024,380.01
CUST01305,ORD8DDA7922,11/17/2023,395.22
CUST01306,ORDA820808B,5/8/2024,216.36
CUST01306,ORD0CF52513,3/13/2024,378.03
CUST01306,ORD39D0749C,4/8/2024,429.55
CUST01306,ORD3EC5E25E,2/14/2025,324.34
CUST01306,ORD25E2FF8F,2/20/2025,105.54
CUST01306,ORD97EAA5FD,9/4/2024,161.57
CUST01306,ORD83742DAF,5/9/2024,434.51
CUST01306,ORDB9DC8D66,2/15/2025,298.46
CUST01306,ORD35BF8D17,1/5/2024,417.71
CUST01307,ORDBFF345B5,2/11/2024,27.09
CUST01307,ORD27FE1683,7/2/2024,107.29
CUST01307,ORD6F89391E,4/13/2024,388.82
CUST01307,ORDB543D306,1/2/2024,18.28
CUST01308,ORDA1E81A28,2/10/2025,458.84
CUST01308,ORDFC18F8F8,7/24/2024,11.72
CUST01308,ORDF0FFE7D9,12/26/2024,410.51
CUST01308,ORDFA9BB72B,1/13/2025,146.68
CUST01308,ORDB298B8F2,1/22/2025,171.42
CUST01308,ORD45D20F14,10/10/2024,373.68
CUST01308,ORDAEB91F97,7/4/2024,195.8
CUST01308,ORDBBDD34BA,8/18/2024,418.7
CUST01308,ORD49B8C6F5,11/20/2024,172.39
CUST01308,ORD127B9D56,4/23/2025,452.44
CUST01308,ORDE8ACEBE8,5/14/2024,32.58
CUST01308,ORD6829C129,2/20/2025,222.1
CUST01308,ORD4EAC4FF1,1/6/2025,449.47
CUST01309,ORD37799DAC,12/9/2024,216.82
CUST01309,ORD6E253615,12/26/2024,55.09
CUST01309,ORD12861128,12/19/2024,16.39
CUST01309,ORD5BC90C5B,10/15/2024,327.18
CUST01309,ORDC6B82E05,10/26/2024,458.91
CUST01309,ORD742F8870,12/26/2023,156.55
CUST01309,ORD435F6F48,12/1/2023,52.41
CUST01309,ORDD16A3817,6/12/2024,54.25
CUST01309,ORD375A80BF,4/11/2024,421.95
CUST01309,ORD96EE1536,8/11/2024,496.63
CUST01309,ORD61266AF9,10/17/2024,120.15
CUST01309,ORD651F4D74,5/22/2024,148.27
CUST01309,ORDA7D23E65,1/25/2025,405.8
CUST01310,ORDECAAF8B9,4/30/2024,168.73
CUST01310,ORDEDC1F32B,12/26/2023,205.42
CUST01310,ORDAF15A433,11/5/2024,410.79
CUST01310,ORD2FB5079D,4/4/2025,458.99
CUST01310,ORD6C457658,3/19/2025,141.74
CUST01310,ORDBAF82D3E,3/9/2025,313.12
CUST01310,ORDB38B355A,12/7/2024,30.56
CUST01310,ORDFCA8D4A8,2/23/2025,311.44
CUST01310,ORDE7B9C61F,3/2/2025,189.97
CUST01310,ORDAD5D23EB,10/20/2023,285.23
CUST01310,ORDDA225853,3/15/2024,105.38
CUST01310,ORD59407094,1/8/2025,215.65
CUST01310,ORDAE3B8AFB,4/9/2025,109.13
CUST01310,ORD8C2D7A2D,3/26/2025,281.44
CUST01310,ORDF263A186,10/10/2023,195.18
CUST01310,ORD26059AC5,5/28/2024,365.55
CUST01310,ORD0A37B4B6,10/7/2023,286.65
CUST01310,ORDEA4AD385,2/23/2025,208.58
CUST01311,ORD3B4F8118,1/5/2024,307.4
CUST01311,ORDDCCB3993,3/26/2024,394.61
CUST01311,ORD27C1A362,1/13/2024,268.7
CUST01311,ORD58245021,1/24/2025,274.57
CUST01311,ORD9DB4238B,12/16/2024,283.43
CUST01311,ORD5C06256F,12/3/2023,264.82
CUST01311,ORD1DD24FCE,11/17/2024,321.29
CUST01311,ORDB66F5B2F,5/25/2024,67.97
CUST01311,ORD0CFA95A1,1/30/2024,269.28
CUST01311,ORD1B40FF8D,12/14/2023,344.24
CUST01311,ORDAB409BC3,11/19/2024,324.01
CUST01311,ORD4B4DAD39,4/16/2025,392.98
CUST01311,ORD3127D504,2/10/2024,45.6
CUST01312,ORD1575F7DB,3/10/2024,191.79
CUST01313,ORDF69C0F31,2/6/2024,220.09
CUST01313,ORD5ABAF7A2,3/9/2024,187.88
CUST01313,ORD15439C72,1/5/2025,423.51
CUST01313,ORDA3685116,2/17/2024,288.98
CUST01313,ORD772022FD,9/1/2024,449.43
CUST01313,ORD9E28EF66,2/5/2025,21.45
CUST01313,ORD36A06D22,8/2/2024,301.4
CUST01313,ORDFC73B01A,8/30/2024,71.99
CUST01313,ORD7AC5BF36,3/10/2025,472.2
CUST01313,ORDE90D030F,11/25/2024,75.02
CUST01313,ORD5FD7CA80,2/25/2025,441.78
CUST01313,ORDBFEC1CB5,12/21/2024,384.36
CUST01313,ORDB08E50DF,11/14/2024,185.67
CUST01313,ORD17314A8F,11/21/2024,426.14
CUST01313,ORD742E3523,3/2/2024,319.22
CUST01313,ORDBAD66960,1/11/2024,292.88
CUST01313,ORD21C46FE9,1/21/2025,417.21
CUST01313,ORDA7ADDC89,2/3/2024,101.52
CUST01313,ORD9181F747,11/26/2024,17.2
CUST01314,ORDA38AC9A3,2/5/2024,281.12
CUST01314,ORDA88376C5,4/26/2024,12.86
CUST01314,ORD612B8D0D,4/7/2025,472.37
CUST01315,ORDD51B25CB,3/25/2025,190.59
CUST01315,ORDA3BCAE45,11/10/2024,78.21
CUST01315,ORD882E6C3D,8/28/2024,45.69
CUST01315,ORDFB803E76,10/23/2023,235.88
CUST01315,ORD521585D0,11/9/2023,174.45
CUST01315,ORD1BF1793B,5/24/2024,164.03
CUST01315,ORDE72E0218,3/11/2024,479.1
CUST01315,ORD2557A89A,12/17/2024,235.68
CUST01315,ORDE36EEC44,3/9/2025,233.89
CUST01315,ORDE893C024,10/21/2024,355.97
CUST01315,ORD8919D10C,1/27/2024,338.77
CUST01315,ORD1EECF6D8,2/9/2025,77.61
CUST01315,ORD2C8A0734,5/19/2024,155.43
CUST01315,ORD7A9202D5,1/1/2024,305.04
CUST01315,ORD397A3B4A,11/24/2024,394.19
CUST01315,ORD8DD23562,11/10/2024,57.32
CUST01315,ORDFA149C6B,7/17/2024,339.76
CUST01315,ORD16852357,2/28/2024,419.04
CUST01315,ORD610185A5,3/16/2025,280.2
CUST01316,ORDA63631EB,11/20/2024,55.03
CUST01316,ORD250DC706,11/20/2024,359.26
CUST01316,ORDD2691B39,12/28/2024,207.38
CUST01316,ORDEC2BBAA3,7/15/2024,77.51
CUST01316,ORD49DD7D77,7/25/2024,140.47
CUST01316,ORD8C5A99FE,1/20/2024,89.73
CUST01316,ORDF0E9870E,1/24/2024,305.55
CUST01316,ORD765C7953,1/15/2025,243.99
CUST01316,ORD09CCEC27,10/2/2024,260.99
CUST01317,ORD83A73CB6,8/6/2024,230.15
CUST01317,ORD10DA4A9D,4/11/2025,407.47
CUST01317,ORD0279C552,3/8/2024,442
CUST01318,ORD563F1B6E,1/31/2025,363.29
CUST01318,ORDCDF1DF5D,10/31/2023,189.56
CUST01318,ORD38BC3CF8,8/11/2023,458.96
CUST01318,ORD1AB43395,8/13/2023,61.57
CUST01318,ORDE48D0B30,4/7/2024,281.24
CUST01318,ORDC9D0A211,11/7/2023,343.7
CUST01318,ORD82FF1220,3/10/2025,192.7
CUST01318,ORDBFCC2F5F,12/20/2024,418.39
CUST01318,ORD39415CC0,10/10/2024,32.23
CUST01319,ORD477D7AC1,3/25/2024,391.96
CUST01319,ORD4585B095,2/11/2024,71.95
CUST01319,ORD8600E7F4,12/18/2023,424.01
CUST01319,ORDD6897898,3/23/2025,79.35
CUST01319,ORD2A7FEDE2,8/7/2024,423.84
CUST01319,ORD38D74E83,3/20/2025,189.91
CUST01319,ORDFB5BDC54,6/27/2024,416.95
CUST01319,ORD6C5D7985,11/4/2024,358.05
CUST01319,ORD26D2ACC4,8/25/2024,18.85
CUST01319,ORD8557394A,12/20/2024,369.82
CUST01319,ORDA55630E6,3/1/2025,41.05
CUST01319,ORDACE9917D,9/29/2024,205.66
CUST01319,ORD5D45F3A2,12/13/2024,463.42
CUST01319,ORDE98E3235,1/21/2025,450.25
CUST01320,ORD6D079827,3/22/2025,144.8
CUST01320,ORDDE25C257,2/26/2025,35.89
CUST01320,ORD16438F11,9/8/2024,94.12
CUST01320,ORD0D5AA9FA,2/25/2025,415.37
CUST01320,ORDE83D5F15,4/27/2024,146.44
CUST01320,ORD6B409D41,2/8/2025,433.61
CUST01320,ORD4C78F16A,3/26/2024,496.02
CUST01320,ORD21D8CDCC,7/15/2024,256.52
CUST01320,ORD76681CF7,7/8/2024,460.58
CUST01320,ORD63CFFDFE,2/23/2024,309.4
CUST01320,ORDF8BEE894,10/5/2024,444.84
CUST01320,ORD30089423,9/19/2024,443.88
CUST01320,ORD001ACC02,8/5/2024,147.2
CUST01320,ORD31C3E4E6,7/5/2024,38.62
CUST01321,ORD63DE8795,8/22/2023,264.88
CUST01321,ORD09AE196E,2/1/2025,473.21
CUST01321,ORDE10C2C11,7/26/2023,410.25
CUST01321,ORDCF15FAF2,8/25/2023,99.56
CUST01321,ORD39B70429,6/24/2024,347.54
CUST01321,ORD7AB945A2,2/22/2025,361.37
CUST01321,ORDADEC57CD,12/20/2023,127.78
CUST01321,ORD67F90F32,9/25/2023,76.76
CUST01321,ORD09F7019F,4/5/2024,215.65
CUST01321,ORDEAE008CE,11/4/2024,200.85
CUST01321,ORDF2F558A8,9/19/2023,467.64
CUST01321,ORD280D52C4,10/1/2024,462.86
CUST01321,ORD9C27B796,12/27/2023,399.47
CUST01321,ORD90F96168,4/27/2025,192.84
CUST01321,ORD488A642A,6/16/2024,245.92
CUST01321,ORD8AD03B69,6/26/2024,38.87
CUST01322,ORDF6F0FAAE,2/28/2024,472.06
CUST01322,ORD5EC3A33E,3/5/2024,324.33
CUST01322,ORD81692183,7/10/2024,379
CUST01322,ORD216A367C,6/11/2024,38.91
CUST01322,ORDD209F51A,10/5/2024,66.92
CUST01322,ORD23360961,5/11/2024,192.18
CUST01322,ORD51054184,9/23/2024,10.5
CUST01322,ORDC27FD1D0,6/26/2024,97.22
CUST01322,ORDF0EF3830,8/20/2024,237.27
CUST01322,ORDE505E19A,3/4/2024,405.56
CUST01322,ORD46E37B87,1/5/2024,490.72
CUST01322,ORD73B8B791,7/21/2024,331.9
CUST01323,ORDDB9D09A9,11/19/2024,101.11
CUST01323,ORD7B66A92D,5/26/2024,49.63
CUST01323,ORDE18CB3B3,3/25/2024,441.25
CUST01323,ORDEF2DEBC9,2/13/2025,374.5
CUST01323,ORD9A8429F9,10/23/2024,121.43
CUST01323,ORDFDF247C4,2/10/2025,410.3
CUST01323,ORDD3C4F69F,3/21/2025,399.03
CUST01323,ORD44B2C720,12/18/2024,36.09
CUST01323,ORD8A0EDFFC,7/22/2024,289.06
CUST01323,ORDEE6C8BFD,12/7/2023,107.81
CUST01323,ORD73768BBA,8/18/2024,26.09
CUST01324,ORDE31884F1,1/30/2025,406.73
CUST01324,ORDCC70B6B3,8/25/2023,300.89
CUST01324,ORD0FE17A46,7/25/2023,343.44
CUST01325,ORDAF5E392C,4/16/2024,478.92
CUST01326,ORDDC85F6E9,1/6/2025,453.96
CUST01326,ORDF65DAD82,8/24/2023,416.69
CUST01326,ORD671B0DDB,1/28/2024,330.29
CUST01326,ORDF474559A,2/4/2025,439.86
CUST01326,ORD54680CA7,8/6/2024,291.26
CUST01326,ORDBACAC3B6,12/21/2024,163.01
CUST01326,ORDFD6DFCC5,1/4/2025,358.57
CUST01326,ORDFC9F761E,4/24/2024,352.57
CUST01326,ORDAA2B86BA,4/19/2024,121.23
CUST01327,ORD50B26E14,5/2/2024,400.75
CUST01327,ORDF570CFCD,12/1/2023,265.73
CUST01327,ORDF1561F6A,10/7/2023,212.47
CUST01327,ORDCCCD879C,9/7/2024,282.11
CUST01327,ORD28ED7E27,5/10/2024,114.54
CUST01328,ORD0B69BD42,6/10/2024,178.86
CUST01328,ORD1B061B50,6/9/2024,301.64
CUST01328,ORD4560E813,12/31/2024,146.72
CUST01328,ORD2004D9B8,9/17/2024,241.39
CUST01328,ORD54E657C4,2/1/2025,66.63
CUST01328,ORDA536FEBB,10/28/2024,419.8
CUST01328,ORD9972196C,3/31/2025,53.16
CUST01328,ORD50BCE6F4,9/25/2024,315.96
CUST01328,ORD50A2B9CE,6/2/2024,363.27
CUST01328,ORD284C1430,11/30/2024,463.59
CUST01328,ORDA539E2AF,6/15/2024,488.93
CUST01328,ORDB50641ED,5/8/2024,109.07
CUST01328,ORD8DCB0EFD,2/20/2025,162.32
CUST01328,ORD308BB9D4,12/12/2024,273.83
CUST01329,ORD1B9E4CFE,9/6/2023,451.83
CUST01329,ORD733A01AC,8/25/2023,365.42
CUST01329,ORDDC32F798,7/7/2024,44.65
CUST01329,ORD44B96B17,1/25/2024,136.33
CUST01329,ORD03E47280,7/30/2024,32.25
CUST01329,ORDA69E1F5B,12/27/2024,182.38
CUST01329,ORD62422B69,9/18/2024,285.13
CUST01330,ORDCFA7D5FC,11/4/2024,207.61
CUST01330,ORD961DD076,4/4/2025,345.46
CUST01330,ORDD3AF9812,8/27/2024,43.67
CUST01330,ORDEC8CEF91,4/28/2024,447.28
CUST01330,ORDA1B7CA99,8/16/2024,114.53
CUST01330,ORD27EACCC3,7/30/2024,442.01
CUST01330,ORDC2BFCC6F,3/22/2025,397.43
CUST01330,ORDC49E1A6E,6/25/2024,186.37
CUST01330,ORD7B40C2DD,4/9/2025,135.46
CUST01330,ORDF03E9ABE,8/31/2024,384.33
CUST01330,ORD776CADA4,9/10/2024,413.69
CUST01330,ORDAAD6102D,12/2/2024,175.32
CUST01330,ORD5529F8A7,7/16/2024,460.01
CUST01330,ORDA7E68289,4/2/2024,216.13
CUST01330,ORD6B2B44F0,3/3/2025,39.63
CUST01330,ORDF6E5B266,8/27/2024,432.4
CUST01330,ORD11E8ADA0,3/9/2024,489.72
CUST01330,ORD2359A811,4/16/2024,223.36
CUST01330,ORDF55EF7DB,11/24/2024,375.21
CUST01330,ORD268750F8,7/27/2024,229.42
CUST01331,ORD3CA7B254,12/8/2023,278.5
CUST01331,ORD8582290E,8/2/2024,494.97
CUST01331,ORDD49F46FA,3/1/2025,498.26
CUST01331,ORD81DB5470,9/8/2024,446.59
CUST01331,ORDD29D45EB,3/1/2025,466.16
CUST01331,ORD6083709B,6/15/2024,256.66
CUST01331,ORD87D7D4CD,9/30/2024,278.11
CUST01331,ORDE8E4E8D9,8/9/2024,484.16
CUST01331,ORD262D0642,1/21/2024,165.78
CUST01331,ORD9ABADBCF,4/18/2024,121.65
CUST01331,ORDF9075D80,8/10/2024,461.36
CUST01331,ORDB7FEFF85,6/23/2024,400.92
CUST01331,ORDEB2D5CB6,12/6/2023,319
CUST01331,ORD8939C996,1/16/2025,426.41
CUST01331,ORDF2AC92C6,12/11/2023,208.89
CUST01331,ORD297E60D7,12/10/2024,77.57
CUST01331,ORD56737427,2/10/2024,33.24
CUST01331,ORDE136E169,10/25/2024,173.66
CUST01331,ORD0F2226A8,2/11/2025,228.3
CUST01332,ORD518DD287,11/17/2023,464.24
CUST01332,ORD302BBFCC,9/20/2023,355.3
CUST01332,ORD21A44897,3/4/2025,202.8
CUST01332,ORD534F32A3,11/18/2023,230
CUST01332,ORDCBD910FD,11/14/2023,174.43
CUST01332,ORD556C1052,1/9/2024,49.23
CUST01332,ORDE64FE04C,12/9/2024,480.85
CUST01332,ORDE8200F7E,2/25/2025,88.13
CUST01332,ORD5FEF42A9,4/23/2024,286.64
CUST01332,ORDABF88F90,12/11/2024,367.3
CUST01332,ORD195A55AD,10/11/2024,14.77
CUST01332,ORDB960AAC1,6/22/2024,26.67
CUST01332,ORD69F77C3E,11/17/2023,469.09
CUST01332,ORD532E76B3,4/13/2025,452.13
CUST01332,ORDCA96E365,3/15/2024,169.03
CUST01333,ORDF5B034DF,4/13/2025,251.76
CUST01333,ORD312D2387,9/26/2023,352.92
CUST01334,ORDFF8D103F,7/26/2024,336.38
CUST01335,ORD3A0A17E8,9/6/2023,59.84
CUST01335,ORDA5720E96,10/19/2023,124.45
CUST01335,ORDF2C4E741,3/26/2025,476.01
CUST01335,ORD8C9F3561,3/10/2024,498.42
CUST01335,ORDDE6216C1,10/3/2024,236.72
CUST01335,ORDFE098F34,12/29/2024,258.68
CUST01335,ORDE0B676F3,11/4/2023,200.07
CUST01335,ORD6750BEB5,7/7/2024,304.5
CUST01335,ORD3D7760C2,11/4/2023,346.47
CUST01335,ORDA95D9BE2,10/5/2023,79.74
CUST01335,ORD77ACB793,10/31/2024,404.67
CUST01335,ORD09F0CFAC,12/10/2023,355.04
CUST01335,ORD4E626951,11/25/2024,228.14
CUST01335,ORD62B125FB,5/25/2024,200.64
CUST01335,ORD895C2A26,3/29/2024,346.5
CUST01335,ORD5821D118,2/15/2024,96.8
CUST01335,ORDB9FEBC18,1/16/2025,320.58
CUST01335,ORD06A19EAF,9/30/2024,209
CUST01335,ORD671BAFE0,1/27/2025,314.28
CUST01335,ORD40F11521,1/14/2025,460.49
CUST01336,ORD448C07E1,12/19/2023,410.61
CUST01336,ORD6B771A72,11/17/2024,466.76
CUST01336,ORD8D251727,2/5/2025,352.33
CUST01336,ORD81AD7F0C,1/16/2025,50.75
CUST01336,ORDB69CC738,3/5/2024,96.79
CUST01336,ORD68BC8300,3/27/2024,10.32
CUST01336,ORD6B845B2D,4/21/2024,50.52
CUST01336,ORD1D17BE71,9/15/2024,76.26
CUST01336,ORD240F636C,3/6/2024,224.49
CUST01336,ORDDBAD643A,3/17/2024,163.74
CUST01336,ORD6CC9549A,10/30/2024,399
CUST01337,ORDF541CA24,1/11/2025,185.1
CUST01337,ORD9EBDCE20,8/8/2023,481.37
CUST01337,ORD7D51318A,3/6/2025,15.18
CUST01337,ORD32F6ECB5,8/24/2024,431.37
CUST01337,ORD48DE9B26,7/1/2024,382.18
CUST01337,ORD6774371D,9/12/2023,352.82
CUST01337,ORD4AE81DE9,3/9/2024,34.88
CUST01337,ORD666EFCC1,1/26/2024,166.56
CUST01337,ORD99D5CABA,5/12/2024,175.26
CUST01337,ORDE1F6EF38,6/23/2024,432.78
CUST01337,ORDF2F1A717,1/11/2024,465.95
CUST01337,ORD9D6FF7C3,5/23/2024,454.19
CUST01337,ORDD281E67B,11/11/2023,180.04
CUST01337,ORD62696A4D,6/1/2024,400.99
CUST01337,ORD322C0965,8/5/2023,346.33
CUST01337,ORD6EAC5248,9/12/2024,298.22
CUST01337,ORD99D677C5,10/9/2024,225.68
CUST01337,ORD49FB13BD,6/8/2024,446.39
CUST01337,ORDCA67D359,11/19/2024,176.49
CUST01338,ORDAA098FFA,11/19/2023,148.43
CUST01338,ORDEB97A96B,7/22/2024,478.37
CUST01338,ORD955FA7A7,7/30/2024,251.23
CUST01338,ORD591CB40B,3/29/2024,384.84
CUST01338,ORD0C4379F9,7/5/2023,355.05
CUST01338,ORD78AE7A2D,12/4/2023,423.82
CUST01338,ORD7E730268,7/11/2023,237.21
CUST01338,ORDC15B45A7,1/10/2025,279.86
CUST01338,ORD32DFCF32,7/5/2023,466.07
CUST01338,ORDFA21A9CB,12/5/2024,357.07
CUST01338,ORD131F518C,2/21/2025,299.04
CUST01338,ORDC065D85F,3/22/2024,189.42
CUST01338,ORD9CEB2711,2/11/2024,23.74
CUST01338,ORDC3A43003,10/13/2024,122.99
CUST01338,ORDD0B75F54,9/29/2024,377.99
CUST01339,ORD45D6F01D,6/11/2024,33.59
CUST01339,ORD48AD7260,9/13/2024,491.46
CUST01339,ORD6ACBF1AE,12/9/2024,151.04
CUST01340,ORD31CB1D3E,10/3/2024,115.95
CUST01340,ORDC4DA67AC,1/2/2024,158.99
CUST01340,ORDD4293145,11/21/2024,363.47
CUST01340,ORDBA7162F6,1/16/2024,109.6
CUST01340,ORDD6F5E11B,4/16/2024,449.66
CUST01340,ORD46A1C7B3,3/26/2024,68.07
CUST01340,ORD56B580D4,3/1/2024,145.94
CUST01340,ORDCEB54277,10/14/2023,71.77
CUST01340,ORDA49EA0D7,3/25/2025,25.4
CUST01340,ORD791D17C3,4/13/2024,115.11
CUST01340,ORD47D81451,1/15/2025,32.35
CUST01340,ORD7BA7630E,11/30/2023,309.67
CUST01340,ORD6A03A693,7/14/2024,486.43
CUST01340,ORD2EE45A37,4/24/2025,149.26
CUST01340,ORD4237DAC5,11/20/2024,45.28
CUST01340,ORD5E9EEBA5,5/6/2024,156.95
CUST01340,ORD8EAF90E6,11/4/2024,310.58
CUST01340,ORDB061F09B,9/24/2024,55.96
CUST01340,ORDAD7AD989,10/23/2023,118.48
CUST01340,ORD15D2C53B,11/10/2023,330.43
CUST01341,ORDB98E787B,3/3/2025,312.13
CUST01341,ORD6C60B610,9/28/2023,95.39
CUST01341,ORD4E3DF8B1,12/20/2024,277.27
CUST01341,ORD7EBF0657,3/25/2024,179.59
CUST01341,ORDB7B700C9,6/10/2024,377.52
CUST01341,ORDCB0173AA,9/27/2023,455.56
CUST01341,ORD7987BA6E,7/16/2024,346.15
CUST01341,ORDB155386A,7/4/2023,176.83
CUST01341,ORD2D05F674,6/4/2023,32.4
CUST01341,ORD79A0AA1E,8/6/2024,200.08
CUST01341,ORD795693CE,11/18/2023,26.3
CUST01341,ORD383EA327,2/17/2024,209.7
CUST01341,ORDF4D26461,5/22/2024,248.58
CUST01341,ORD25A306C2,8/25/2023,470.88
CUST01341,ORD9F11F350,2/21/2025,16.39
CUST01341,ORD3555292A,1/29/2025,19.42
CUST01341,ORD449520BE,7/29/2024,289.88
CUST01341,ORD56152B09,6/17/2024,472.02
CUST01341,ORDE99EE64A,7/8/2024,455.33
CUST01341,ORDA18B1665,5/28/2023,278.27
CUST01342,ORD0BBE9818,1/11/2024,277.9
CUST01342,ORDD2A3D77D,3/3/2024,361.39
CUST01342,ORD3C9A5D60,11/22/2024,243.98
CUST01343,ORDC0093938,5/24/2024,391.36
CUST01343,ORD3EBF8F69,8/10/2024,448.76
CUST01344,ORD417C6666,11/21/2023,255.47
CUST01344,ORD2902D3C5,6/25/2024,350.25
CUST01344,ORDB9ECF5E9,12/19/2023,71.4
CUST01344,ORD2D10CBA8,8/14/2024,445.98
CUST01344,ORD5D757E8E,10/27/2023,116.72
CUST01344,ORD743FFBAD,12/17/2024,104.98
CUST01344,ORD50201260,1/21/2024,425.66
CUST01344,ORD1FFBE296,5/9/2024,160.31
CUST01344,ORD9F14A1F7,2/17/2024,352.46
CUST01344,ORD16DF8B32,4/10/2024,493.41
CUST01344,ORD68D8F523,12/22/2023,432.33
CUST01344,ORDAFF20944,1/13/2024,20.05
CUST01344,ORDD634AD42,4/5/2024,202.39
CUST01344,ORD738B29A2,1/23/2024,234.65
CUST01344,ORD070753F7,1/8/2024,381.79
CUST01344,ORD20250A48,7/28/2024,424.79
CUST01345,ORD7274DD7F,2/16/2025,170.76
CUST01345,ORDDA0BE075,3/10/2025,116.8
CUST01345,ORDED29F823,9/10/2023,320.11
CUST01345,ORD700CE2EB,9/20/2023,415.94
CUST01345,ORD3A3847DC,1/29/2025,45.71
CUST01345,ORD97C40AF2,8/20/2024,114.13
CUST01345,ORD7708ACA5,3/20/2025,195.95
CUST01345,ORD3A5A99D7,3/6/2025,135
CUST01345,ORD697A27B3,1/15/2024,450.43
CUST01345,ORDB23BE061,3/1/2025,99.99
CUST01345,ORD474FBAF4,12/27/2023,61.83
CUST01346,ORDA9EF34F9,3/17/2024,134.84
CUST01346,ORDC79C37E8,12/14/2024,295.24
CUST01346,ORDE51A19E5,11/2/2024,317.59
CUST01346,ORDD2052B78,8/31/2024,334.13
CUST01346,ORDB5E7A285,12/11/2024,290.61
CUST01346,ORDEB790311,2/4/2025,391.76
CUST01346,ORDA07FC93E,11/8/2024,117.23
CUST01346,ORDB0C1B1D2,4/21/2024,118.45
CUST01346,ORD77165DEE,10/24/2024,172.2
CUST01346,ORD91D3B12D,1/24/2025,56.67
CUST01346,ORD7B19408F,8/24/2024,17.46
CUST01346,ORD34148FBE,4/14/2025,395.85
CUST01346,ORDDE60D8CE,1/6/2024,289.95
CUST01346,ORD7BE81D7E,12/27/2024,325.14
CUST01346,ORD1F2512BD,12/8/2024,447.25
CUST01346,ORD2F061BC5,9/27/2024,421.08
CUST01346,ORDA9EA8421,12/10/2024,32.73
CUST01346,ORD8A69757F,2/24/2024,129.7
CUST01347,ORD2785A469,3/6/2025,282.34
CUST01347,ORD8501EFDE,12/7/2024,212.86
CUST01347,ORDBD1E2F8C,4/17/2025,134.11
CUST01347,ORD184034C1,11/14/2023,16.83
CUST01347,ORD644ED929,10/15/2023,444.34
CUST01347,ORD8EADEA6E,8/15/2024,67.16
CUST01347,ORD6DD395C5,12/21/2024,198.17
CUST01347,ORD40FF2B79,6/3/2023,227.6
CUST01347,ORDFE31CCA4,8/23/2024,399.34
CUST01347,ORDCBECFF29,12/18/2023,311.97
CUST01347,ORD7296E956,9/21/2023,13.18
CUST01347,ORD9B6BD780,8/4/2024,449.23
CUST01347,ORD4F6AA3C6,3/15/2025,173.91
CUST01347,ORDC5D2B0AF,3/13/2024,487.89
CUST01347,ORDBEF71084,12/20/2023,456.93
CUST01347,ORD85AFB5DA,12/12/2024,173.7
CUST01347,ORDA4A45BE8,1/18/2025,439.46
CUST01347,ORDD8FFCD70,12/14/2023,285.66
CUST01348,ORD6A59260F,7/8/2024,231.06
CUST01348,ORD5B38C2D1,3/20/2024,430.03
CUST01348,ORD2154375F,4/13/2024,431.74
CUST01348,ORD937E3C48,4/22/2024,52.99
CUST01348,ORD5AC91CF3,12/25/2024,300.78
CUST01348,ORDE062358A,6/25/2024,300.86
CUST01348,ORD7263615C,5/22/2024,217.51
CUST01348,ORD9CDE0F33,4/8/2024,92.07
CUST01348,ORD04A832CB,1/4/2025,32.75
CUST01348,ORD4653B8F2,7/6/2024,477.09
CUST01348,ORD6E77FEAC,8/18/2024,127.73
CUST01348,ORD91C71C1E,3/15/2025,338.81
CUST01348,ORDEF67C3F0,1/21/2024,442.33
CUST01348,ORD00CA504D,12/26/2024,400.7
CUST01348,ORDEBCE95AC,3/22/2024,443.52
CUST01348,ORD0C8BCF0E,10/4/2024,79.32
CUST01348,ORDCA8FAC7D,11/27/2024,191.32
CUST01348,ORD883125B6,4/15/2025,265.12
CUST01349,ORD2A3C1301,6/25/2024,135.36
CUST01349,ORD28145372,2/14/2024,491.82
CUST01349,ORD473E2903,4/15/2025,446.06
CUST01350,ORDD63E5400,4/17/2024,71.78
CUST01350,ORDA59AB92C,10/9/2024,454.59
CUST01350,ORD83060C34,7/24/2024,66.12
CUST01350,ORDFB4BF8B3,3/17/2025,402.57
CUST01350,ORD8D37E8D4,2/14/2025,422.51
CUST01350,ORD006744C2,11/24/2024,120.57
CUST01350,ORDC045E309,2/8/2024,378.45
CUST01350,ORD0B3DA618,3/6/2025,13
CUST01350,ORD375D231E,8/21/2024,102.63
CUST01350,ORD094B2482,4/14/2025,353.21
CUST01350,ORD6F972D53,8/22/2024,92.44
CUST01350,ORDB21983C8,10/18/2024,327.05
CUST01350,ORD5CBDD928,10/22/2024,307.92
CUST01350,ORD5487ABB5,12/4/2024,333.52
CUST01350,ORDD02C1A4D,4/17/2025,43.09
CUST01350,ORD4EB3C3B2,2/21/2024,454.38
CUST01350,ORD92B58350,4/21/2025,266.97
CUST01350,ORD97087A22,8/6/2024,71
CUST01350,ORD13F27CA2,8/9/2024,290.7
CUST01350,ORD7ABFA2B0,4/15/2024,249.53
CUST01351,ORD847FEE46,2/28/2024,346.33
CUST01352,ORDA04CD362,6/29/2023,56.29
CUST01352,ORD2CF3EEB8,4/12/2024,62.14
CUST01352,ORD841ED83F,9/15/2023,64.91
CUST01352,ORD80CEF674,7/18/2024,223.9
CUST01352,ORD7480C66E,3/5/2025,272.41
CUST01352,ORD0660F7DA,4/9/2024,172.83
CUST01352,ORD45A79096,5/1/2024,279.79
CUST01352,ORDD1A105D9,8/8/2023,367.86
CUST01352,ORDE9206F4F,7/21/2024,441.56
CUST01352,ORDBC300C5E,6/5/2024,288.8
CUST01352,ORD2CD6FD1F,8/16/2023,237.24
CUST01352,ORD43D5FF80,10/13/2024,486.68
CUST01352,ORD0EA85B49,4/18/2024,92.06
CUST01352,ORD4C2D4C63,8/10/2024,348.46
CUST01352,ORD984F835C,11/15/2023,197.04
CUST01352,ORD97FF6577,4/18/2025,263.21
CUST01352,ORD106B0705,1/24/2025,357.33
CUST01352,ORD89B5C0BF,3/6/2025,377.7
CUST01352,ORD94E2AD49,7/5/2024,388.83
CUST01353,ORD0DCA114B,10/25/2024,244.59
CUST01353,ORD1F0AC6EA,12/5/2023,385.14
CUST01353,ORD2BC71285,8/3/2024,352.69
CUST01353,ORDC5D21C4C,3/19/2025,430.46
CUST01353,ORD7378770D,12/23/2023,42.91
CUST01353,ORD60ED80E2,4/6/2024,489.75
CUST01353,ORD2E0C21AA,3/2/2024,308.24
CUST01353,ORD78B471ED,4/12/2025,85.74
CUST01354,ORDA3DE88C2,11/18/2023,245
CUST01354,ORD807DC4D2,4/11/2025,94.47
CUST01354,ORDEB5FA16C,3/17/2024,259.44
CUST01354,ORD82625001,3/8/2024,172.53
CUST01354,ORD978E9A63,6/17/2024,442.21
CUST01354,ORD337CABCC,7/20/2024,434.45
CUST01354,ORD87C99AAA,6/29/2024,332.1
CUST01354,ORD441AE064,9/24/2024,497.76
CUST01354,ORD5136A24E,10/17/2024,77.67
CUST01354,ORDAFDA6CC2,4/21/2024,363.97
CUST01354,ORD708E5F7C,10/29/2023,243.62
CUST01354,ORDA9A7B840,1/27/2024,10.6
CUST01354,ORD8C0BB09A,9/14/2024,97.04
CUST01354,ORDF5A7E4DC,1/26/2024,114.74
CUST01354,ORD341DB29E,11/20/2024,154.33
CUST01354,ORD08CDC04E,5/13/2024,72.46
CUST01354,ORD9F92D066,7/27/2024,464.04
CUST01354,ORDF17DD9AF,12/21/2023,489.9
CUST01354,ORD665A4852,12/15/2023,76.28
CUST01355,ORD57DC3661,10/29/2024,38.99
CUST01355,ORDBD206445,3/16/2024,53.45
CUST01355,ORD008F52F4,1/8/2025,146.58
CUST01355,ORD1E238EB5,9/12/2024,493.83
CUST01355,ORD0587D9F4,7/17/2024,330.87
CUST01356,ORDD300CCD2,8/4/2024,463.03
CUST01356,ORD29461D5A,5/27/2024,431.52
CUST01356,ORDC8D59A5F,12/11/2024,376.41
CUST01356,ORD16E7C8D4,2/19/2025,42.36
CUST01356,ORD1021AF25,3/27/2025,487.23
CUST01357,ORD842309AB,11/1/2024,292.86
CUST01357,ORD493B3922,10/19/2024,358.16
CUST01357,ORD6777D4F2,8/15/2024,353.54
CUST01357,ORD0531C82F,11/16/2024,339.83
CUST01357,ORD92C60CA9,10/9/2024,370.5
CUST01357,ORD5C9D0196,11/8/2024,370.05
CUST01357,ORD5C054A1E,8/11/2024,72.51
CUST01357,ORD14BB5FF9,3/11/2025,320.68
CUST01357,ORD830246C8,11/12/2023,489.55
CUST01357,ORD25C11B4D,2/9/2025,145.73
CUST01357,ORD11CC9FF1,11/10/2023,360.05
CUST01357,ORDC63F2677,7/1/2023,83.14
CUST01358,ORD0CC4EEE8,3/22/2025,73.99
CUST01358,ORD9DC65605,6/19/2024,225.06
CUST01358,ORD4F7234E5,2/18/2024,186
CUST01358,ORDAFB02888,4/16/2024,465.88
CUST01358,ORD69194C10,11/27/2023,350.77
CUST01359,ORDCDF8AC52,6/10/2024,129.41
CUST01359,ORD01000ECB,6/19/2024,361.75
CUST01359,ORD574EC235,5/22/2024,30.3
CUST01359,ORD83AC7470,4/11/2025,390.65
CUST01360,ORD8B4ADA3B,12/23/2024,256.64
CUST01360,ORD59D7C05F,7/25/2024,214.79
CUST01360,ORD0682F194,6/4/2024,444.3
CUST01360,ORDC08B69D6,4/9/2024,209.51
CUST01360,ORDE0F51820,9/15/2023,203.98
CUST01361,ORDFA1470E8,9/6/2024,344.27
CUST01362,ORD5BF8445E,8/17/2024,178.77
CUST01362,ORDB7CE0283,4/12/2025,398.59
CUST01363,ORD8F8902EF,3/12/2025,468.1
CUST01363,ORD00FCA94A,11/1/2024,225.59
CUST01363,ORDE7524622,7/11/2024,235.2
CUST01363,ORD6C717B36,11/28/2024,204.96
CUST01363,ORDFCADD6CB,7/5/2024,296.44
CUST01363,ORD88F20D03,10/2/2024,309.44
CUST01363,ORD0FEA30C2,5/13/2024,119.88
CUST01363,ORDF9934A1C,2/27/2025,386.27
CUST01364,ORDAF156E4B,12/30/2024,329.36
CUST01365,ORD5A7DBB6E,1/17/2024,53.93
CUST01365,ORDD7FB9387,9/13/2023,344.49
CUST01365,ORD0CC16B4A,8/22/2024,408.35
CUST01365,ORD150AB6F2,12/28/2024,489.36
CUST01365,ORD42C7AE30,10/2/2023,46.27
CUST01365,ORD50573145,12/30/2023,156.28
CUST01365,ORDD8911964,4/16/2025,433.94
CUST01365,ORD5A4CF030,9/10/2023,30.03
CUST01365,ORD61A384B7,1/31/2025,473
CUST01365,ORDD99543E8,11/9/2023,295.2
CUST01365,ORD0D09FBF7,9/4/2024,478.34
CUST01365,ORD9066D540,3/9/2024,116.9
CUST01365,ORD1A70823C,9/15/2023,472.62
CUST01365,ORD9F26160A,11/17/2023,24.29
CUST01365,ORD5E32807E,5/22/2024,131.49
CUST01365,ORD53A35706,10/27/2023,483.03
CUST01365,ORD6E7D60A2,2/18/2024,275.19
CUST01365,ORD1382064D,8/7/2024,145.19
CUST01365,ORD4E9A6155,6/26/2024,313.84
CUST01365,ORD44EE2423,11/29/2024,202.02
CUST01366,ORD9EEDA5F1,9/1/2024,288.07
CUST01366,ORD85F53443,10/20/2023,402.71
CUST01366,ORD0D2B9A43,11/15/2024,109.48
CUST01366,ORD8648B0D1,3/10/2025,68.07
CUST01366,ORD74E5DA7D,11/25/2024,248.56
CUST01367,ORDDA7FC3DC,9/29/2023,37.38
CUST01367,ORD1E0762D9,5/26/2024,208.87
CUST01367,ORD23F11A25,10/18/2023,443.55
CUST01367,ORDDBCC2229,10/10/2024,484.73
CUST01367,ORD5F2A893F,1/3/2025,214.67
CUST01367,ORD418F0751,2/26/2025,485.16
CUST01367,ORDDCBD018B,11/14/2023,202.7
CUST01367,ORD0028F9CA,11/22/2024,477.48
CUST01367,ORDAA06330D,2/12/2024,439.74
CUST01367,ORD983907EE,10/3/2023,29.88
CUST01367,ORD0AA9B9F4,8/16/2024,124.6
CUST01367,ORDBF5147FC,2/14/2025,203.06
CUST01367,ORD4D82395B,9/8/2024,84.96
CUST01367,ORDD2545CCA,11/9/2024,289.46
CUST01367,ORD9FA7D863,10/29/2024,404.05
CUST01367,ORD4EA28CEC,2/11/2025,187.4
CUST01367,ORDA33ACAD5,1/7/2025,39.62
CUST01368,ORDB46C3D62,3/4/2024,150.6
CUST01368,ORDD6A1CB17,8/8/2024,383.9
CUST01368,ORD8541DDF8,3/1/2024,134.82
CUST01368,ORD2EFCB6F3,2/9/2025,331.45
CUST01368,ORD026F8A79,9/6/2024,226.08
CUST01368,ORD787FF11B,3/26/2025,221.43
CUST01368,ORDF9AFFF1F,1/3/2024,490.05
CUST01368,ORDC7B5BC13,11/18/2023,345.58
CUST01368,ORDDAF8CD49,2/1/2024,306.28
CUST01368,ORD8277336B,3/23/2025,102.4
CUST01368,ORDB7546158,10/30/2024,120.11
CUST01368,ORD1B83865E,1/7/2024,214.25
CUST01368,ORD29944198,2/9/2025,14.18
CUST01368,ORDCA7B9E5D,4/21/2025,327.14
CUST01368,ORD55599E52,4/24/2024,194.7
CUST01368,ORDCC1F8F6E,11/28/2023,232.27
CUST01368,ORD9E6571F9,5/8/2024,73.44
CUST01368,ORD33920D15,4/6/2024,92.78
CUST01368,ORD2CF1FB59,3/17/2024,76
CUST01369,ORDBD12197B,4/21/2024,53.35
CUST01369,ORD49699853,3/1/2025,484.64
CUST01369,ORD057DE69A,2/1/2025,135.31
CUST01369,ORD72086DF4,2/12/2025,395.06
CUST01370,ORD14B9D793,5/19/2024,460.62
CUST01370,ORD4F2A39EB,12/21/2024,372.03
CUST01370,ORD73E40E52,4/25/2025,471.01
CUST01370,ORDA4654C10,12/18/2024,281.85
CUST01370,ORDCDFAA8BB,12/1/2024,167.08
CUST01371,ORDBAEDC522,12/10/2024,59.69
CUST01371,ORD4289289E,3/19/2024,262.2
CUST01371,ORDFD80B713,6/9/2024,261.49
CUST01371,ORDE8093380,9/25/2024,444.28
CUST01371,ORDF7FC3679,8/30/2023,29.25
CUST01372,ORD411368F0,12/15/2024,475.08
CUST01372,ORD4B50E273,2/3/2024,301.12
CUST01372,ORD8817618D,8/9/2024,346.75
CUST01372,ORD1A4980EC,12/15/2024,58.06
CUST01372,ORDDA3895FA,1/14/2025,315.16
CUST01372,ORD4B0E4108,1/1/2024,209.71
CUST01372,ORD3FFCCC85,7/4/2024,323.34
CUST01372,ORD8E513F39,1/30/2024,364.93
CUST01372,ORD7C86A1CB,7/25/2023,454.65
CUST01372,ORDDE389BE1,7/16/2023,358.5
CUST01372,ORD065535A0,2/4/2025,332.43
CUST01372,ORD73233901,2/10/2025,289.74
CUST01372,ORD5950D9F8,2/3/2024,196.33
CUST01372,ORDEB0923D0,10/17/2023,118.1
CUST01372,ORDD44C47F9,4/17/2025,284.26
CUST01372,ORD1D4BCAE3,11/18/2024,404.45
CUST01373,ORDB4839AF1,7/28/2024,362.88
CUST01373,ORDCD068D4C,3/15/2025,481.58
CUST01373,ORD3DD0BAAF,2/3/2025,148.05
CUST01373,ORDC62AA93E,12/24/2024,235.86
CUST01373,ORD9D85D547,1/14/2025,479.42
CUST01374,ORDA8450F22,8/7/2024,336.69
CUST01374,ORD14BDE8A6,1/24/2025,188.69
CUST01374,ORD3E8085FA,11/18/2024,125.57
CUST01374,ORDA850582E,12/30/2024,130.31
CUST01374,ORDEE715D5B,2/28/2025,475.13
CUST01374,ORDEAD8B4D8,9/3/2024,475.19
CUST01374,ORDA8CEBA63,4/17/2025,27.02
CUST01374,ORD177586AC,2/5/2025,347.87
CUST01374,ORD32EEAC80,4/11/2024,48
CUST01374,ORD8E60B324,4/12/2024,356.14
CUST01374,ORD1F5EB39D,1/18/2025,189.26
CUST01374,ORDE9EBA135,10/20/2024,337.55
CUST01375,ORD98E8D12B,9/4/2024,208.78
CUST01375,ORDE3311AD7,3/18/2024,193.19
CUST01375,ORDC85A5A95,7/6/2024,362.2
CUST01375,ORD5ABC851A,1/13/2024,191.2
CUST01375,ORDFAA4191A,10/5/2023,238.78
CUST01375,ORD97B5E322,4/4/2025,366.6
CUST01375,ORD12C570D6,9/7/2023,458.91
CUST01375,ORD2F47AA4D,4/9/2025,286.22
CUST01375,ORDF034AB41,1/26/2025,141.6
CUST01375,ORD63A92B58,12/23/2024,172.1
CUST01375,ORD6E8294DF,8/12/2024,232.23
CUST01375,ORD6234C1A5,1/15/2025,297.54
CUST01375,ORDE1D34758,8/27/2023,448.51
CUST01375,ORD093DE77E,4/7/2025,400.77
CUST01375,ORD8D8F6AF5,3/22/2025,141.44
CUST01375,ORDA29E8F4C,9/16/2023,388.32
CUST01376,ORD0D19A927,9/13/2024,474.02
CUST01376,ORD6E6EEFCF,3/4/2024,186.64
CUST01376,ORD02B853DF,8/5/2024,127.57
CUST01376,ORDAAEB734A,4/22/2024,191.65
CUST01376,ORD49D9D1C9,3/3/2024,241.37
CUST01376,ORD30055EA7,9/2/2024,430.05
CUST01376,ORD54F32665,2/10/2025,202.58
CUST01376,ORD63420F15,1/8/2024,466.28
CUST01376,ORDD5EC9988,12/21/2023,301.38
CUST01376,ORD72CAD8EA,4/27/2025,256.37
CUST01376,ORD4D69EB75,3/22/2024,481.51
CUST01377,ORD371CA698,1/28/2025,221.14
CUST01377,ORD2EC7A4F5,10/9/2023,453.91
CUST01377,ORD45F32AC2,9/12/2023,71.97
CUST01378,ORD565EF374,1/13/2025,178.2
CUST01378,ORD843F7EE2,8/12/2024,191.27
CUST01378,ORD5FEF031B,12/16/2024,272.39
CUST01378,ORDBF312D9E,10/20/2024,455.05
CUST01378,ORD24A6C2FC,10/2/2023,290.62
CUST01378,ORD95228480,2/23/2024,463.39
CUST01379,ORDE29087B7,3/7/2024,459.36
CUST01379,ORD71E1EB6C,9/22/2024,160.11
CUST01379,ORDF233AC8B,7/22/2024,52.89
CUST01379,ORD1F64CC7F,9/28/2024,177.43
CUST01379,ORDDBDFBE1A,2/9/2025,382.6
CUST01379,ORD5A859E74,1/29/2024,302.01
CUST01379,ORD9FF5F0A4,9/13/2024,168.32
CUST01379,ORD62B4694D,8/21/2024,470.58
CUST01379,ORD034253DB,7/13/2024,292.1
CUST01379,ORD645E150C,1/31/2024,204.57
CUST01379,ORD04DAF4AA,3/27/2025,423.68
CUST01379,ORD631604C8,1/7/2024,99.04
CUST01379,ORDF415F7CA,2/13/2024,428.19
CUST01379,ORD3C30C681,1/6/2024,127.37
CUST01379,ORDEE5E0005,2/15/2024,232.07
CUST01379,ORD91F17C3C,3/25/2024,490.61
CUST01379,ORDEE296F97,11/30/2024,76.99
CUST01379,ORDF53CA3F7,3/3/2025,190.29
CUST01379,ORD3ACCC430,8/3/2024,361.53
CUST01379,ORD9336B69B,8/26/2024,493.78
CUST01380,ORDD690EE38,2/8/2025,98.98
CUST01380,ORD6DAEEE21,4/18/2025,70.04
CUST01380,ORDC4EC5A3A,1/16/2025,408.68
CUST01380,ORD08799723,10/8/2024,35.79
CUST01380,ORD599A9271,6/13/2024,337.17
CUST01380,ORD62F14995,10/28/2024,139.74
CUST01380,ORDD8994CAA,9/10/2024,276.79
CUST01380,ORD61F040D8,5/24/2024,105.75
CUST01380,ORD528E0D93,10/19/2024,398.39
CUST01381,ORD53442838,3/12/2025,471.07
CUST01381,ORD13ABACF9,6/29/2023,410.12
CUST01381,ORDE8B6962F,7/20/2023,157.49
CUST01381,ORDFB1A28F0,8/10/2023,165.2
CUST01381,ORDA15A64DC,10/9/2024,161.38
CUST01381,ORDFA70B423,7/4/2024,362.01
CUST01382,ORD02CA1354,1/2/2024,231.87
CUST01382,ORD4F55B749,8/29/2024,212.2
CUST01383,ORD06A3626E,10/29/2024,120.74
CUST01383,ORD8749AF14,3/14/2025,480.91
CUST01383,ORDE4D6B94B,2/22/2025,343.53
CUST01383,ORDD59E6F26,4/23/2025,18.86
CUST01383,ORD47A68589,1/15/2025,271.74
CUST01383,ORD0C123133,6/19/2023,346.27
CUST01383,ORDB1F6C311,9/5/2023,69.77
CUST01383,ORD758282F2,10/31/2023,470.67
CUST01383,ORD2D48FDC7,12/19/2024,412.76
CUST01383,ORDB4680EF2,6/23/2023,460.68
CUST01383,ORD6D3D243D,4/1/2025,79.62
CUST01383,ORDA8D4ABAF,8/27/2023,68.92
CUST01383,ORDCEC7F26D,7/14/2023,190.5
CUST01383,ORD39E104CA,2/25/2024,279
CUST01383,ORD17C6990D,1/21/2024,55.27
CUST01384,ORDABCEE557,1/12/2024,147.62
CUST01384,ORD4E352A31,3/25/2024,86.65
CUST01384,ORD7D0BCC25,2/28/2025,187.75
CUST01384,ORDE5FF64EE,12/21/2024,485.04
CUST01384,ORD92043DB4,12/5/2023,146.89
CUST01384,ORDB9F54BE9,6/22/2024,449.17
CUST01384,ORDC6A4F25E,2/2/2024,222.14
CUST01384,ORDC2632426,4/21/2025,453.86
CUST01384,ORD5D0D25E2,4/1/2025,400.78
CUST01384,ORD6867C777,1/4/2024,137.28
CUST01384,ORDCBB9D361,2/15/2024,423.63
CUST01384,ORDF799D799,1/19/2025,328.74
CUST01384,ORD9969ADBD,7/8/2024,342.57
CUST01384,ORDB01DC303,1/16/2025,33.82
CUST01384,ORDDDF45C1E,5/25/2024,253.64
CUST01384,ORD4241F74A,11/18/2023,324.98
CUST01384,ORD0D48D69F,12/20/2023,90.16
CUST01384,ORDB8140402,9/10/2024,327.57
CUST01385,ORD27240938,8/19/2023,348.84
CUST01386,ORD58D08E4E,6/23/2024,400.35
CUST01386,ORD953DFCC3,9/12/2023,438.9
CUST01386,ORD92765975,11/5/2023,411.97
CUST01386,ORD8C2134F3,2/11/2024,119.06
CUST01386,ORDDC50AA8A,8/12/2024,227.91
CUST01386,ORD5A1F5770,9/5/2024,231.95
CUST01386,ORDB0C29FE1,4/9/2025,292.88
CUST01386,ORD997BC28C,7/2/2024,206.15
CUST01386,ORD0CD1A8FD,3/31/2025,168.72
CUST01386,ORD0EB2193B,3/24/2024,102.27
CUST01386,ORDC2190A8C,7/25/2024,239.33
CUST01386,ORD2696A4C6,8/15/2024,64.62
CUST01386,ORD364A8105,10/23/2024,456.4
CUST01386,ORDC757E079,2/22/2024,326.4
CUST01387,ORDD64590BF,9/8/2024,463.25
CUST01387,ORD8BDAD655,8/27/2024,318.36
CUST01388,ORDFC15AA75,1/2/2024,409.49
CUST01388,ORD79B2A003,6/5/2024,408.7
CUST01388,ORD975ED90A,2/6/2025,466.89
CUST01388,ORDD58C23E3,4/15/2025,40.81
CUST01388,ORDD4E02E60,8/3/2023,464.51
CUST01388,ORDBB21EE9E,2/8/2025,190.07
CUST01388,ORDD3B39DDD,10/29/2023,328.05
CUST01388,ORD21727E7E,2/2/2024,332.56
CUST01388,ORD0447ECDF,4/29/2024,32.36
CUST01388,ORD0BFA8272,8/24/2023,22.41
CUST01388,ORD8FFF642C,8/11/2024,84.47
CUST01388,ORD5BD18C22,12/22/2024,429.6
CUST01389,ORD4DAC0C25,12/26/2024,367.45
CUST01389,ORD3746A38B,6/9/2024,42.2
CUST01389,ORDFB22CA8E,9/1/2024,101.29
CUST01389,ORD32F7C1EB,5/7/2024,236.93
CUST01389,ORDB8E230A0,12/7/2024,424.87
CUST01389,ORD9D8781B8,4/7/2025,105.49
CUST01390,ORD80FC8554,11/3/2024,22.97
CUST01390,ORD77A9FA8D,8/2/2023,157.55
CUST01390,ORD265B45AC,10/15/2024,484.15
CUST01390,ORD8AE20592,5/26/2024,349.23
CUST01390,ORD59361548,1/1/2025,70.47
CUST01390,ORD2DB13207,7/11/2023,460.05
CUST01390,ORD2542317A,7/26/2024,383.9
CUST01390,ORD04F03738,11/30/2023,269.25
CUST01390,ORD2AA974F5,1/14/2024,317.5
CUST01390,ORD5F40CDFB,5/4/2024,52.55
CUST01390,ORD369BAF11,9/9/2024,496.79
CUST01390,ORDE8D43449,6/28/2024,455.13
CUST01390,ORD2FE3DD92,6/23/2023,107.25
CUST01390,ORD7D93674C,5/15/2024,107.08
CUST01391,ORDD34D78C7,1/24/2024,179.47
CUST01391,ORD39719F6A,5/23/2024,357.5
CUST01391,ORD3CFCB3CC,2/11/2024,263.87
CUST01391,ORD3A4D2ADF,4/19/2025,201.48
CUST01391,ORD2EDA8F11,9/4/2023,454.18
CUST01391,ORD5822A62D,1/20/2025,23.13
CUST01391,ORD03EB1751,7/25/2024,325.99
CUST01391,ORD43BB49AC,5/2/2024,292.05
CUST01391,ORD86316425,7/6/2024,319.27
CUST01391,ORD10F7AF69,3/13/2024,247.47
CUST01391,ORD329AA0C5,12/5/2023,130.6
CUST01391,ORDB4D3C0F0,9/29/2023,72.63
CUST01391,ORD2EA0351F,8/23/2023,193.03
CUST01391,ORD8F88A99D,10/6/2024,311.53
CUST01391,ORD5731AD3A,4/2/2025,415.35
CUST01391,ORDFC8D917A,12/31/2024,431.31
CUST01391,ORD8694AC2B,11/9/2023,344.61
CUST01391,ORD103FC630,6/20/2024,455.68
CUST01391,ORD3A52BD95,6/30/2024,82.7
CUST01391,ORDE3215E65,11/3/2024,83.88
CUST01392,ORD13D9CA7F,4/5/2025,121.15
CUST01392,ORD12D4ADC0,12/23/2024,311.81
CUST01392,ORDBD02A5BD,3/11/2025,447.87
CUST01392,ORD2CE01475,3/28/2025,305.66
CUST01392,ORD14D45AE7,8/17/2024,95.41
CUST01392,ORDF990F91D,9/7/2024,150.79
CUST01392,ORDF84E036C,12/30/2024,427.9
CUST01392,ORD777177FC,8/8/2024,348.68
CUST01392,ORDB0ACB489,2/28/2025,415.87
CUST01392,ORD6D4458D0,6/12/2024,393.04
CUST01392,ORD42FF40EF,11/1/2024,118.81
CUST01392,ORD217E5F06,2/28/2025,183.48
CUST01392,ORD54CF4ED1,5/25/2024,73.31
CUST01392,ORD6FD5E6B6,10/1/2024,217.38
CUST01392,ORDAEEA9603,8/28/2024,52.68
CUST01393,ORD985694F8,10/9/2024,486.28
CUST01393,ORD108B2B38,9/15/2023,240.08
CUST01393,ORD9D625FD4,7/18/2024,54.9
CUST01393,ORD904C90F0,3/3/2024,33.99
CUST01393,ORD5FE9EC5F,4/25/2024,488.3
CUST01393,ORDE94DCE43,8/20/2024,32.33
CUST01393,ORD48808940,3/25/2024,101.84
CUST01393,ORDDC894B85,12/6/2023,307.5
CUST01393,ORD788691FE,4/28/2024,396.08
CUST01393,ORD7494135D,1/17/2024,69.19
CUST01393,ORD10DB2BBA,12/27/2023,257.78
CUST01393,ORDE9067CC0,1/28/2025,87.61
CUST01394,ORDCC130253,10/28/2024,196.76
CUST01394,ORD6CFF7975,5/15/2024,58.35
CUST01394,ORDBB694FA3,2/3/2024,250.78
CUST01394,ORDA693A1CF,2/13/2024,86.43
CUST01394,ORD566856B3,10/5/2023,58.89
CUST01394,ORD14CA891F,2/12/2024,325.96
CUST01394,ORD22D4716C,1/29/2025,476.55
CUST01395,ORD3E143563,4/11/2024,118.91
CUST01395,ORDFDF1A68D,4/13/2024,481.75
CUST01395,ORD6DD50BBF,6/24/2024,342.11
CUST01395,ORDD6C9BAAB,8/5/2024,319.74
CUST01395,ORD80971421,10/3/2023,99.61
CUST01395,ORD0066FEE5,2/13/2024,53.92
CUST01395,ORD18EBD906,11/22/2024,430.92
CUST01395,ORD43BB585D,1/25/2024,336.45
CUST01395,ORD1B3472E5,10/17/2024,422.49
CUST01395,ORD6A64327D,11/10/2024,223.02
CUST01395,ORD59B6FCAE,2/18/2025,356.65
CUST01395,ORD9F1752D9,8/31/2024,138.45
CUST01395,ORDE303F72E,1/23/2024,431.17
CUST01395,ORD56055F3E,8/25/2024,391.88
CUST01395,ORDFE409152,5/27/2024,244.45
CUST01395,ORD8A0D9F9E,6/13/2024,168.91
CUST01395,ORDD827E40C,6/22/2024,379.34
CUST01395,ORDEC6653B5,1/3/2024,74.2
CUST01396,ORD6E2B8654,12/4/2024,490.04
CUST01396,ORD45E0213C,9/23/2024,482.44
CUST01396,ORD80B20B77,12/19/2024,491.25
CUST01396,ORDBF1A9F0A,2/6/2025,491.41
CUST01396,ORD5FF2D2EA,12/1/2024,79.4
CUST01396,ORD32A6ED6C,4/14/2025,89.08
CUST01396,ORD50FEB7FE,4/19/2024,358.91
CUST01397,ORDED21BE62,6/14/2024,321.02
CUST01398,ORDBA28755D,10/23/2023,153.1
CUST01398,ORD0BEFB95F,2/25/2024,498.6
CUST01398,ORD39D28B6F,10/15/2023,179.59
CUST01398,ORDE5F0BDF6,4/23/2025,495.29
CUST01398,ORD27C4DA28,7/13/2023,430.45
CUST01398,ORD9B824169,9/10/2024,287.38
CUST01398,ORD88EB236B,3/30/2024,361.5
CUST01398,ORD5EAB9739,2/5/2024,335.85
CUST01398,ORD9EACD25E,6/22/2024,345.81
CUST01398,ORDA1F9021B,7/19/2023,431.51
CUST01398,ORD68BEAF27,1/27/2024,97.53
CUST01398,ORD6C45BDA2,3/14/2025,479.59
CUST01398,ORD006A82F7,1/24/2025,208.46
CUST01398,ORD8D4F4CB3,8/13/2024,194.74
CUST01398,ORD328AD99F,2/5/2025,412.32
CUST01398,ORDE713DDC3,10/26/2024,312.79
CUST01398,ORD8B06279E,7/23/2024,496.6
CUST01398,ORD18BE4B52,11/24/2024,113.42
CUST01398,ORD9F7EA7FF,3/31/2025,331.48
CUST01398,ORDE667AA7F,7/24/2023,451.11
CUST01399,ORD83AA43C5,9/13/2024,418.23
CUST01399,ORD0DF08790,6/17/2024,321.36
CUST01399,ORDCE72F303,12/14/2024,363.81
CUST01399,ORDB0898796,4/10/2025,433.6
CUST01399,ORDF968CA43,6/18/2024,129.87
CUST01399,ORDA35A044A,12/1/2023,428.99
CUST01399,ORD53A17727,5/4/2024,66.22
CUST01399,ORDCE8A895E,3/29/2025,37.16
CUST01400,ORDD7491289,2/26/2024,345
CUST01400,ORDA1CE28BE,3/18/2025,250.97
CUST01400,ORDB6A10D83,8/15/2024,61.23
CUST01400,ORD49189A19,10/30/2023,125.79
CUST01400,ORD280CE81D,7/15/2024,247.93
CUST01400,ORD38039BF7,9/27/2023,164.48
CUST01400,ORD0AD5A0DE,2/27/2024,429.82
CUST01400,ORD329C140F,4/26/2025,475.39
CUST01400,ORD110F1E6C,11/29/2024,388.36
CUST01400,ORD0CE977D3,10/15/2024,330.07
CUST01400,ORDF9C21DC2,8/8/2024,168.74
CUST01400,ORD9A4EC048,11/8/2024,16.64
CUST01400,ORD9058DFCA,6/17/2024,333.4
CUST01401,ORDA6EFBFB4,11/4/2024,389.64
CUST01401,ORDE76E2EA1,3/21/2025,95.51
CUST01401,ORDA406F838,2/20/2024,333.94
CUST01401,ORDD3EDDB3E,5/19/2024,259.27
CUST01401,ORD87846464,11/21/2024,150.54
CUST01401,ORDB356737C,2/21/2024,205.66
CUST01401,ORDF8731215,2/28/2024,289.75
CUST01401,ORD52D4021B,11/3/2024,362.85
CUST01402,ORDA221DC9F,6/24/2024,199.2
CUST01402,ORD9D7063D0,4/28/2024,163.78
CUST01402,ORD1D22E92B,10/9/2024,145.66
CUST01402,ORDCA981AA9,3/18/2025,243.31
CUST01402,ORDC7F9FA94,12/7/2024,187.15
CUST01402,ORDD7732935,9/22/2023,133.2
CUST01402,ORDFADC716D,3/14/2024,45.63
CUST01402,ORDE9AC1436,2/25/2024,95.4
CUST01402,ORD58B62BA6,2/13/2025,316.84
CUST01402,ORD8D7F3A37,7/25/2024,42.97
CUST01402,ORD21132CCA,2/19/2024,52.37
CUST01402,ORD59FA54F1,10/5/2024,488.9
CUST01403,ORDE88A9AAD,8/11/2024,45.29
CUST01403,ORD12FFB233,3/20/2025,287.45
CUST01403,ORDE628A808,8/20/2024,459.97
CUST01403,ORD4583E6A9,8/26/2024,177.69
CUST01403,ORD4C6F6C73,9/10/2024,219.85
CUST01403,ORD422BE924,2/7/2025,18.28
CUST01403,ORD70BC0E6B,12/28/2024,467.34
CUST01403,ORD7654471A,9/4/2024,54.75
CUST01403,ORDB749F805,4/29/2025,363.24
CUST01404,ORD726D264B,1/6/2025,492.54
CUST01404,ORDA7E16A74,4/4/2024,299.56
CUST01404,ORDEFD768F2,3/10/2024,230.92
CUST01404,ORD87F884B7,3/23/2024,253.36
CUST01404,ORD42B88658,4/1/2024,404.38
CUST01404,ORDDA166AD4,12/27/2024,39.5
CUST01404,ORD5ECCF870,4/22/2025,403.68
CUST01404,ORD5241FF9D,9/2/2024,407.49
CUST01404,ORD11A5F155,3/3/2025,18.9
CUST01404,ORD91D73D16,6/29/2024,92.68
CUST01404,ORD0E2E0F32,7/18/2024,488.43
CUST01404,ORD7B0E4462,12/30/2024,336.67
CUST01404,ORD58F1A564,2/7/2025,44.85
CUST01404,ORDDB4DD8B3,10/15/2024,434.77
CUST01404,ORD3A85FCC4,4/9/2025,253.1
CUST01404,ORD1E8D0794,12/8/2024,76.62
CUST01404,ORD44444EB4,12/8/2024,334.2
CUST01404,ORDC75C70FF,12/15/2024,83.34
CUST01404,ORD5A0D0F6C,2/28/2024,45.91
CUST01405,ORD9A972617,2/16/2024,290.07
CUST01405,ORDA580866C,7/12/2024,378.43
CUST01405,ORD008083D6,8/4/2024,220.7
CUST01405,ORD3873ADB8,5/7/2024,473.85
CUST01405,ORD7D20F79A,11/15/2024,207.73
CUST01405,ORD9F16B8AC,9/17/2024,270.67
CUST01405,ORD1E651F49,4/14/2024,327.16
CUST01406,ORD9DAA680A,6/14/2024,27.8
CUST01406,ORD763E37FA,9/5/2024,477.9
CUST01406,ORD45F7A50A,4/16/2024,242.54
CUST01406,ORDF63167AA,5/5/2024,46.35
CUST01406,ORD8E683AA6,3/23/2024,218.92
CUST01406,ORD7E51A56D,4/19/2025,447.67
CUST01406,ORD89181D1F,8/7/2024,123.35
CUST01406,ORDDAA08286,3/30/2024,400.97
CUST01406,ORDB8261744,2/20/2025,492.69
CUST01406,ORD0BD1D6E0,2/11/2025,100.83
CUST01406,ORD87814D40,2/27/2025,224.55
CUST01406,ORD614DC21C,4/21/2025,200.81
CUST01406,ORD2A4DEB2E,9/28/2024,384.67
CUST01407,ORD71ACB0FB,11/2/2024,479.98
CUST01407,ORDC4B54828,7/28/2024,350.77
CUST01407,ORDD257D6AC,8/17/2024,482.28
CUST01407,ORD09013363,12/17/2023,272.03
CUST01407,ORD103C1A53,11/21/2024,242.83
CUST01407,ORDA4372BBA,10/6/2024,276.9
CUST01407,ORDDE73C592,2/12/2025,182.68
CUST01407,ORD02893DFF,7/4/2024,421.92
CUST01407,ORD471A4926,2/8/2024,468.62
CUST01407,ORD281132FA,6/30/2024,470.95
CUST01407,ORDDDA64A27,3/22/2025,345.62
CUST01407,ORDBC9B2563,3/12/2024,451.05
CUST01407,ORD916154F1,1/26/2025,352.16
CUST01407,ORD064CF85B,4/12/2025,161.3
CUST01407,ORDFF24CE29,4/21/2024,66.49
CUST01408,ORD88F0EE44,2/11/2024,318.68
CUST01408,ORDEAAC6561,10/2/2024,197.29
CUST01408,ORD89A65D73,5/21/2024,161.3
CUST01409,ORDD7D64C52,10/3/2024,477.37
CUST01410,ORD09487FE2,8/20/2024,322.1
CUST01410,ORD37AC40F1,2/6/2025,99.03
CUST01410,ORD96DE4C5C,4/2/2025,71.1
CUST01410,ORDA82C75CD,4/19/2025,32.38
CUST01410,ORDAAB8B997,5/28/2024,69.32
CUST01410,ORD417D05E0,3/28/2025,43.93
CUST01410,ORD815C3633,10/10/2023,422.66
CUST01410,ORDF782FCBE,9/12/2024,389.55
CUST01410,ORDE75F8910,12/29/2023,248.28
CUST01410,ORDB5BE543F,8/31/2024,195.29
CUST01410,ORD029CB18F,12/5/2023,496.66
CUST01410,ORD6BC48763,1/6/2024,285.89
CUST01410,ORD49564605,1/9/2025,233.49
CUST01410,ORD36C1CF06,11/27/2024,461.61
CUST01410,ORDE034346D,9/13/2023,245.17
CUST01410,ORD575EDD08,9/7/2023,358.37
CUST01410,ORDC02BA2E5,5/12/2024,10.58
CUST01410,ORDDBCC34EF,1/31/2024,216.22
CUST01410,ORD0D3D952C,1/2/2025,285.02
CUST01411,ORD7802621E,2/10/2024,160.02
CUST01411,ORD732A6464,2/1/2025,276.93
CUST01411,ORDA3840D53,6/6/2024,383.63
CUST01411,ORDC874838A,8/20/2024,253.24
CUST01411,ORD3026C47F,8/8/2024,155.89
CUST01411,ORD2E4719F8,8/21/2024,229.43
CUST01411,ORDA57E5B97,11/1/2023,230.57
CUST01411,ORD0616C0D2,10/11/2023,161.66
CUST01411,ORD6251AA9D,1/18/2024,471.09
CUST01411,ORD2BD1C759,3/21/2024,215.7
CUST01411,ORDE16DC626,4/17/2024,108.64
CUST01411,ORDA5B2CAB2,8/4/2023,446.36
CUST01411,ORD8E608BBF,11/27/2023,219.05
CUST01412,ORDF614A254,8/27/2024,135.9
CUST01412,ORDD4A22579,8/24/2024,172.01
CUST01413,ORD62171B98,1/28/2024,209.29
CUST01414,ORDC4D29E68,7/6/2024,164.22
CUST01414,ORD89B7625D,12/1/2024,118.09
CUST01414,ORD13F79645,10/11/2023,107.6
CUST01414,ORD24FA528F,1/11/2025,298.54
CUST01414,ORD53B53437,2/3/2024,199.2
CUST01414,ORDEDCD3417,9/19/2024,143.48
CUST01414,ORDBC60D359,6/21/2024,219.05
CUST01414,ORD42599CCC,12/4/2024,101.37
CUST01414,ORD7D793E76,1/27/2024,237.56
CUST01414,ORD29D4EAB4,4/1/2025,48.75
CUST01414,ORDA05F2991,4/21/2024,442.54
CUST01414,ORD8A5D7D26,11/5/2023,287.06
CUST01415,ORDCB463BF6,12/3/2024,77.3
CUST01415,ORD06EFA3F8,2/15/2024,351.01
CUST01415,ORD5C89049B,4/13/2024,119.14
CUST01415,ORD63D020EB,2/16/2024,110.89
CUST01415,ORD03CCB9C8,7/25/2024,350.41
CUST01415,ORD108883D4,2/12/2025,300.85
CUST01415,ORDCE7484EB,10/26/2024,362.32
CUST01415,ORDC1BFB785,1/22/2025,97.83
CUST01415,ORD9781F6E2,3/22/2025,181.38
CUST01415,ORD6BD15DA3,6/20/2024,89.14
CUST01415,ORD82C5088D,4/13/2025,88.94
CUST01415,ORD69A04A63,11/26/2024,212.63
CUST01416,ORDC0933C0B,6/3/2024,219.02
CUST01416,ORD27D93659,11/2/2024,125.04
CUST01416,ORD84095877,3/11/2025,48.4
CUST01416,ORD6CC37B42,10/12/2024,163.87
CUST01416,ORD605CD3B4,6/7/2024,152.09
CUST01416,ORD7F77662E,3/21/2025,267.01
CUST01416,ORD14D73158,2/21/2025,426.47
CUST01417,ORD0A5424D7,1/3/2024,384.09
CUST01417,ORDB64B54E4,10/9/2023,309.74
CUST01417,ORD53B1C0C7,1/30/2024,180.85
CUST01417,ORD9DC5022A,2/19/2025,148.03
CUST01417,ORD5F6A103D,5/17/2024,332.15
CUST01417,ORD8258D4EC,7/1/2024,131.53
CUST01417,ORD7D96B939,11/29/2023,486.46
CUST01417,ORD8556D280,7/25/2024,379.32
CUST01417,ORD34B2BB44,2/18/2025,438.58
CUST01417,ORDBEC5215F,7/26/2023,471.63
CUST01417,ORD5B3F89D7,12/9/2024,153.16
CUST01417,ORD306DB9E1,9/26/2024,118.49
CUST01417,ORD4BBE51C0,5/5/2024,357.43
CUST01417,ORD0F7B5827,4/8/2024,394.93
CUST01417,ORDE67B6D46,3/4/2025,397.94
CUST01417,ORD4A85C98E,12/27/2023,159.62
CUST01417,ORDDD4643D9,10/26/2023,69.44
CUST01417,ORD59CCFFE9,3/17/2025,289
CUST01417,ORD01557BC1,7/15/2023,305.71
CUST01418,ORD4926D93C,10/12/2023,378.96
CUST01418,ORD37739351,10/18/2024,128.8
CUST01418,ORD2A300A8C,3/17/2025,355.79
CUST01418,ORDFD41E740,6/23/2023,430.29
CUST01418,ORDDF9948C0,10/6/2023,145.14
CUST01418,ORD9CCC23F2,7/16/2024,230.94
CUST01418,ORD18472048,1/30/2024,120.94
CUST01418,ORDBC4DC40D,10/9/2024,441.65
CUST01419,ORD198A184C,6/12/2024,139.26
CUST01419,ORDEFC28656,4/8/2025,267.65
CUST01419,ORDAC6F77BD,3/30/2024,341.25
CUST01419,ORDA6E947F3,12/29/2023,332.12
CUST01419,ORD3F8741FE,7/21/2024,285.07
CUST01419,ORD6F16BA39,1/17/2024,81.59
CUST01419,ORD94406D9B,10/22/2024,33.39
CUST01419,ORD72A53CE4,4/23/2025,170.81
CUST01419,ORD3B53AF7E,4/15/2025,215.86
CUST01419,ORDFB4B694C,4/23/2025,306.66
CUST01419,ORD74FD86EE,2/13/2025,243.74
CUST01419,ORD7B5CD632,2/3/2024,468.24
CUST01419,ORDB7E8F4A1,5/25/2024,494.28
CUST01419,ORD366B72D3,2/28/2025,337.81
CUST01420,ORD1BD1A9A7,4/28/2024,324.85
CUST01420,ORDA00E0A8A,1/18/2025,442.35
CUST01420,ORD0FB4EACE,2/17/2024,295.49
CUST01420,ORD603EE8DA,10/31/2023,467.54
CUST01420,ORD69070AF5,6/7/2024,58.88
CUST01420,ORDDEE5ABDC,2/11/2025,87.27
CUST01420,ORD56725D95,5/23/2024,484
CUST01420,ORD92D5BB68,9/7/2023,498.88
CUST01420,ORD10B05803,11/9/2024,382.52
CUST01420,ORD932D61A3,10/13/2023,228.32
CUST01420,ORD3F1FC19E,12/11/2024,39.99
CUST01420,ORDECF54D2D,1/4/2025,94.94
CUST01420,ORD3F9E614F,6/15/2024,431.61
CUST01420,ORD898CB7C1,6/11/2023,383.23
CUST01420,ORDEC81F7D1,7/23/2024,244.68
CUST01420,ORDA15D93DD,7/7/2024,157.67
CUST01420,ORDF655F4AC,11/2/2024,427.3
CUST01420,ORD0B2B6435,1/8/2025,180.4
CUST01421,ORD6A4E59B5,8/3/2024,318.85
CUST01421,ORD98148617,12/10/2024,394.34
CUST01421,ORDA3F680E8,10/15/2023,191.57
CUST01421,ORD489F004C,2/20/2024,241.58
CUST01421,ORD6C021070,8/3/2023,296.95
CUST01421,ORDB07933DF,9/12/2024,430.98
CUST01421,ORD882F2569,3/12/2024,71.57
CUST01421,ORD179F52DB,11/13/2023,129.77
CUST01421,ORD7F1F731B,7/11/2024,31.03
CUST01421,ORD75784812,9/4/2024,146.29
CUST01422,ORD7D674A98,1/26/2025,425.65
CUST01422,ORD8FAB96D4,10/1/2024,196.94
CUST01422,ORD9C2252EC,8/26/2024,41.4
CUST01422,ORD561CE5D3,11/28/2023,364.53
CUST01422,ORD8D2E9E69,4/29/2024,119.49
CUST01422,ORD7AA28820,4/19/2025,36.76
CUST01422,ORD202744FB,6/27/2024,23.42
CUST01422,ORD6624B904,10/14/2023,449.65
CUST01422,ORDCD76DB20,12/29/2024,438.57
CUST01422,ORD47B6EE15,1/10/2025,62.25
CUST01422,ORD4142190A,4/7/2024,391.6
CUST01422,ORDE83564E7,8/20/2024,109.98
CUST01422,ORD08A21D61,11/24/2024,433.25
CUST01422,ORDCB8D33D6,1/9/2025,173.33
CUST01423,ORDA8A8BC44,1/31/2024,433.52
CUST01423,ORD9192930D,4/8/2024,269.09
CUST01423,ORD759F2233,10/4/2024,301.5
CUST01423,ORDD0015BDF,6/5/2024,103.25
CUST01423,ORD9223B5AD,11/4/2024,295.35
CUST01423,ORDD770D659,7/5/2024,317.72
CUST01423,ORD49C6C668,5/25/2024,421.4
CUST01423,ORD48A7A45E,10/14/2024,482.28
CUST01423,ORDAE7B9050,2/6/2025,282.13
CUST01423,ORDDC09247C,3/28/2024,220.82
CUST01423,ORD5DFFE991,4/1/2024,405.02
CUST01423,ORDB245CF44,2/14/2025,462.12
CUST01423,ORD7A3020F5,11/1/2024,308.65
CUST01424,ORDA3D6B694,3/5/2024,137.93
CUST01424,ORD5E54D93E,11/11/2024,186.64
CUST01424,ORD9FF5DC71,8/10/2023,156.19
CUST01425,ORD78E6231E,12/9/2023,350.92
CUST01425,ORD99FF0F48,11/7/2023,204.31
CUST01425,ORD2C185978,12/11/2024,118.43
CUST01425,ORD4B7A85F3,1/9/2024,45.51
CUST01425,ORD5BF21C8C,11/5/2024,467.93
CUST01425,ORD2102AFD4,4/20/2024,279.86
CUST01425,ORD06CAD9B0,3/30/2025,33.55
CUST01425,ORD0F267B83,11/20/2024,110.3
CUST01425,ORD1D962405,4/27/2024,446.22
CUST01426,ORD444C05EA,3/13/2025,416.12
CUST01426,ORDAD6714A5,7/5/2024,87.21
CUST01426,ORD7CF76FDF,10/5/2024,338.67
CUST01426,ORDF1B10C63,3/1/2025,76.51
CUST01426,ORDF708D34D,12/31/2024,430.41
CUST01426,ORD20397727,12/29/2024,105.5
CUST01426,ORDA23ABE79,7/8/2024,234.18
CUST01427,ORDDB87532C,3/25/2024,139.91
CUST01427,ORD457FC154,1/4/2024,111.88
CUST01427,ORDF730BF5C,6/30/2024,62.81
CUST01427,ORD356C62FE,8/26/2024,157.62
CUST01427,ORDD2153BA7,4/18/2024,335.01
CUST01427,ORD771808AA,2/25/2024,359.96
CUST01428,ORD03DEF075,11/18/2023,257.17
CUST01428,ORD78AAF349,10/25/2023,349.64
CUST01428,ORD4DBEA8E5,8/11/2024,402.49
CUST01428,ORDC39029B5,11/22/2024,204.16
CUST01428,ORD5B1A8289,4/10/2024,412.56
CUST01428,ORDDA9790C7,3/20/2024,417.29
CUST01428,ORD4FC1DEF8,12/13/2023,26.01
CUST01428,ORD10A63D9B,6/26/2024,397.82
CUST01428,ORDB86D3AA3,12/3/2024,494.4
CUST01428,ORD22C5C77F,8/1/2024,329.05
CUST01428,ORD4DF5A83A,3/18/2024,358.27
CUST01428,ORDD5D4133D,9/15/2024,449.62
CUST01428,ORDC58518A9,12/7/2024,288.85
CUST01428,ORDE425E4D5,10/31/2024,147.48
CUST01429,ORD93D21AD1,9/10/2024,480.04
CUST01429,ORDE14A75BA,5/29/2024,84.97
CUST01429,ORDD88E06E7,10/23/2024,404.31
CUST01429,ORDF74E60CE,12/21/2024,53.94
CUST01429,ORD17E7DEC7,2/13/2025,334.71
CUST01429,ORD92643793,8/13/2023,248.77
CUST01429,ORD1BF6F204,8/10/2023,445.74
CUST01429,ORD00B131BD,4/12/2024,41.56
CUST01429,ORD36FC3068,4/21/2025,139.11
CUST01429,ORD9717F191,2/12/2024,496.84
CUST01429,ORD7D4E0534,1/16/2024,158.03
CUST01429,ORD6133802E,10/5/2024,422.32
CUST01429,ORD62EABAE1,1/17/2025,38.64
CUST01429,ORD7CCB8101,3/5/2024,121.91
CUST01429,ORD20B4E485,11/16/2024,399.03
CUST01429,ORDEB56EFDC,4/16/2025,419.01
CUST01429,ORD5E6221A9,10/29/2024,474.15
CUST01429,ORDEC68E13C,4/3/2025,90.05
CUST01429,ORDDD5BF941,10/6/2023,409.38
CUST01430,ORDB95C863C,8/5/2024,472.72
CUST01430,ORDDD5B671E,1/7/2025,216.84
CUST01430,ORD564351D9,12/1/2024,175.79
CUST01430,ORD10B80D76,2/8/2024,229.74
CUST01430,ORDEB522576,5/30/2024,175.02
CUST01430,ORD407A8A9C,12/7/2024,437.35
CUST01430,ORD3B21B788,4/19/2025,461.92
CUST01430,ORDDF401358,7/11/2024,88.15
CUST01430,ORD0B949276,7/3/2024,108.51
CUST01430,ORDFF6F8154,2/12/2024,264.95
CUST01430,ORD2CE55D5F,12/10/2024,85.13
CUST01430,ORD96F20433,4/20/2025,398.67
CUST01430,ORDDCCF40FE,11/22/2023,14.57
CUST01430,ORD11A5B834,11/15/2024,17.96
CUST01430,ORDF616DE60,3/8/2024,171.79
CUST01430,ORDF5C636D1,12/12/2023,291.07
CUST01430,ORD5BE6F95E,5/28/2024,62.83
CUST01430,ORD5C5C6997,8/28/2024,110.16
CUST01430,ORD40381DEE,3/25/2024,14.88
CUST01430,ORDC4D46EF0,1/16/2024,20.76
CUST01431,ORD11B10325,3/8/2025,134.28
CUST01431,ORD6B838159,1/14/2024,239.54
CUST01431,ORDBF8E0B26,2/14/2025,43.18
CUST01431,ORD3F518585,9/17/2024,349.21
CUST01431,ORD8787B882,4/2/2025,338.46
CUST01431,ORD44BD18F6,1/28/2025,219.61
CUST01431,ORDBFBF4ECE,4/22/2025,233.58
CUST01432,ORD685851B0,10/1/2024,224.39
CUST01433,ORD3A380E81,3/30/2025,79.58
CUST01433,ORD496D76C4,10/4/2023,244.41
CUST01433,ORD0F9CCC07,9/25/2024,308.88
CUST01433,ORD1F298E60,10/30/2024,377.94
CUST01433,ORD95EEC390,7/1/2024,164.44
CUST01433,ORDDD98714E,6/20/2024,450.34
CUST01433,ORDE9F7EB97,1/9/2024,37.77
CUST01433,ORD0DB3FB42,12/28/2024,146.22
CUST01433,ORD62D0D011,11/9/2024,191.4
CUST01433,ORD08B61DD0,11/4/2023,37.46
CUST01433,ORDB6BEC69C,11/21/2024,471.37
CUST01433,ORD272F5620,5/8/2024,94.79
CUST01433,ORD4AEE1E36,1/7/2024,123.11
CUST01433,ORD7D7A55CF,1/11/2024,295.04
CUST01434,ORD03B35A39,9/6/2024,409.87
CUST01434,ORDBC664A5D,2/24/2024,93.61
CUST01434,ORD6C22C134,8/1/2024,24.23
CUST01434,ORD3F5B09BA,11/23/2024,142.72
CUST01434,ORD9A31C9A5,7/25/2024,459.77
CUST01434,ORDF65E8C4B,1/18/2024,398.28
CUST01434,ORDF8FF13E6,12/18/2023,32.87
CUST01434,ORD88DA491A,2/29/2024,274.69
CUST01434,ORD11E3C605,5/25/2024,234.64
CUST01435,ORD573269D1,7/2/2023,406.65
CUST01435,ORD88E74E41,4/14/2024,400.61
CUST01435,ORD05CD25A9,5/29/2024,459.46
CUST01435,ORDA8ABE070,1/30/2024,18.03
CUST01435,ORDD26F9886,8/27/2024,232.57
CUST01435,ORDF420E8F7,12/3/2023,89.89
CUST01435,ORD5294C077,8/23/2024,90.07
CUST01435,ORD66857A84,11/28/2024,400.56
CUST01435,ORD0F5C4659,6/26/2023,153.41
CUST01435,ORDB317609F,3/10/2025,441.73
CUST01435,ORDF313F109,8/31/2024,38.66
CUST01435,ORDA85CDB78,2/14/2024,409.02
CUST01435,ORD182AF072,12/19/2024,363.88
CUST01435,ORDD1AD3274,1/18/2024,458.98
CUST01435,ORD7D58AAB5,4/17/2024,136.88
CUST01435,ORD82941742,1/10/2025,442.72
CUST01435,ORD994CDF33,2/1/2024,236.66
CUST01435,ORD5731C176,7/21/2024,390.33
CUST01435,ORDAACA13B5,9/1/2024,59.78
CUST01436,ORDCE2BAD04,4/8/2025,324.67
CUST01436,ORDC562DC74,2/19/2024,348.58
CUST01436,ORD65EC0718,9/18/2024,167.35
CUST01436,ORDC6F33F88,9/6/2024,137.62
CUST01436,ORDCA2DAD3B,7/4/2024,61.88
CUST01436,ORD5A48AF82,12/17/2023,395.46
CUST01436,ORD15EBDD8C,9/9/2024,304.35
CUST01436,ORD6C485B8F,11/25/2024,432.51
CUST01436,ORDF7A49B70,7/27/2024,463.57
CUST01436,ORD89096773,6/2/2024,34.52
CUST01436,ORD9842E366,11/20/2024,186.28
CUST01436,ORD4A8EB278,2/15/2025,275.4
CUST01436,ORD03DB765A,8/9/2024,273.04
CUST01436,ORD1C471002,1/4/2025,461.04
CUST01436,ORD6C92EFD5,9/13/2024,85.5
CUST01436,ORDF5D95643,3/3/2024,342.04
CUST01437,ORD11A4CFF1,7/17/2024,176.34
CUST01437,ORDB71C44F4,4/21/2025,437.38
CUST01437,ORD5345C987,4/21/2025,41.4
CUST01437,ORD7B5FEF57,7/24/2024,86.22
CUST01437,ORDE2C40991,6/2/2024,303.41
CUST01438,ORDA87B2E9E,6/27/2024,393.15
CUST01438,ORD1CBDDFC7,12/7/2024,178.19
CUST01438,ORDE7DA4D0D,2/20/2025,203.16
CUST01438,ORD29FE4067,7/22/2024,271.55
CUST01438,ORD7BE0BD01,2/18/2025,359.18
CUST01438,ORD788A5124,4/28/2024,458.28
CUST01438,ORD88448A21,4/13/2025,365.11
CUST01438,ORDC9A5BBFD,7/14/2024,82.24
CUST01438,ORDE3C4545B,6/20/2024,131.23
CUST01438,ORD6699E874,12/14/2024,132.06
CUST01438,ORD30DE7F36,11/10/2024,101.94
CUST01438,ORD1E0954EC,4/18/2024,290.97
CUST01438,ORDD7E9C352,3/22/2025,470.84
CUST01438,ORDFF2DFE18,3/31/2025,399.27
CUST01438,ORD6C912E8C,3/13/2025,58.87
CUST01438,ORD4788A437,12/13/2024,51.42
CUST01438,ORDE566D52B,4/18/2025,489.87
CUST01438,ORD10591E2D,2/26/2025,68.42
CUST01438,ORD5506981D,9/23/2024,234.37
CUST01439,ORD27FE789D,2/23/2025,30.56
CUST01439,ORDCF46915D,8/21/2024,351.48
CUST01439,ORD8F4A938E,1/28/2025,491.43
CUST01439,ORDF952E9E6,7/14/2024,280.87
CUST01439,ORD69BCB516,9/18/2023,405.6
CUST01439,ORDC8569555,1/19/2025,373.95
CUST01439,ORDCA32A88C,3/25/2024,34.5
CUST01439,ORDBC464591,11/6/2024,459
CUST01439,ORD35634E73,11/27/2024,488.24
CUST01439,ORD83BD52E3,1/3/2024,46.23
CUST01439,ORDDB87C995,3/3/2024,428.98
CUST01439,ORDD2B82AF7,8/25/2023,432.85
CUST01439,ORD5A630C59,3/29/2024,247.52
CUST01439,ORDADFD2551,4/10/2024,349.86
CUST01439,ORD1A386DD0,2/22/2025,400.99
CUST01439,ORDD9524B06,6/2/2024,466.94
CUST01439,ORDDF7825AD,1/23/2024,303.15
CUST01440,ORDF3796B01,11/27/2024,60.75
CUST01440,ORD9D9C1BA4,6/26/2024,486.1
CUST01440,ORD1A179EB9,3/1/2024,312.45
CUST01440,ORD402E97BF,6/8/2024,350.28
CUST01440,ORD82382189,9/12/2024,97.32
CUST01440,ORD41964FDB,6/7/2024,165.99
CUST01440,ORD4A58FFDE,4/26/2024,444.02
CUST01440,ORD518E835F,5/19/2024,384.52
CUST01440,ORDAC088207,1/18/2025,252.06
CUST01440,ORD3427A3B1,1/22/2024,94.61
CUST01440,ORD1267224F,12/22/2023,79.63
CUST01440,ORD115C3143,8/1/2024,251.19
CUST01441,ORD760FC92E,4/27/2025,376.73
CUST01441,ORDC54FD302,1/27/2024,132.39
CUST01441,ORD1E32F65E,9/5/2024,283.2
CUST01441,ORDCFFBEA66,3/21/2025,99.08
CUST01441,ORD005C600D,1/2/2024,20.52
CUST01441,ORD360F3580,8/6/2024,430.01
CUST01441,ORDF4F215E8,8/1/2024,83.33
CUST01441,ORD16074931,3/22/2024,65.36
CUST01441,ORD2EA3AC46,7/15/2024,96.31
CUST01441,ORD410A7ED2,11/4/2023,342.77
CUST01441,ORD54140C4E,10/12/2024,345.7
CUST01441,ORD6D18D31D,9/16/2023,137.73
CUST01441,ORD5BBE7A5B,8/6/2024,440.74
CUST01442,ORD9334CE37,6/8/2024,426.5
CUST01442,ORDFD291A34,1/10/2024,104.26
CUST01442,ORDEAF57F24,5/21/2024,105.7
CUST01442,ORD09D1BE32,2/20/2025,370.61
CUST01442,ORDC9D4BFAF,5/30/2024,349.25
CUST01442,ORD6AA9CC7E,2/27/2024,410.06
CUST01442,ORDC8BAAB47,2/17/2024,109.15
CUST01442,ORDD25A425F,1/5/2024,152.05
CUST01442,ORD899121F7,3/4/2024,158
CUST01442,ORD546FDA98,3/7/2025,439.83
CUST01442,ORD15191665,4/19/2025,418.42
CUST01442,ORD2FA298A2,11/12/2024,159.32
CUST01442,ORDD726C958,10/13/2024,421.9
CUST01443,ORDFBB32225,4/3/2025,259.2
CUST01443,ORD2E2CA38F,11/26/2024,294.25
CUST01443,ORD2E9C525A,4/7/2024,171.99
CUST01443,ORD7CBD9ADF,2/27/2025,142.77
CUST01443,ORDBB6093B1,4/22/2024,20.2
CUST01443,ORD578B0F26,6/26/2024,91.44
CUST01443,ORD4B5ABDD5,10/20/2024,431.49
CUST01443,ORDDABF3ABB,1/1/2025,310.79
CUST01443,ORDD06352AA,6/12/2024,194.99
CUST01443,ORD63980F3E,3/23/2024,258.67
CUST01443,ORDC18AF3E5,5/18/2024,181.19
CUST01443,ORD7CBB7EA9,8/19/2024,309.92
CUST01443,ORD5EEAED7C,5/18/2024,438.73
CUST01443,ORDF21B98F8,1/24/2025,102.84
CUST01443,ORDD96E6D64,4/3/2025,344.12
CUST01443,ORDEAA72EB5,2/22/2025,253.45
CUST01444,ORDBC8189FE,5/2/2024,353.98
CUST01444,ORD66474D68,2/17/2024,99.01
CUST01444,ORD7D085D2A,1/21/2025,219.3
CUST01444,ORD73929239,9/23/2024,332.39
CUST01444,ORD77D2428C,4/3/2025,88.38
CUST01444,ORD4CDB4D63,1/31/2025,440.05
CUST01444,ORDE15D68D2,7/1/2024,373.13
CUST01444,ORD5E05E80D,3/23/2025,212.92
CUST01444,ORD95863CD4,5/12/2024,141.32
CUST01444,ORDF1FB0843,3/17/2024,231.65
CUST01444,ORD4ADDA572,10/19/2023,254.02
CUST01444,ORD287D67F7,2/20/2025,166.26
CUST01444,ORDD1D845BD,1/8/2025,93.54
CUST01444,ORD9B2BD7A1,3/15/2024,456.9
CUST01444,ORDA762E6D4,5/24/2024,287.95
CUST01444,ORD617A082B,1/8/2024,18.59
CUST01444,ORD444FD368,4/19/2025,49.47
CUST01444,ORD39B9A54A,11/15/2023,205.69
CUST01444,ORD78A6874B,9/24/2024,275.94
CUST01444,ORD1EA9D778,10/26/2024,79.46
CUST01445,ORD1F27129B,10/14/2024,75.57
CUST01445,ORDFA4A5747,3/7/2024,330.52
CUST01445,ORDA73A3CE1,6/2/2024,290.63
CUST01445,ORD9DDD73B4,2/15/2025,464.45
CUST01445,ORD28AAEACD,5/23/2024,83.95
CUST01445,ORD756962B5,12/17/2024,150.06
CUST01445,ORD3A6C5BF0,1/16/2025,44.95
CUST01445,ORD7212B68D,4/17/2024,462.79
CUST01445,ORDEDDC9F8B,1/26/2024,477.97
CUST01445,ORDDD0B52DE,5/25/2024,386.62
CUST01445,ORDF01D8E94,11/29/2024,117
CUST01445,ORD5059BF49,10/12/2024,84.3
CUST01445,ORDB1F20EBD,8/10/2024,165.7
CUST01445,ORDBD5F822E,10/16/2024,381.15
CUST01445,ORDBB557ED8,4/29/2024,353.55
CUST01445,ORD531A637C,4/22/2025,207.09
CUST01445,ORD08583438,11/11/2024,223.59
CUST01445,ORDC3CF367C,12/1/2024,237
CUST01445,ORDF59C4FAA,4/21/2025,362.9
CUST01445,ORD4994AF5B,3/14/2024,85.54
CUST01446,ORD21829951,9/29/2024,94.46
CUST01446,ORDB5BBA1FE,3/7/2025,314.99
CUST01446,ORD1F9A2C0C,11/9/2023,155.36
CUST01446,ORDB3089F75,1/13/2024,384.33
CUST01446,ORDD4048E45,1/12/2024,98.14
CUST01446,ORD69D9A6DC,11/15/2024,221.42
CUST01446,ORD13B10CEB,9/13/2024,47.24
CUST01446,ORD851DB13E,4/12/2025,334.99
CUST01446,ORDB4CCD5EA,10/8/2024,315.52
CUST01446,ORD599A74F9,2/22/2024,23.26
CUST01446,ORDBF2808A7,1/3/2024,337.72
CUST01446,ORD140DF880,2/9/2025,176.42
CUST01446,ORD581F9048,8/22/2023,105.32
CUST01446,ORD0C459DB5,10/15/2024,364.69
CUST01447,ORD3C7B2F96,2/11/2025,330.8
CUST01447,ORDE6CA9DA2,12/21/2023,382.54
CUST01447,ORD6EAE2DC3,7/13/2024,29.82
CUST01447,ORDE4AAB370,4/3/2025,143.58
CUST01447,ORD61D1E6F3,2/18/2024,271.87
CUST01447,ORD4EA879BD,7/10/2024,426.99
CUST01447,ORDF0177706,5/11/2024,355.14
CUST01447,ORDFF1B3011,10/26/2024,86.95
CUST01448,ORD5634EDDF,2/1/2024,96.62
CUST01448,ORDD14C5839,9/24/2023,84.4
CUST01448,ORDA15274F8,12/2/2024,475.38
CUST01449,ORD9938BE04,9/13/2023,393.23
CUST01449,ORDA311CADC,7/2/2024,192.34
CUST01449,ORD58432B67,9/26/2024,155.08
CUST01449,ORDC8064708,1/30/2024,334.75
CUST01449,ORDBA19D798,1/17/2024,442.88
CUST01449,ORD7A95DEED,9/15/2023,358.5
CUST01450,ORD2818BD8D,9/5/2024,85.29
CUST01450,ORDD5C443B2,7/11/2024,223.37
CUST01450,ORDF01D84E2,2/2/2024,214.41
CUST01450,ORDF58ED357,3/7/2024,254.76
CUST01450,ORDE2FC6AE0,1/25/2025,206.72
CUST01450,ORDC0269483,9/26/2023,447.88
CUST01450,ORD8EC00133,8/2/2024,60.95
CUST01450,ORDF08457C3,8/16/2024,295.6
CUST01450,ORDCA9ADBF1,12/17/2023,270.11
CUST01450,ORD358427D7,7/15/2024,138.45
CUST01450,ORDBF3A1821,1/17/2025,273.24
CUST01450,ORD06BBD443,6/17/2024,200.84
CUST01450,ORD6D8228E2,4/17/2025,494.52
CUST01450,ORD78C98B22,4/5/2025,377.54
CUST01450,ORD170030CD,11/6/2024,420.21
CUST01450,ORDF8F99209,1/11/2025,340.12
CUST01450,ORD95EAD7DF,9/24/2024,30.86
CUST01450,ORDAD759FF8,8/3/2024,200.25
CUST01451,ORDBD50AF55,4/29/2024,464.75
CUST01451,ORD8D3CAC2B,5/30/2024,458.63
CUST01451,ORD4F90939B,3/29/2024,253.94
CUST01451,ORD3F5C6A79,5/23/2024,322.76
CUST01451,ORD790FC5DF,8/21/2024,245.42
CUST01451,ORD65170E33,8/8/2024,417.64
CUST01451,ORD29243CEB,5/23/2024,265.18
CUST01451,ORDEBB3FC76,5/5/2024,390.21
CUST01451,ORDDB19F888,5/27/2024,480.28
CUST01451,ORDB0AFEBF9,5/9/2024,322.52
CUST01451,ORD5DAE2F4D,6/24/2024,148.07
CUST01451,ORD7D211621,6/5/2024,436.41
CUST01451,ORD94B4B36C,4/16/2025,376.98
CUST01451,ORDFA71C0FE,1/4/2025,389.78
CUST01451,ORDC3A98EDC,4/15/2025,68.19
CUST01451,ORD990581BB,1/4/2025,223.32
CUST01451,ORD41879D4C,4/12/2025,73.36
CUST01451,ORDEFB8350F,3/16/2025,155.14
CUST01451,ORDAB0EAA29,10/26/2024,98.34
CUST01452,ORD9A928EB4,10/1/2024,79.05
CUST01452,ORD0B7258D2,8/17/2024,465.78
CUST01452,ORDBB578DDA,9/29/2024,406.25
CUST01452,ORD72BB45A9,11/13/2024,97.73
CUST01452,ORD7B9C7F19,12/23/2024,104.72
CUST01452,ORD715E6B77,3/5/2025,18.38
CUST01452,ORD143F33C3,1/31/2025,348.19
CUST01452,ORD82AE7759,8/1/2024,32.28
CUST01452,ORD65753796,7/4/2024,89.92
CUST01452,ORD9B20E832,9/17/2024,133.94
CUST01452,ORDD0DCDC7C,8/18/2024,116.31
CUST01452,ORDEDD21E1C,4/15/2025,486.56
CUST01452,ORDCF3B1036,1/6/2025,147.89
CUST01452,ORD545AD230,8/2/2024,247.94
CUST01452,ORD3D8A1653,1/23/2025,260.43
CUST01452,ORDA429301D,4/7/2025,441.19
CUST01452,ORD2D38F878,6/25/2024,388.52
CUST01452,ORDEB1FCE0C,12/11/2024,353.01
CUST01452,ORD6AFE6B49,7/20/2024,64.84
CUST01452,ORDF695A99F,9/20/2024,240.82
CUST01453,ORDFB79D77D,4/15/2024,228.79
CUST01453,ORDF86FDD62,3/8/2025,414.44
CUST01453,ORDA31A66DA,4/13/2025,209.06
CUST01453,ORD341784DA,12/14/2024,308.61
CUST01453,ORD41797599,9/26/2024,488.61
CUST01453,ORDF720FBAC,11/27/2024,146.07
CUST01453,ORD2626A962,2/4/2025,348.42
CUST01453,ORD039B12E9,3/13/2025,57.3
CUST01453,ORD29699CCB,1/16/2025,88.83
CUST01453,ORD8427EA3C,3/15/2025,352.17
CUST01453,ORDF7E134B2,1/27/2025,64.34
CUST01453,ORDABB96903,3/4/2025,279.28
CUST01453,ORD46748556,4/27/2024,37.94
CUST01453,ORD50648311,8/30/2024,438.84
CUST01453,ORD601DAAA8,4/10/2024,216.9
CUST01453,ORD05E6D682,9/23/2024,20.26
CUST01453,ORD49B70920,2/5/2025,347.21
CUST01453,ORD51870EF4,12/28/2024,92.36
CUST01453,ORD4636AC0F,7/23/2024,11.04
CUST01453,ORD1AAE06F7,4/17/2025,12.64
CUST01454,ORD13D454AF,9/7/2024,376.52
CUST01454,ORD351BE844,8/24/2024,274.23
CUST01454,ORDDB5BEC4F,9/30/2024,104.76
CUST01454,ORD66222B79,1/4/2024,204.05
CUST01454,ORDA855967F,3/10/2025,437.75
CUST01454,ORD2D61BAAD,2/23/2024,11.89
CUST01454,ORDC381AFB1,9/6/2024,319.59
CUST01455,ORD77768DB2,8/22/2023,406.71
CUST01455,ORD7E1D8AEF,8/20/2023,142.37
CUST01455,ORD2B005179,3/1/2025,444.29
CUST01455,ORD6437C000,12/8/2023,450.58
CUST01455,ORD4BDD3174,11/29/2023,279.42
CUST01455,ORD4DD34C70,3/16/2024,10.94
CUST01455,ORD0268186E,11/16/2023,184.09
CUST01455,ORDD2BBFCFD,5/21/2023,347.67
CUST01455,ORD3D7E0AEC,9/18/2024,463.2
CUST01455,ORD8144410D,3/3/2025,422.8
CUST01455,ORDEF029CA7,5/1/2024,311.81
CUST01456,ORD37EAB486,5/7/2024,385.98
CUST01456,ORD99A1A771,9/18/2024,40.6
CUST01456,ORD4974553E,3/27/2024,231.04
CUST01456,ORDBE45FCC8,5/9/2024,271.65
CUST01456,ORD4EFC8302,1/6/2025,221.78
CUST01456,ORDEA132CFB,4/2/2024,413.09
CUST01456,ORDDE6195F3,12/31/2024,380.58
CUST01456,ORDFFE63139,10/25/2024,467.45
CUST01456,ORDE36B0D3D,12/22/2024,430.32
CUST01456,ORD80DB965F,10/31/2024,96.88
CUST01456,ORD522BE469,4/29/2024,282.35
CUST01456,ORDF9E63634,11/24/2024,445.87
CUST01456,ORDDD48EC31,9/3/2024,442.19
CUST01456,ORDE2D24431,4/17/2024,255.78
CUST01456,ORD7E8F5169,2/27/2025,447.55
CUST01456,ORDD57E9BE7,6/14/2024,339.86
CUST01456,ORD818555E9,12/2/2024,442.55
CUST01456,ORDF3222604,3/4/2025,109.88
CUST01456,ORD08199A60,10/25/2024,409.13
CUST01457,ORD336A2528,12/29/2024,451.06
CUST01457,ORDD015D61B,3/27/2024,50.82
CUST01457,ORD88E41521,3/9/2024,174.75
CUST01457,ORDDD9130A2,4/9/2025,65.88
CUST01457,ORD6F43C932,8/8/2024,319.24
CUST01457,ORDB2801F3A,12/24/2024,275.74
CUST01457,ORD531C85FC,5/11/2024,407.55
CUST01457,ORD7B93D48F,4/10/2025,415.3
CUST01457,ORDB69927CD,2/14/2024,207.22
CUST01457,ORD10F5131B,1/18/2024,204.85
CUST01457,ORD272D55F6,1/9/2025,61.33
CUST01457,ORD5AAA1D95,11/6/2024,222.69
CUST01457,ORDE028054A,2/11/2025,159.3
CUST01457,ORD3C66E537,4/11/2024,390.72
CUST01458,ORD10F856E7,12/19/2024,486.84
CUST01459,ORDB463E729,3/8/2025,85.98
CUST01459,ORD556EDCB1,12/23/2023,257.86
CUST01459,ORD378B55EE,11/16/2024,86.86
CUST01459,ORD7FFC084E,1/6/2024,451.03
CUST01459,ORD75073750,11/23/2024,361.28
CUST01459,ORDBECE29E7,12/20/2023,84.65
CUST01459,ORDAF3C70F2,7/30/2024,339.78
CUST01460,ORD6B0981AB,9/17/2024,368.23
CUST01460,ORD0794B2B6,4/3/2025,119.66
CUST01460,ORD211F5C18,4/22/2025,449.88
CUST01460,ORDA5838C57,2/8/2025,235.93
CUST01460,ORDFC291BDD,10/15/2024,304.04
CUST01460,ORDC41391ED,9/23/2024,429.51
CUST01460,ORDE62B8721,8/19/2023,268.89
CUST01460,ORD6F1CADDB,10/8/2023,169.43
CUST01460,ORDB35576AA,9/15/2023,469.57
CUST01460,ORD4E602022,3/20/2024,370.78
CUST01460,ORD302993F4,3/22/2024,353.16
CUST01460,ORD7A58F2B3,12/17/2023,208.97
CUST01460,ORD5CD69C0E,8/15/2023,448.87
CUST01460,ORDB68ED1D4,2/29/2024,251.57
CUST01460,ORDEB5146BF,12/6/2024,56.54
CUST01460,ORD596CADF9,12/14/2024,31.29
CUST01460,ORDFD22DF87,3/10/2024,380.2
CUST01461,ORD156FAFD3,5/27/2023,414.51
CUST01461,ORD7C65738E,5/31/2023,91.85
CUST01461,ORDF895924D,9/24/2024,321.05
CUST01461,ORD4C0E4583,6/4/2024,467.82
CUST01461,ORDA56532C3,12/26/2024,266.1
CUST01461,ORD114C80BA,10/13/2023,429.59
CUST01461,ORD4167FAD6,4/29/2024,408.48
CUST01461,ORDCF5C6472,11/20/2023,131.21
CUST01461,ORDA2007D42,10/1/2024,46.78
CUST01461,ORD0C06692F,11/23/2024,72.44
CUST01461,ORD6B2A825C,12/22/2024,307.28
CUST01461,ORDCABEB8F7,11/26/2024,478.7
CUST01462,ORDAAB2018F,9/18/2024,235.72
CUST01462,ORD5E8F74B4,6/6/2024,256.55
CUST01462,ORDE36A40AD,3/6/2024,64.23
CUST01462,ORDC1E72B6C,1/15/2025,485.27
CUST01463,ORD901A8384,6/9/2024,293.98
CUST01463,ORDD750F56B,1/22/2025,271.29
CUST01463,ORD6B75A2A3,7/11/2024,131.01
CUST01463,ORD12D13DBB,8/11/2024,349.46
CUST01463,ORDCE3DBE03,10/21/2024,181.47
CUST01463,ORD9FD14992,5/19/2024,253.76
CUST01463,ORD26D43DD5,2/8/2024,369.87
CUST01463,ORD9B9CF577,12/22/2024,18.15
CUST01463,ORDE00F0148,4/26/2025,360.93
CUST01463,ORD60C97300,2/2/2025,368.62
CUST01463,ORDBDBE2B67,4/9/2024,353.73
CUST01463,ORD8573E940,6/14/2024,194.67
CUST01463,ORD162ED80B,12/16/2024,351.01
CUST01463,ORDC6E50937,5/14/2024,412.77
CUST01464,ORD0F85A7DA,7/29/2024,198.39
CUST01464,ORD905B49B8,6/12/2024,93.7
CUST01464,ORDB5656DD2,11/4/2024,436.24
CUST01464,ORDC74E7D65,7/21/2024,291.63
CUST01464,ORD95332F65,12/24/2023,56.16
CUST01464,ORD11F633AE,4/6/2024,168.6
CUST01464,ORDB3E0D69D,5/27/2024,110.03
CUST01464,ORD533F742F,1/2/2025,312.2
CUST01464,ORDCDB46072,1/26/2024,300.66
CUST01464,ORD558A19A2,12/21/2023,446.64
CUST01464,ORD1B0E261C,12/23/2023,89.63
CUST01464,ORD7DC1B299,9/27/2024,169.81
CUST01464,ORDF7D63281,3/13/2024,305.15
CUST01464,ORD99738405,12/6/2024,338.87
CUST01464,ORD66C85C7D,8/12/2024,317.85
CUST01464,ORD31A140BB,11/26/2023,14.43
CUST01464,ORD66F2CFD8,6/30/2024,227.73
CUST01464,ORDC593184F,9/17/2024,155.95
CUST01465,ORDF0F3F157,3/3/2024,293.87
CUST01465,ORDEF9434DC,2/23/2024,307.84
CUST01465,ORD16D845B3,2/12/2025,228.08
CUST01465,ORD6E9533B3,4/20/2024,317.43
CUST01465,ORDDB2B8325,1/19/2024,79.93
CUST01466,ORD8D2FFA88,1/16/2024,211.88
CUST01466,ORD762E527E,8/25/2024,299.23
CUST01466,ORD7F2E572D,3/8/2024,498.54
CUST01466,ORDE0982B26,10/15/2023,40.84
CUST01466,ORD8AA747D0,10/3/2024,224.56
CUST01466,ORD9004A530,11/20/2023,313.18
CUST01466,ORDE4AD7181,2/21/2024,247.37
CUST01466,ORD97357446,12/5/2023,285.59
CUST01466,ORD96B095F4,6/17/2024,281.09
CUST01466,ORDCA64423F,12/24/2024,301.69
CUST01466,ORDFFC9FA47,12/9/2023,160.43
CUST01466,ORD75CBEE8B,12/28/2024,343.06
CUST01466,ORDEB80E7DE,7/27/2024,134.91
CUST01466,ORDF4C72738,2/11/2025,182.45
CUST01466,ORD08DFF11C,11/1/2023,312.73
CUST01466,ORDDBF144D4,11/4/2023,289.78
CUST01466,ORDF0AC45AE,6/2/2024,208.76
CUST01466,ORD1540E94D,5/13/2024,46.88
CUST01466,ORDA44C7F7F,12/29/2023,259.44
CUST01466,ORD2F30C218,5/20/2024,403.34
CUST01467,ORD9AD84E8E,11/22/2023,425.02
CUST01467,ORD24084032,4/20/2025,65.15
CUST01467,ORD9F7C9F12,8/16/2024,236.4
CUST01467,ORDA7C1BEBE,4/20/2024,151.6
CUST01467,ORD7612306C,12/21/2023,234.58
CUST01467,ORDC7371B2A,9/7/2024,472.42
CUST01467,ORDFA6DC506,1/8/2024,178.25
CUST01467,ORD14328634,10/21/2024,205.35
CUST01467,ORD30284086,3/17/2025,294.95
CUST01467,ORD05470B3D,1/2/2025,406.13
CUST01467,ORDCF825485,9/24/2024,62.34
CUST01467,ORDC5DA4A69,4/7/2024,196.6
CUST01467,ORDBF5F3EEF,1/16/2024,390.44
CUST01467,ORD17EB3FEB,12/13/2023,271.52
CUST01467,ORD33C61A74,1/26/2024,139.96
CUST01467,ORDD424F818,11/27/2023,164.86
CUST01467,ORDF1F313AB,6/18/2024,398.24
CUST01468,ORD67A3A211,1/26/2024,334.81
CUST01468,ORD49A57EC4,11/22/2023,262.24
CUST01468,ORD5B626563,6/24/2024,203.3
CUST01468,ORD4AF4521F,2/12/2024,14.86
CUST01468,ORD0A5FFDA0,6/27/2024,482.78
CUST01468,ORD35684FBB,9/5/2024,67.95
CUST01469,ORD0769EE47,9/25/2024,90.37
CUST01469,ORD28B78008,1/20/2025,78.38
CUST01470,ORDA5813371,9/21/2024,29.15
CUST01470,ORDAED1AE84,9/20/2024,206.11
CUST01470,ORDBEAB436F,12/6/2024,280.91
CUST01470,ORD3FCE1753,5/6/2024,451.85
CUST01470,ORDC036648B,1/29/2025,18.86
CUST01470,ORD4DAC0CE9,12/15/2024,276.74
CUST01470,ORDCF90010A,12/13/2024,142.57
CUST01470,ORD25654320,10/15/2024,418.45
CUST01470,ORDA68C0216,9/14/2024,185.7
CUST01470,ORD0BB9F52A,8/25/2024,61.14
CUST01470,ORDC4A983A3,8/5/2024,118.51
CUST01470,ORDA192FBD9,4/4/2025,282.58
CUST01470,ORD9A7F029D,2/16/2025,274.42
CUST01470,ORD26A86F31,6/18/2024,282.22
CUST01470,ORD0E36ED1F,1/24/2025,438.72
CUST01471,ORD0A27A141,7/4/2024,171.64
CUST01471,ORD1093E894,1/16/2024,159.51
CUST01472,ORD64B0D33D,8/18/2024,280.02
CUST01472,ORD209659DA,8/20/2024,313.24
CUST01472,ORD8AEF575B,12/21/2024,371.08
CUST01472,ORD731A165E,4/10/2024,138.34
CUST01472,ORD06AAB6FC,1/16/2024,428.76
CUST01472,ORD8F92E29E,10/19/2024,497.47
CUST01472,ORDB187C7B9,1/25/2024,281.13
CUST01472,ORD07005F37,3/3/2025,213.84
CUST01472,ORD3F65E453,8/23/2024,434.09
CUST01472,ORD61FE0601,2/11/2024,17.14
CUST01472,ORDF5833AF9,1/30/2025,463.47
CUST01472,ORD75935CB0,4/14/2025,229.07
CUST01472,ORD8CFFF01B,2/28/2024,191.57
CUST01472,ORD7D7B3998,5/24/2024,16.24
CUST01472,ORD5B727CD1,9/14/2024,10.31
CUST01472,ORD74974A66,8/12/2024,32.5
CUST01472,ORD86E4FF74,12/29/2023,179.01
CUST01472,ORDC24E0B3E,5/20/2024,201.28
CUST01473,ORD3C5F4A1A,4/12/2024,59.89
CUST01473,ORD2EE0CBBB,6/28/2024,445.42
CUST01473,ORD7F0A8931,11/16/2024,391.49
CUST01473,ORDF71519DD,4/10/2025,184.39
CUST01473,ORD2634BD6D,4/12/2025,109.62
CUST01473,ORD1F87F73A,4/1/2024,456.47
CUST01473,ORDFAC0DFCA,11/24/2024,475.65
CUST01473,ORD88B602C8,2/18/2025,199.83
CUST01473,ORD4EA26414,10/29/2024,57.57
CUST01473,ORD7ACE4414,5/3/2024,137.92
CUST01473,ORD66994C0B,5/21/2024,287.01
CUST01473,ORD544DEC2A,5/15/2024,414.48
CUST01473,ORD7058EFC6,3/31/2024,489.59
CUST01474,ORD6A2CE247,1/1/2024,221.68
CUST01474,ORD96ED1862,5/24/2024,289.05
CUST01474,ORD7D270985,2/28/2024,256.3
CUST01474,ORDFDF85508,8/6/2024,245.13
CUST01474,ORD9D7CAB08,6/29/2024,363.3
CUST01474,ORD47B82513,6/26/2024,19.56
CUST01474,ORD54FF6C29,1/18/2024,67.97
CUST01474,ORD27048070,6/1/2024,241.33
CUST01474,ORD83BFB2DE,4/24/2024,213.08
CUST01474,ORD9AA38C6C,7/7/2024,324.94
CUST01475,ORD28A23395,12/13/2023,25.3
CUST01475,ORD37E9A925,12/13/2023,319.2
CUST01476,ORDFCDDF1F8,11/2/2024,219.59
CUST01476,ORDBD0C5EF3,11/11/2024,445.39
CUST01476,ORD63CC182C,10/25/2024,70.21
CUST01476,ORD5CCBDEF7,5/21/2024,123.15
CUST01476,ORDDE155774,7/6/2024,460.28
CUST01476,ORD69E04055,3/22/2025,158.48
CUST01476,ORD115B7A90,9/22/2024,484.78
CUST01477,ORDB2244512,2/24/2025,304.71
CUST01477,ORD38023371,12/6/2024,469.69
CUST01477,ORD0E5973ED,10/31/2024,202.76
CUST01477,ORD9B405626,12/11/2024,144.39
CUST01477,ORDCB746B8C,4/21/2024,178.04
CUST01478,ORD8D2095F3,1/21/2025,283.73
CUST01478,ORD8A324253,2/19/2025,465.27
CUST01478,ORD086FFBFD,12/18/2023,411.07
CUST01478,ORDDD2E0C7D,11/15/2024,193.37
CUST01478,ORDB40DC538,6/16/2024,157.43
CUST01478,ORDD10233CE,1/19/2024,28.92
CUST01478,ORD12F5B844,10/27/2023,79.46
CUST01478,ORD9DAD5A39,10/8/2024,391.28
CUST01478,ORD1ABBC320,3/10/2024,67.25
CUST01478,ORD54E4FF92,12/29/2024,455.98
CUST01478,ORD25548A11,11/17/2023,309.53
CUST01478,ORDD924097E,12/30/2023,223.73
CUST01478,ORD8BCE5D65,11/3/2023,244.07
CUST01478,ORDAED697D0,11/15/2024,164.56
CUST01479,ORD1AD6A87B,11/24/2023,386.38
CUST01479,ORD9463EE21,2/6/2025,100.28
CUST01479,ORDBDF25F4E,12/25/2024,429
CUST01479,ORD6EB952C3,10/21/2023,71.19
CUST01479,ORD931880F4,9/8/2023,13.88
CUST01479,ORD98793246,6/24/2023,125.6
CUST01479,ORDF9944970,1/9/2024,466.62
CUST01479,ORD48B74867,2/2/2025,327.28
CUST01479,ORD60F59DE6,11/1/2023,154.5
CUST01479,ORD40C9A12F,10/15/2024,398.63
CUST01479,ORDE3808E1E,4/13/2025,136.72
CUST01479,ORD041C73CC,10/15/2024,160.58
CUST01479,ORD579F1C04,4/18/2025,451.38
CUST01479,ORD1F0F60DD,12/22/2024,158.75
CUST01480,ORD47C5CD0E,4/21/2024,345.52
CUST01480,ORDBB863668,3/20/2025,169.58
CUST01480,ORDB334332B,4/9/2024,302.67
CUST01480,ORD7434E6A3,10/28/2024,304.38
CUST01480,ORDE6E2AB5E,11/26/2024,169.87
CUST01480,ORDE12A4ADC,12/12/2024,57.23
CUST01480,ORDD877A848,12/18/2024,413.8
CUST01480,ORD6C133DEC,7/15/2024,123.56
CUST01480,ORD09C289C8,6/21/2024,120.36
CUST01480,ORD2A8B107C,8/18/2024,12.99
CUST01481,ORD62B549F7,2/24/2025,485.03
CUST01481,ORD7EAB86A2,6/26/2024,150.86
CUST01481,ORD63DACB2A,4/6/2024,367.04
CUST01482,ORD93D0CA61,10/31/2023,59.8
CUST01482,ORDAA0DE368,4/8/2025,353.74
CUST01482,ORD20EA8F09,9/13/2024,432.31
CUST01482,ORD8DD15256,12/14/2023,302.01
CUST01482,ORD262554B4,8/28/2023,11.63
CUST01482,ORDA20BB6DD,8/26/2024,132.08
CUST01482,ORDCF9DE8D0,2/23/2025,72.59
CUST01483,ORDE24FAAA8,3/6/2024,473.79
CUST01483,ORD342680BD,2/15/2024,465.95
CUST01483,ORD67BADCA8,5/20/2024,43.31
CUST01483,ORD863B7C07,4/15/2025,361.39
CUST01483,ORD8962E642,3/12/2024,241.43
CUST01483,ORDEF902D95,11/10/2024,462.34
CUST01484,ORDEBAFD66C,12/27/2023,320.32
CUST01484,ORD53007B29,6/18/2024,237.02
CUST01484,ORD6D014EE1,9/15/2023,86.96
CUST01484,ORDFEB64792,3/18/2025,388.48
CUST01484,ORDC3FF85DF,8/20/2023,272.68
CUST01485,ORDEAFC417C,8/13/2023,368.44
CUST01485,ORDE9F7F68B,3/1/2025,312.57
CUST01485,ORD6A4F2C4C,3/1/2024,282.29
CUST01485,ORDFEA22416,6/3/2024,359.06
CUST01485,ORD9EDFAEE8,12/26/2023,167.4
CUST01485,ORD1F9A4C54,12/9/2024,169.11
CUST01485,ORD1B6C04C1,12/31/2024,98.66
CUST01485,ORD0C6E847D,10/22/2023,337.61
CUST01485,ORDC998965D,12/11/2023,93.45
CUST01485,ORD104C55E9,11/7/2023,422.43
CUST01485,ORDDD88AA0D,11/29/2023,78.57
CUST01485,ORD1AC564C3,7/28/2024,431.02
CUST01485,ORD5F362980,8/26/2024,59.69
CUST01485,ORDBCC7D3EB,12/27/2023,66.67
CUST01485,ORD6EF76683,4/29/2024,256.15
CUST01485,ORD0BB241A8,1/29/2024,249.73
CUST01485,ORD7760EAF3,8/7/2023,311.32
CUST01485,ORD90ACBDE0,1/14/2024,229.83
CUST01486,ORD7AF22962,11/29/2024,174.63
CUST01486,ORDCDE6BA77,12/24/2024,35.59
CUST01487,ORD22B4312A,5/8/2024,188
CUST01487,ORD49B3F430,1/4/2024,303.65
CUST01488,ORDF67B7BAB,8/3/2023,229.64
CUST01488,ORD821ECC1A,9/26/2023,160.56
CUST01488,ORD55FFC8DE,4/20/2024,241.09
CUST01488,ORDA02B210F,2/19/2024,384.7
CUST01488,ORD539C40CA,10/8/2023,322.93
CUST01488,ORD27F1DC83,5/27/2024,184.74
CUST01488,ORD24DAD063,12/29/2023,79.16
CUST01488,ORD070B889E,4/11/2024,224.8
CUST01488,ORD7B2871A0,12/30/2024,269.17
CUST01489,ORDD0DE51AC,5/12/2024,64.95
CUST01489,ORD12A8ABC3,6/10/2024,396.84
CUST01489,ORD24375C7F,4/23/2025,236.01
CUST01489,ORDC0833889,12/11/2024,184.64
CUST01489,ORD96899F0C,3/26/2025,157.14
CUST01489,ORDE829C43B,3/1/2025,404.83
CUST01489,ORD218CE471,9/24/2024,289.83
CUST01489,ORD9F973496,6/23/2024,107.73
CUST01489,ORD4A5E34DC,9/15/2024,151.8
CUST01489,ORD717CC263,10/11/2024,451.64
CUST01490,ORD692AE3F1,10/19/2024,27.96
CUST01490,ORD68CADEC3,9/13/2024,123.37
CUST01490,ORDF888EEBC,5/24/2024,260.17
CUST01490,ORD82E3DF56,2/8/2025,24.84
CUST01490,ORD708FE860,10/13/2024,105.67
CUST01490,ORDFA8DC8D2,6/12/2024,269.63
CUST01490,ORDD827CD7E,6/8/2024,216.43
CUST01491,ORDD75F5073,3/23/2025,347.31
CUST01491,ORD2DCD9AD3,2/16/2025,127.43
CUST01491,ORDD8444169,10/6/2024,325.71
CUST01492,ORD92022047,9/8/2024,490.4
CUST01492,ORDA6ACC7B1,12/4/2023,219.29
CUST01492,ORD7A1184EA,5/26/2024,28.34
CUST01492,ORDADC4BA3F,11/2/2024,242.47
CUST01492,ORD6568AF3D,11/5/2024,272.12
CUST01492,ORD02233D15,9/29/2023,95.79
CUST01492,ORD2780E6CC,5/8/2024,457.67
CUST01492,ORD2AB82DF8,10/13/2024,43.48
CUST01492,ORDC3150852,2/13/2024,399.26
CUST01492,ORDF421D01C,12/24/2024,245.16
CUST01492,ORDFEA0205B,4/17/2024,242.86
CUST01492,ORD1A9D4D51,7/29/2024,14.72
CUST01492,ORDA81030DA,4/24/2024,415.33
CUST01492,ORD883DDC7C,12/10/2023,223.05
CUST01492,ORDA2039BF9,2/17/2024,164.83
CUST01492,ORDB27A4FB4,6/7/2024,40.67
CUST01492,ORD4E919BB3,1/28/2025,98.95
CUST01492,ORD9703494D,8/19/2024,228.13
CUST01492,ORDB7B23DFB,10/22/2023,159.81
CUST01492,ORD6FAC3142,10/14/2024,170.09
CUST01493,ORD0B5CF888,10/22/2024,464.03
CUST01493,ORD1F2BA2BA,9/6/2024,367.18
CUST01493,ORDE08B08DF,11/26/2024,246.49
CUST01493,ORD4DAFC779,3/13/2025,404.83
CUST01493,ORDA0F29098,3/15/2024,260.81
CUST01493,ORD27B6BE1D,11/25/2024,59.75
CUST01493,ORDDE4A4325,4/22/2025,286.62
CUST01494,ORD0C9DF4BD,10/29/2023,184.56
CUST01494,ORDF3FF95D2,4/2/2024,345.92
CUST01494,ORDF215FCCD,3/20/2025,102.12
CUST01494,ORDB79F5619,6/1/2024,146.82
CUST01495,ORD541684A5,3/26/2024,253.32
CUST01495,ORD014DE9BD,12/2/2024,370.26
CUST01495,ORDAA49C7ED,12/10/2024,226.92
CUST01495,ORDF6DC71DB,9/4/2024,195.66
CUST01495,ORD3994DB83,3/1/2024,89.67
CUST01495,ORD7948E7C9,11/18/2024,406.45
CUST01495,ORD24E28FA8,3/2/2024,298.54
CUST01495,ORD8DD15109,8/12/2024,42
CUST01495,ORD5EFB01E8,3/3/2024,162.09
CUST01495,ORD272FAFC6,2/21/2025,112.85
CUST01495,ORD5D6178A1,2/23/2025,204.07
CUST01495,ORD1914BA8B,4/7/2025,297.95
CUST01495,ORD1ACD92AB,12/29/2023,292.04
CUST01496,ORD9DA2D0F5,4/29/2024,318.26
CUST01496,ORD920C3C46,7/6/2023,220.71
CUST01496,ORD879D0D15,5/1/2024,486.12
CUST01496,ORD273EB118,6/12/2024,177.31
CUST01496,ORD4573C29C,3/3/2025,308.7
CUST01496,ORD26BB1E31,9/28/2024,291.81
CUST01496,ORD10B83EBE,6/1/2024,397.25
CUST01496,ORD81930C9C,9/2/2024,347.85
CUST01496,ORD68193496,7/21/2024,64.96
CUST01496,ORD5AD3FB71,10/2/2023,270.81
CUST01496,ORD7250607B,11/25/2024,281.51
CUST01496,ORDC4604D0A,3/7/2025,245.05
CUST01496,ORD5875B8ED,11/1/2023,292.95
CUST01497,ORD9BDB940A,8/4/2024,453.9
CUST01497,ORD5521CC1D,2/18/2024,418
CUST01497,ORD119C863B,4/7/2024,345.04
CUST01497,ORDB6CFCFBD,10/17/2024,176.79
CUST01497,ORD69B54FF4,2/11/2025,56.65
CUST01497,ORDA5984139,11/30/2023,51.64
CUST01497,ORDE6E450F5,9/8/2023,301.28
CUST01497,ORD026AFBBD,4/27/2025,335.15
CUST01497,ORDA3528AB0,12/6/2023,152.35
CUST01497,ORDD7C0BFA4,6/4/2024,150.87
CUST01497,ORDDBDD35E1,7/20/2024,328.77
CUST01497,ORDAAECAD4B,8/17/2023,201.03
CUST01497,ORDCC065F9D,6/7/2024,370.7
CUST01497,ORDB5E906BF,8/25/2024,262.15
CUST01497,ORDE310B5B6,4/13/2025,263.18
CUST01497,ORDA3604720,11/19/2023,313.43
CUST01497,ORDB78C5A26,3/23/2025,470.19
CUST01497,ORDFDFCA411,3/4/2025,421.29
CUST01498,ORD2ED2B279,7/22/2024,364.86
CUST01498,ORDE7B25AB4,6/19/2024,295.59
CUST01498,ORDAF3092B1,1/24/2024,224.64
CUST01498,ORD3E02D69A,2/20/2024,284.91
CUST01498,ORDCEACAB77,2/23/2025,439.65
CUST01498,ORD74861000,9/3/2024,413.7
CUST01498,ORD3CD6E3D4,4/7/2024,446.02
CUST01498,ORD0B0F9B4F,3/26/2025,171.01
CUST01498,ORD1D1D4949,1/9/2025,357.89
CUST01498,ORD6BABB34B,1/4/2025,180.78
CUST01498,ORD296088A1,1/30/2024,264.75
CUST01498,ORD932F52C3,3/6/2024,473.27
CUST01498,ORD56AC346A,9/12/2024,373.53
CUST01498,ORD41568DC6,10/15/2023,422.87
CUST01498,ORD663CFDBA,5/7/2024,35.16
CUST01498,ORD7478D077,4/29/2024,80.3
CUST01498,ORDAFAB0B42,8/31/2024,226.14
CUST01498,ORD7DD60A11,7/4/2024,296.07
CUST01498,ORD971C3A66,1/16/2025,368.25
CUST01498,ORD7C9873C8,11/10/2023,308.51
CUST01499,ORDFAF5652B,5/30/2024,411.8
CUST01499,ORD8A0E6201,5/5/2024,156.63
CUST01499,ORD94EB49EE,1/17/2025,274.82
CUST01500,ORD8FD416A6,1/21/2025,454.58
CUST01500,ORD6608625E,12/20/2024,231.41
CUST01500,ORD4DA63B0A,1/12/2025,50.16
CUST01500,ORDF64612B4,7/1/2024,17.05
CUST01500,ORD872BB89B,11/6/2024,170.8
CUST01500,ORDABBDA22F,9/24/2024,294.49
CUST01500,ORD9F24538B,4/20/2025,156.63
CUST01500,ORD890F18B3,2/19/2025,483.09
CUST01500,ORD058EC0EF,2/12/2025,463.47
CUST01500,ORDA491CDFD,4/6/2024,407.33
CUST01500,ORD77D6EA9A,10/7/2024,397.05
CUST01500,ORD2A2E8065,12/23/2024,399.45
CUST01500,ORDC41FBA12,4/5/2025,110.99
CUST01500,ORDD3B10B6B,4/15/2025,253.21
CUST01500,ORDEA70D685,2/16/2025,438.19
CUST01500,ORD5EA16752,10/20/2024,266.31
CUST01500,ORDA22B0C36,12/27/2024,201.7
CUST01500,ORD11B829BB,8/24/2024,266.45
CUST01500,ORDEB5AB665,1/23/2025,50.67
CUST01500,ORD7276D60F,9/30/2024,365.8
